{
	"credit": "Made with Blockbench",
	"textures": {
		"1": "item/Sturm"
	},
	"elements": [
		{
			"from": [7.2, 9.3, 13.3],
			"to": [8.2, 10.3, 18.8],
			"faces": {
				"north": {"uv": [0, 0, 9, 6.5], "texture": "#1"},
				"east": {"uv": [0, 0, 9, 6.5], "texture": "#1"},
				"south": {"uv": [0, 0, 9, 6.5], "texture": "#1"},
				"west": {"uv": [0, 0, 9, 6.5], "texture": "#1"},
				"up": {"uv": [0, 0, 9, 6.5], "texture": "#1"},
				"down": {"uv": [0, 0, 9, 6.5], "texture": "#1"}
			}
		},
		{
			"from": [7.2, 9.1, 13.3],
			"to": [8.2, 9.3, 18.8],
			"faces": {
				"north": {"uv": [0, 0, 9, 6.5], "texture": "#1"},
				"east": {"uv": [0, 0, 9, 6.5], "texture": "#1"},
				"south": {"uv": [0, 0, 9, 6.5], "texture": "#1"},
				"west": {"uv": [0, 0, 9, 6.5], "texture": "#1"},
				"up": {"uv": [0, 0, 9, 6.5], "texture": "#1"},
				"down": {"uv": [0, 0, 9, 6.5], "texture": "#1"}
			}
		},
		{
			"from": [7.2, 8.9, 13.3],
			"to": [8.2, 9.1, 18.7],
			"faces": {
				"north": {"uv": [0, 0, 9, 6.5], "texture": "#1"},
				"east": {"uv": [0, 0, 9, 6.5], "texture": "#1"},
				"south": {"uv": [0, 0, 9, 6.5], "texture": "#1"},
				"west": {"uv": [0, 0, 9, 6.5], "texture": "#1"},
				"up": {"uv": [0, 0, 9, 6.5], "texture": "#1"},
				"down": {"uv": [0, 0, 9, 6.5], "texture": "#1"}
			}
		},
		{
			"from": [7.2, 8.7, 13.3],
			"to": [8.2, 8.9, 18.7],
			"faces": {
				"north": {"uv": [0, 0, 9, 6.5], "texture": "#1"},
				"east": {"uv": [0, 0, 9, 6.5], "texture": "#1"},
				"south": {"uv": [0, 0, 9, 6.5], "texture": "#1"},
				"west": {"uv": [0, 0, 9, 6.5], "texture": "#1"},
				"up": {"uv": [0, 0, 9, 6.5], "texture": "#1"},
				"down": {"uv": [0, 0, 9, 6.5], "texture": "#1"}
			}
		},
		{
			"from": [7.2, 8.6, 14.3],
			"to": [8.2, 8.7, 18.7],
			"faces": {
				"north": {"uv": [0, 0, 9, 6.5], "texture": "#1"},
				"east": {"uv": [0, 0, 9, 6.5], "texture": "#1"},
				"south": {"uv": [0, 0, 9, 6.5], "texture": "#1"},
				"west": {"uv": [0, 0, 9, 6.5], "texture": "#1"},
				"up": {"uv": [0, 0, 9, 6.5], "texture": "#1"},
				"down": {"uv": [0, 0, 9, 6.5], "texture": "#1"}
			}
		},
		{
			"from": [7.2, 8.5, 16.3],
			"to": [8.2, 8.6, 18.7],
			"faces": {
				"north": {"uv": [0, 0, 9, 6.5], "texture": "#1"},
				"east": {"uv": [0, 0, 9, 6.5], "texture": "#1"},
				"south": {"uv": [0, 0, 9, 6.5], "texture": "#1"},
				"west": {"uv": [0, 0, 9, 6.5], "texture": "#1"},
				"up": {"uv": [0, 0, 9, 6.5], "texture": "#1"},
				"down": {"uv": [0, 0, 9, 6.5], "texture": "#1"}
			}
		},
		{
			"from": [7.2, 8.5, 14.4],
			"to": [8.2, 8.6, 16],
			"faces": {
				"north": {"uv": [0, 0, 9, 6.5], "texture": "#1"},
				"east": {"uv": [0, 0, 9, 6.5], "texture": "#1"},
				"south": {"uv": [0, 0, 9, 6.5], "texture": "#1"},
				"west": {"uv": [0, 0, 9, 6.5], "texture": "#1"},
				"up": {"uv": [0, 0, 9, 6.5], "texture": "#1"},
				"down": {"uv": [0, 0, 9, 6.5], "texture": "#1"}
			}
		},
		{
			"from": [7.2, 8.4, 17],
			"to": [8.2, 8.5, 18.7],
			"faces": {
				"north": {"uv": [0, 0, 9, 6.5], "texture": "#1"},
				"east": {"uv": [0, 0, 9, 6.5], "texture": "#1"},
				"south": {"uv": [0, 0, 9, 6.5], "texture": "#1"},
				"west": {"uv": [0, 0, 9, 6.5], "texture": "#1"},
				"up": {"uv": [0, 0, 9, 6.5], "texture": "#1"},
				"down": {"uv": [0, 0, 9, 6.5], "texture": "#1"}
			}
		},
		{
			"from": [7.2, 8.1, 15],
			"to": [8.2, 8.5, 16],
			"faces": {
				"north": {"uv": [0, 0, 9, 6.5], "texture": "#1"},
				"east": {"uv": [0, 0, 9, 6.5], "texture": "#1"},
				"south": {"uv": [0, 0, 9, 6.5], "texture": "#1"},
				"west": {"uv": [0, 0, 9, 6.5], "texture": "#1"},
				"up": {"uv": [0, 0, 9, 6.5], "texture": "#1"},
				"down": {"uv": [0, 0, 9, 6.5], "texture": "#1"}
			}
		},
		{
			"from": [7.2, 8, 15],
			"to": [8.2, 8.1, 16],
			"faces": {
				"north": {"uv": [0, 0, 9, 6.5], "texture": "#1"},
				"east": {"uv": [0, 0, 9, 6.5], "texture": "#1"},
				"south": {"uv": [0, 0, 9, 6.5], "texture": "#1"},
				"west": {"uv": [0, 0, 9, 6.5], "texture": "#1"},
				"up": {"uv": [0, 0, 9, 6.5], "texture": "#1"},
				"down": {"uv": [0, 0, 9, 6.5], "texture": "#1"}
			}
		},
		{
			"from": [7.2, 7.9, 15.2],
			"to": [8.2, 8, 16],
			"faces": {
				"north": {"uv": [0, 0, 9, 6.5], "texture": "#1"},
				"east": {"uv": [0, 0, 9, 6.5], "texture": "#1"},
				"south": {"uv": [0, 0, 9, 6.5], "texture": "#1"},
				"west": {"uv": [0, 0, 9, 6.5], "texture": "#1"},
				"up": {"uv": [0, 0, 9, 6.5], "texture": "#1"},
				"down": {"uv": [0, 0, 9, 6.5], "texture": "#1"}
			}
		},
		{
			"from": [7.2, 7.8, 15.3],
			"to": [8.2, 7.9, 16],
			"faces": {
				"north": {"uv": [0, 0, 9, 6.5], "texture": "#1"},
				"east": {"uv": [0, 0, 9, 6.5], "texture": "#1"},
				"south": {"uv": [0, 0, 9, 6.5], "texture": "#1"},
				"west": {"uv": [0, 0, 9, 6.5], "texture": "#1"},
				"up": {"uv": [0, 0, 9, 6.5], "texture": "#1"},
				"down": {"uv": [0, 0, 9, 6.5], "texture": "#1"}
			}
		},
		{
			"from": [7.2, 7.7, 15.5],
			"to": [8.2, 7.8, 16],
			"faces": {
				"north": {"uv": [0, 0, 9, 6.5], "texture": "#1"},
				"east": {"uv": [0, 0, 9, 6.5], "texture": "#1"},
				"south": {"uv": [0, 0, 9, 6.5], "texture": "#1"},
				"west": {"uv": [0, 0, 9, 6.5], "texture": "#1"},
				"up": {"uv": [0, 0, 9, 6.5], "texture": "#1"},
				"down": {"uv": [0, 0, 9, 6.5], "texture": "#1"}
			}
		},
		{
			"from": [7.2, 7.6, 15.6],
			"to": [8.2, 7.7, 16],
			"faces": {
				"north": {"uv": [0, 0, 9, 6.5], "texture": "#1"},
				"east": {"uv": [0, 0, 9, 6.5], "texture": "#1"},
				"south": {"uv": [0, 0, 9, 6.5], "texture": "#1"},
				"west": {"uv": [0, 0, 9, 6.5], "texture": "#1"},
				"up": {"uv": [0, 0, 9, 6.5], "texture": "#1"},
				"down": {"uv": [0, 0, 9, 6.5], "texture": "#1"}
			}
		},
		{
			"from": [7.2, 7.5, 15.8],
			"to": [8.2, 7.6, 16.1],
			"faces": {
				"north": {"uv": [0, 0, 9, 6.5], "texture": "#1"},
				"east": {"uv": [0, 0, 9, 6.5], "texture": "#1"},
				"south": {"uv": [0, 0, 9, 6.5], "texture": "#1"},
				"west": {"uv": [0, 0, 9, 6.5], "texture": "#1"},
				"up": {"uv": [0, 0, 9, 6.5], "texture": "#1"},
				"down": {"uv": [0, 0, 9, 6.5], "texture": "#1"}
			}
		},
		{
			"from": [7.2, 7.4, 16],
			"to": [8.2, 7.5, 16.3],
			"faces": {
				"north": {"uv": [0, 0, 9, 6.5], "texture": "#1"},
				"east": {"uv": [0, 0, 9, 6.5], "texture": "#1"},
				"south": {"uv": [0, 0, 9, 6.5], "texture": "#1"},
				"west": {"uv": [0, 0, 9, 6.5], "texture": "#1"},
				"up": {"uv": [0, 0, 9, 6.5], "texture": "#1"},
				"down": {"uv": [0, 0, 9, 6.5], "texture": "#1"}
			}
		},
		{
			"from": [7.2, 7.3, 16.2],
			"to": [8.2, 7.4, 16.5],
			"faces": {
				"north": {"uv": [0, 0, 9, 6.5], "texture": "#1"},
				"east": {"uv": [0, 0, 9, 6.5], "texture": "#1"},
				"south": {"uv": [0, 0, 9, 6.5], "texture": "#1"},
				"west": {"uv": [0, 0, 9, 6.5], "texture": "#1"},
				"up": {"uv": [0, 0, 9, 6.5], "texture": "#1"},
				"down": {"uv": [0, 0, 9, 6.5], "texture": "#1"}
			}
		},
		{
			"from": [7.2, 7.3, 17.7],
			"to": [8.2, 7.4, 18.6],
			"faces": {
				"north": {"uv": [0, 0, 9, 6.5], "texture": "#1"},
				"east": {"uv": [0, 0, 9, 6.5], "texture": "#1"},
				"south": {"uv": [0, 0, 9, 6.5], "texture": "#1"},
				"west": {"uv": [0, 0, 9, 6.5], "texture": "#1"},
				"up": {"uv": [0, 0, 9, 6.5], "texture": "#1"},
				"down": {"uv": [0, 0, 9, 6.5], "texture": "#1"}
			}
		},
		{
			"from": [7.2, 7.4, 17.8],
			"to": [8.2, 7.5, 18.6],
			"faces": {
				"north": {"uv": [0, 0, 9, 6.5], "texture": "#1"},
				"east": {"uv": [0, 0, 9, 6.5], "texture": "#1"},
				"south": {"uv": [0, 0, 9, 6.5], "texture": "#1"},
				"west": {"uv": [0, 0, 9, 6.5], "texture": "#1"},
				"up": {"uv": [0, 0, 9, 6.5], "texture": "#1"},
				"down": {"uv": [0, 0, 9, 6.5], "texture": "#1"}
			}
		},
		{
			"from": [7.2, 7.2, 16.4],
			"to": [8.2, 7.3, 18.6],
			"faces": {
				"north": {"uv": [0, 0, 9, 6.5], "texture": "#1"},
				"east": {"uv": [0, 0, 9, 6.5], "texture": "#1"},
				"south": {"uv": [0, 0, 9, 6.5], "texture": "#1"},
				"west": {"uv": [0, 0, 9, 6.5], "texture": "#1"},
				"up": {"uv": [0, 0, 9, 6.5], "texture": "#1"},
				"down": {"uv": [0, 0, 9, 6.5], "texture": "#1"}
			}
		},
		{
			"from": [7.2, 7.1, 16.5],
			"to": [8.2, 7.2, 18.5],
			"faces": {
				"north": {"uv": [0, 0, 9, 6.5], "texture": "#1"},
				"east": {"uv": [0, 0, 9, 6.5], "texture": "#1"},
				"south": {"uv": [0, 0, 9, 6.5], "texture": "#1"},
				"west": {"uv": [0, 0, 9, 6.5], "texture": "#1"},
				"up": {"uv": [0, 0, 9, 6.5], "texture": "#1"},
				"down": {"uv": [0, 0, 9, 6.5], "texture": "#1"}
			}
		},
		{
			"from": [7.2, 7, 17.9],
			"to": [8.2, 7.1, 18.5],
			"faces": {
				"north": {"uv": [0, 0, 9, 6.5], "texture": "#1"},
				"east": {"uv": [0, 0, 9, 6.5], "texture": "#1"},
				"south": {"uv": [0, 0, 9, 6.5], "texture": "#1"},
				"west": {"uv": [0, 0, 9, 6.5], "texture": "#1"},
				"up": {"uv": [0, 0, 9, 6.5], "texture": "#1"},
				"down": {"uv": [0, 0, 9, 6.5], "texture": "#1"}
			}
		},
		{
			"from": [7.2, 7, 16.5],
			"to": [8.2, 7.1, 16.9],
			"faces": {
				"north": {"uv": [0, 0, 9, 6.5], "texture": "#1"},
				"east": {"uv": [0, 0, 9, 6.5], "texture": "#1"},
				"south": {"uv": [0, 0, 9, 6.5], "texture": "#1"},
				"west": {"uv": [0, 0, 9, 6.5], "texture": "#1"},
				"up": {"uv": [0, 0, 9, 6.5], "texture": "#1"},
				"down": {"uv": [0, 0, 9, 6.5], "texture": "#1"}
			}
		},
		{
			"from": [7.2, 6.9, 16.6],
			"to": [8.2, 7, 16.9],
			"faces": {
				"north": {"uv": [0, 0, 9, 6.5], "texture": "#1"},
				"east": {"uv": [0, 0, 9, 6.5], "texture": "#1"},
				"south": {"uv": [0, 0, 9, 6.5], "texture": "#1"},
				"west": {"uv": [0, 0, 9, 6.5], "texture": "#1"},
				"up": {"uv": [0, 0, 9, 6.5], "texture": "#1"},
				"down": {"uv": [0, 0, 9, 6.5], "texture": "#1"}
			}
		},
		{
			"from": [7.2, 6.9, 17.9],
			"to": [8.2, 7, 18.5],
			"faces": {
				"north": {"uv": [0, 0, 9, 6.5], "texture": "#1"},
				"east": {"uv": [0, 0, 9, 6.5], "texture": "#1"},
				"south": {"uv": [0, 0, 9, 6.5], "texture": "#1"},
				"west": {"uv": [0, 0, 9, 6.5], "texture": "#1"},
				"up": {"uv": [0, 0, 9, 6.5], "texture": "#1"},
				"down": {"uv": [0, 0, 9, 6.5], "texture": "#1"}
			}
		},
		{
			"from": [7.2, 6.7, 17.7],
			"to": [8.2, 6.8, 18.5],
			"faces": {
				"north": {"uv": [0, 0, 9, 6.5], "texture": "#1"},
				"east": {"uv": [0, 0, 9, 6.5], "texture": "#1"},
				"south": {"uv": [0, 0, 9, 6.5], "texture": "#1"},
				"west": {"uv": [0, 0, 9, 6.5], "texture": "#1"},
				"up": {"uv": [0, 0, 9, 6.5], "texture": "#1"},
				"down": {"uv": [0, 0, 9, 6.5], "texture": "#1"}
			}
		},
		{
			"from": [7.2, 6.6, 17.8],
			"to": [8.2, 6.7, 18.5],
			"faces": {
				"north": {"uv": [0, 0, 9, 6.5], "texture": "#1"},
				"east": {"uv": [0, 0, 9, 6.5], "texture": "#1"},
				"south": {"uv": [0, 0, 9, 6.5], "texture": "#1"},
				"west": {"uv": [0, 0, 9, 6.5], "texture": "#1"},
				"up": {"uv": [0, 0, 9, 6.5], "texture": "#1"},
				"down": {"uv": [0, 0, 9, 6.5], "texture": "#1"}
			}
		},
		{
			"from": [7.2, 6.5, 17.8],
			"to": [8.2, 6.6, 18.5],
			"faces": {
				"north": {"uv": [0, 0, 9, 6.5], "texture": "#1"},
				"east": {"uv": [0, 0, 9, 6.5], "texture": "#1"},
				"south": {"uv": [0, 0, 9, 6.5], "texture": "#1"},
				"west": {"uv": [0, 0, 9, 6.5], "texture": "#1"},
				"up": {"uv": [0, 0, 9, 6.5], "texture": "#1"},
				"down": {"uv": [0, 0, 9, 6.5], "texture": "#1"}
			}
		},
		{
			"from": [7.2, 6.4, 17.8],
			"to": [8.2, 6.5, 18.4],
			"faces": {
				"north": {"uv": [0, 0, 9, 6.5], "texture": "#1"},
				"east": {"uv": [0, 0, 9, 6.5], "texture": "#1"},
				"south": {"uv": [0, 0, 9, 6.5], "texture": "#1"},
				"west": {"uv": [0, 0, 9, 6.5], "texture": "#1"},
				"up": {"uv": [0, 0, 9, 6.5], "texture": "#1"},
				"down": {"uv": [0, 0, 9, 6.5], "texture": "#1"}
			}
		},
		{
			"from": [7.2, 6.3, 18],
			"to": [8.2, 6.4, 18.4],
			"faces": {
				"north": {"uv": [0, 0, 9, 6.5], "texture": "#1"},
				"east": {"uv": [0, 0, 9, 6.5], "texture": "#1"},
				"south": {"uv": [0, 0, 9, 6.5], "texture": "#1"},
				"west": {"uv": [0, 0, 9, 6.5], "texture": "#1"},
				"up": {"uv": [0, 0, 9, 6.5], "texture": "#1"},
				"down": {"uv": [0, 0, 9, 6.5], "texture": "#1"}
			}
		},
		{
			"from": [7.2, 6.1, 18.1],
			"to": [8.2, 6.3, 18.4],
			"faces": {
				"north": {"uv": [0, 0, 9, 6.5], "texture": "#1"},
				"east": {"uv": [0, 0, 9, 6.5], "texture": "#1"},
				"south": {"uv": [0, 0, 9, 6.5], "texture": "#1"},
				"west": {"uv": [0, 0, 9, 6.5], "texture": "#1"},
				"up": {"uv": [0, 0, 9, 6.5], "texture": "#1"},
				"down": {"uv": [0, 0, 9, 6.5], "texture": "#1"}
			}
		},
		{
			"from": [7.2, 6.8, 16.7],
			"to": [8.2, 6.9, 18.5],
			"faces": {
				"north": {"uv": [0, 0, 9, 6.5], "texture": "#1"},
				"east": {"uv": [0, 0, 9, 6.5], "texture": "#1"},
				"south": {"uv": [0, 0, 9, 6.5], "texture": "#1"},
				"west": {"uv": [0, 0, 9, 6.5], "texture": "#1"},
				"up": {"uv": [0, 0, 9, 6.5], "texture": "#1"},
				"down": {"uv": [0, 0, 9, 6.5], "texture": "#1"}
			}
		},
		{
			"from": [7.2, 8.4, 14.5],
			"to": [8.2, 8.5, 15],
			"faces": {
				"north": {"uv": [0, 0, 9, 6.5], "texture": "#1"},
				"east": {"uv": [0, 0, 9, 6.5], "texture": "#1"},
				"south": {"uv": [0, 0, 9, 6.5], "texture": "#1"},
				"west": {"uv": [0, 0, 9, 6.5], "texture": "#1"},
				"up": {"uv": [0, 0, 9, 6.5], "texture": "#1"},
				"down": {"uv": [0, 0, 9, 6.5], "texture": "#1"}
			}
		},
		{
			"from": [7.2, 8.3, 14.6],
			"to": [8.2, 8.4, 15],
			"faces": {
				"north": {"uv": [0, 0, 9, 6.5], "texture": "#1"},
				"east": {"uv": [0, 0, 9, 6.5], "texture": "#1"},
				"south": {"uv": [0, 0, 9, 6.5], "texture": "#1"},
				"west": {"uv": [0, 0, 9, 6.5], "texture": "#1"},
				"up": {"uv": [0, 0, 9, 6.5], "texture": "#1"},
				"down": {"uv": [0, 0, 9, 6.5], "texture": "#1"}
			}
		},
		{
			"from": [7.2, 8.2, 14.7],
			"to": [8.2, 8.3, 15],
			"faces": {
				"north": {"uv": [0, 0, 9, 6.5], "texture": "#1"},
				"east": {"uv": [0, 0, 9, 6.5], "texture": "#1"},
				"south": {"uv": [0, 0, 9, 6.5], "texture": "#1"},
				"west": {"uv": [0, 0, 9, 6.5], "texture": "#1"},
				"up": {"uv": [0, 0, 9, 6.5], "texture": "#1"},
				"down": {"uv": [0, 0, 9, 6.5], "texture": "#1"}
			}
		},
		{
			"from": [7.2, 8.1, 14.9],
			"to": [8.2, 8.2, 15],
			"faces": {
				"north": {"uv": [0, 0, 9, 6.5], "texture": "#1"},
				"east": {"uv": [0, 0, 9, 6.5], "texture": "#1"},
				"south": {"uv": [0, 0, 9, 6.5], "texture": "#1"},
				"west": {"uv": [0, 0, 9, 6.5], "texture": "#1"},
				"up": {"uv": [0, 0, 9, 6.5], "texture": "#1"},
				"down": {"uv": [0, 0, 9, 6.5], "texture": "#1"}
			}
		},
		{
			"from": [7.2, 8.3, 17.4],
			"to": [8.2, 8.4, 18.7],
			"faces": {
				"north": {"uv": [0, 0, 9, 6.5], "texture": "#1"},
				"east": {"uv": [0, 0, 9, 6.5], "texture": "#1"},
				"south": {"uv": [0, 0, 9, 6.5], "texture": "#1"},
				"west": {"uv": [0, 0, 9, 6.5], "texture": "#1"},
				"up": {"uv": [0, 0, 9, 6.5], "texture": "#1"},
				"down": {"uv": [0, 0, 9, 6.5], "texture": "#1"}
			}
		},
		{
			"from": [7.2, 8.2, 17.7],
			"to": [8.2, 8.3, 18.7],
			"faces": {
				"north": {"uv": [0, 0, 9, 6.5], "texture": "#1"},
				"east": {"uv": [0, 0, 9, 6.5], "texture": "#1"},
				"south": {"uv": [0, 0, 9, 6.5], "texture": "#1"},
				"west": {"uv": [0, 0, 9, 6.5], "texture": "#1"},
				"up": {"uv": [0, 0, 9, 6.5], "texture": "#1"},
				"down": {"uv": [0, 0, 9, 6.5], "texture": "#1"}
			}
		},
		{
			"from": [7.2, 8.1, 17.8],
			"to": [8.2, 8.2, 18.7],
			"faces": {
				"north": {"uv": [0, 0, 9, 6.5], "texture": "#1"},
				"east": {"uv": [0, 0, 9, 6.5], "texture": "#1"},
				"south": {"uv": [0, 0, 9, 6.5], "texture": "#1"},
				"west": {"uv": [0, 0, 9, 6.5], "texture": "#1"},
				"up": {"uv": [0, 0, 9, 6.5], "texture": "#1"},
				"down": {"uv": [0, 0, 9, 6.5], "texture": "#1"}
			}
		},
		{
			"from": [7.2, 7.5, 17.8],
			"to": [8.2, 8.1, 18.6],
			"faces": {
				"north": {"uv": [0, 0, 9, 6.5], "texture": "#1"},
				"east": {"uv": [0, 0, 9, 6.5], "texture": "#1"},
				"south": {"uv": [0, 0, 9, 6.5], "texture": "#1"},
				"west": {"uv": [0, 0, 9, 6.5], "texture": "#1"},
				"up": {"uv": [0, 0, 9, 6.5], "texture": "#1"},
				"down": {"uv": [0, 0, 9, 6.5], "texture": "#1"}
			}
		},
		{
			"from": [7.2, 9.4, 2.4],
			"to": [8.2, 10.55, 2.7],
			"rotation": {"angle": 0, "axis": "x", "origin": [0.5, 8.2, 19]},
			"faces": {
				"north": {"uv": [0, 0, 9, 6.5], "texture": "#1"},
				"east": {"uv": [0, 0, 9, 6.5], "texture": "#1"},
				"south": {"uv": [0, 0, 9, 6.5], "texture": "#1"},
				"west": {"uv": [0, 0, 9, 6.5], "texture": "#1"},
				"up": {"uv": [0, 0, 9, 6.5], "texture": "#1"},
				"down": {"uv": [0, 0, 9, 6.5], "texture": "#1"}
			}
		},
		{
			"from": [7.2, 9.4, 0],
			"to": [8.2, 10.55, 0.3],
			"rotation": {"angle": 0, "axis": "x", "origin": [0.5, 8.2, 19]},
			"faces": {
				"north": {"uv": [0, 0, 9, 6.5], "texture": "#1"},
				"east": {"uv": [0, 0, 9, 6.5], "texture": "#1"},
				"south": {"uv": [0, 0, 9, 6.5], "texture": "#1"},
				"west": {"uv": [0, 0, 9, 6.5], "texture": "#1"},
				"up": {"uv": [0, 0, 9, 6.5], "texture": "#1"},
				"down": {"uv": [0, 0, 9, 6.5], "texture": "#1"}
			}
		},
		{
			"from": [7.2, 9.4, -1.3],
			"to": [8.2, 10.55, -1],
			"rotation": {"angle": 0, "axis": "x", "origin": [0.5, 8.2, 19]},
			"faces": {
				"north": {"uv": [0, 0, 9, 6.5], "texture": "#1"},
				"east": {"uv": [0, 0, 9, 6.5], "texture": "#1"},
				"south": {"uv": [0, 0, 9, 6.5], "texture": "#1"},
				"west": {"uv": [0, 0, 9, 6.5], "texture": "#1"},
				"up": {"uv": [0, 0, 9, 6.5], "texture": "#1"},
				"down": {"uv": [0, 0, 9, 6.5], "texture": "#1"}
			}
		},
		{
			"from": [7.2, 9.4, 1.2],
			"to": [8.2, 10.55, 1.5],
			"rotation": {"angle": 0, "axis": "x", "origin": [0.5, 8.2, 19]},
			"faces": {
				"north": {"uv": [0, 0, 9, 6.5], "texture": "#1"},
				"east": {"uv": [0, 0, 9, 6.5], "texture": "#1"},
				"south": {"uv": [0, 0, 9, 6.5], "texture": "#1"},
				"west": {"uv": [0, 0, 9, 6.5], "texture": "#1"},
				"up": {"uv": [0, 0, 9, 6.5], "texture": "#1"},
				"down": {"uv": [0, 0, 9, 6.5], "texture": "#1"}
			}
		},
		{
			"from": [7.2, 9.4, 3.6],
			"to": [8.2, 10.55, 5],
			"rotation": {"angle": 0, "axis": "x", "origin": [0.5, 8.2, 19]},
			"faces": {
				"north": {"uv": [0, 0, 9, 6.5], "texture": "#1"},
				"east": {"uv": [0, 0, 9, 6.5], "texture": "#1"},
				"south": {"uv": [0, 0, 9, 6.5], "texture": "#1"},
				"west": {"uv": [0, 0, 9, 6.5], "texture": "#1"},
				"up": {"uv": [0, 0, 9, 6.5], "texture": "#1"},
				"down": {"uv": [0, 0, 9, 6.5], "texture": "#1"}
			}
		},
		{
			"from": [7.2, 9.5, -2.2],
			"to": [8.2, 10.35, 3.6],
			"rotation": {"angle": 0, "axis": "x", "origin": [0.5, 8.2, 19]},
			"faces": {
				"north": {"uv": [0, 0, 9, 6.5], "texture": "#1"},
				"east": {"uv": [0, 0, 9, 6.5], "texture": "#1"},
				"south": {"uv": [0, 0, 9, 6.5], "texture": "#1"},
				"west": {"uv": [0, 0, 9, 6.5], "texture": "#1"},
				"up": {"uv": [0, 0, 9, 6.5], "texture": "#1"},
				"down": {"uv": [0, 0, 9, 6.5], "texture": "#1"}
			}
		},
		{
			"from": [7.2, 9.25, -2.75],
			"to": [8.2, 9.4, 5.05],
			"rotation": {"angle": 0, "axis": "x", "origin": [0.5, 8.2, 19]},
			"faces": {
				"north": {"uv": [0, 0, 9, 6.5], "texture": "#1"},
				"east": {"uv": [0, 0, 9, 6.5], "texture": "#1"},
				"south": {"uv": [0, 0, 9, 6.5], "texture": "#1"},
				"west": {"uv": [0, 0, 9, 6.5], "texture": "#1"},
				"up": {"uv": [0, 0, 9, 6.5], "texture": "#1"},
				"down": {"uv": [0, 0, 9, 6.5], "texture": "#1"}
			}
		},
		{
			"from": [7.2, 10.65, -2.75],
			"to": [8.2, 10.8, 5.05],
			"rotation": {"angle": 0, "axis": "x", "origin": [0.5, 8.2, 19]},
			"faces": {
				"north": {"uv": [0, 0, 9, 6.5], "texture": "#1"},
				"east": {"uv": [0, 0, 9, 6.5], "texture": "#1"},
				"south": {"uv": [0, 0, 9, 6.5], "texture": "#1"},
				"west": {"uv": [0, 0, 9, 6.5], "texture": "#1"},
				"up": {"uv": [0, 0, 9, 6.5], "texture": "#1"},
				"down": {"uv": [0, 0, 9, 6.5], "texture": "#1"}
			}
		},
		{
			"from": [7.2, 10.5, -2.8],
			"to": [8.2, 10.65, 5],
			"rotation": {"angle": 0, "axis": "x", "origin": [0.5, 8.2, 19]},
			"faces": {
				"north": {"uv": [0, 0, 9, 6.5], "texture": "#1"},
				"east": {"uv": [0, 0, 9, 6.5], "texture": "#1"},
				"south": {"uv": [0, 0, 9, 6.5], "texture": "#1"},
				"west": {"uv": [0, 0, 9, 6.5], "texture": "#1"},
				"up": {"uv": [0, 0, 9, 6.5], "texture": "#1"},
				"down": {"uv": [0, 0, 9, 6.5], "texture": "#1"}
			}
		},
		{
			"from": [7.2, 9.3, -2.8],
			"to": [8.2, 10.55, -2.2],
			"rotation": {"angle": 0, "axis": "x", "origin": [0.5, 8.2, 19]},
			"faces": {
				"north": {"uv": [0, 0, 9, 6.5], "texture": "#1"},
				"east": {"uv": [0, 0, 9, 6.5], "texture": "#1"},
				"south": {"uv": [0, 0, 9, 6.5], "texture": "#1"},
				"west": {"uv": [0, 0, 9, 6.5], "texture": "#1"},
				"up": {"uv": [0, 0, 9, 6.5], "texture": "#1"},
				"down": {"uv": [0, 0, 9, 6.5], "texture": "#1"}
			}
		},
		{
			"from": [7.2, 9.1, 18.8],
			"to": [8.2, 10.3, 19.1],
			"rotation": {"angle": 0, "axis": "x", "origin": [0.5, 8.2, 19]},
			"faces": {
				"north": {"uv": [0.5, 8.5, 8, 14.5], "texture": "#1"},
				"east": {"uv": [0.5, 8.5, 8, 14.5], "texture": "#1"},
				"south": {"uv": [0.5, 8.5, 8, 14.5], "texture": "#1"},
				"west": {"uv": [0.5, 8.5, 8, 14.5], "texture": "#1"},
				"up": {"uv": [0.5, 8.5, 8, 14.5], "texture": "#1"},
				"down": {"uv": [0.5, 8.5, 8, 14.5], "texture": "#1"}
			}
		},
		{
			"from": [7.2, 9.3, 12.4],
			"to": [8.2, 10.3, 13.3],
			"rotation": {"angle": 0, "axis": "x", "origin": [0.5, 8.2, 19]},
			"faces": {
				"north": {"uv": [0.5, 8.5, 8, 14.5], "texture": "#1"},
				"east": {"uv": [0.5, 8.5, 8, 14.5], "texture": "#1"},
				"south": {"uv": [0.5, 8.5, 8, 14.5], "texture": "#1"},
				"west": {"uv": [0.5, 8.5, 8, 14.5], "texture": "#1"},
				"up": {"uv": [0.5, 8.5, 8, 14.5], "texture": "#1"},
				"down": {"uv": [0.5, 8.5, 8, 14.5], "texture": "#1"}
			}
		},
		{
			"from": [7.2, 9.3, 12],
			"to": [8.2, 10.4, 12.4],
			"rotation": {"angle": 0, "axis": "x", "origin": [0.5, 8.2, 19]},
			"faces": {
				"north": {"uv": [0.5, 8.5, 8, 14.5], "texture": "#1"},
				"east": {"uv": [0.5, 8.5, 8, 14.5], "texture": "#1"},
				"south": {"uv": [0.5, 8.5, 8, 14.5], "texture": "#1"},
				"west": {"uv": [0.5, 8.5, 8, 14.5], "texture": "#1"},
				"up": {"uv": [0.5, 8.5, 8, 14.5], "texture": "#1"},
				"down": {"uv": [0.5, 8.5, 8, 14.5], "texture": "#1"}
			}
		},
		{
			"from": [7.2, 9.3, 5],
			"to": [8.2, 10.4, 12],
			"rotation": {"angle": 0, "axis": "x", "origin": [0.5, 8.2, 19]},
			"faces": {
				"north": {"uv": [0.5, 8.5, 8, 14.5], "texture": "#1"},
				"east": {"uv": [0.5, 8.5, 8, 14.5], "texture": "#1"},
				"south": {"uv": [0.5, 8.5, 8, 14.5], "texture": "#1"},
				"west": {"uv": [0.5, 8.5, 8, 14.5], "texture": "#1"},
				"up": {"uv": [0.5, 8.5, 8, 14.5], "texture": "#1"},
				"down": {"uv": [0.5, 8.5, 8, 14.5], "texture": "#1"}
			}
		},
		{
			"from": [7.4, 9.8, -2.9],
			"to": [7.9, 10.4, 5],
			"rotation": {"angle": 0, "axis": "x", "origin": [0.5, 8.2, 19]},
			"faces": {
				"north": {"uv": [0.5, 8.5, 8, 14.5], "texture": "#1"},
				"east": {"uv": [0.5, 8.5, 8, 14.5], "texture": "#1"},
				"south": {"uv": [0.5, 8.5, 8, 14.5], "texture": "#1"},
				"west": {"uv": [0.5, 8.5, 8, 14.5], "texture": "#1"},
				"up": {"uv": [0.5, 8.5, 8, 14.5], "texture": "#1"},
				"down": {"uv": [0.5, 8.5, 8, 14.5], "texture": "#1"}
			}
		},
		{
			"from": [7.4, 9.7, -3.1],
			"to": [7.9, 10.5, -2.9],
			"rotation": {"angle": 0, "axis": "x", "origin": [0.5, 8.2, 19]},
			"faces": {
				"north": {"uv": [0.5, 8.5, 8, 14.5], "texture": "#1"},
				"east": {"uv": [0.5, 8.5, 8, 14.5], "texture": "#1"},
				"south": {"uv": [0.5, 8.5, 8, 14.5], "texture": "#1"},
				"west": {"uv": [0.5, 8.5, 8, 14.5], "texture": "#1"},
				"up": {"uv": [0.5, 8.5, 8, 14.5], "texture": "#1"},
				"down": {"uv": [0.5, 8.5, 8, 14.5], "texture": "#1"}
			}
		},
		{
			"from": [7.4, 9.6, -3.3],
			"to": [7.9, 10.6, -3.1],
			"rotation": {"angle": 0, "axis": "x", "origin": [0.5, 8.2, 19]},
			"faces": {
				"north": {"uv": [0.5, 8.5, 8, 14.5], "texture": "#1"},
				"east": {"uv": [0.5, 8.5, 8, 14.5], "texture": "#1"},
				"south": {"uv": [0.5, 8.5, 8, 14.5], "texture": "#1"},
				"west": {"uv": [0.5, 8.5, 8, 14.5], "texture": "#1"},
				"up": {"uv": [0.5, 8.5, 8, 14.5], "texture": "#1"},
				"down": {"uv": [0.5, 8.5, 8, 14.5], "texture": "#1"}
			}
		},
		{
			"from": [7.4, 9.7, -4.1],
			"to": [7.9, 10.5, -3.3],
			"rotation": {"angle": 0, "axis": "x", "origin": [0.5, 8.2, 19]},
			"faces": {
				"north": {"uv": [0.5, 8.5, 8, 14.5], "texture": "#1"},
				"east": {"uv": [0.5, 8.5, 8, 14.5], "texture": "#1"},
				"south": {"uv": [0.5, 8.5, 8, 14.5], "texture": "#1"},
				"west": {"uv": [0.5, 8.5, 8, 14.5], "texture": "#1"},
				"up": {"uv": [0.5, 8.5, 8, 14.5], "texture": "#1"},
				"down": {"uv": [0.5, 8.5, 8, 14.5], "texture": "#1"}
			}
		},
		{
			"from": [7.4, 10.3, -5.2],
			"to": [7.9, 10.5, -4.1],
			"rotation": {"angle": 0, "axis": "x", "origin": [0.5, 8.2, 19]},
			"faces": {
				"north": {"uv": [0.5, 8.5, 8, 14.5], "texture": "#1"},
				"east": {"uv": [0.5, 8.5, 8, 14.5], "texture": "#1"},
				"south": {"uv": [0.5, 8.5, 8, 14.5], "texture": "#1"},
				"west": {"uv": [0.5, 8.5, 8, 14.5], "texture": "#1"},
				"up": {"uv": [0.5, 8.5, 8, 14.5], "texture": "#1"},
				"down": {"uv": [0.5, 8.5, 8, 14.5], "texture": "#1"}
			}
		},
		{
			"from": [7.4, 9.7, -5.2],
			"to": [7.9, 9.9, -4.1],
			"rotation": {"angle": 0, "axis": "x", "origin": [0.5, 8.2, 19]},
			"faces": {
				"north": {"uv": [0.5, 8.5, 8, 14.5], "texture": "#1"},
				"east": {"uv": [0.5, 8.5, 8, 14.5], "texture": "#1"},
				"south": {"uv": [0.5, 8.5, 8, 14.5], "texture": "#1"},
				"west": {"uv": [0.5, 8.5, 8, 14.5], "texture": "#1"},
				"up": {"uv": [0.5, 8.5, 8, 14.5], "texture": "#1"},
				"down": {"uv": [0.5, 8.5, 8, 14.5], "texture": "#1"}
			}
		},
		{
			"from": [7.4, 9.9, -5.2],
			"to": [7.9, 10.3, -4.9],
			"rotation": {"angle": 0, "axis": "x", "origin": [0.5, 8.2, 19]},
			"faces": {
				"north": {"uv": [0.5, 8.5, 8, 14.5], "texture": "#1"},
				"east": {"uv": [0.5, 8.5, 8, 14.5], "texture": "#1"},
				"south": {"uv": [0.5, 8.5, 8, 14.5], "texture": "#1"},
				"west": {"uv": [0.5, 8.5, 8, 14.5], "texture": "#1"},
				"up": {"uv": [0.5, 8.5, 8, 14.5], "texture": "#1"},
				"down": {"uv": [0.5, 8.5, 8, 14.5], "texture": "#1"}
			}
		},
		{
			"from": [7.4, 9.9, -4.7],
			"to": [7.9, 10.3, -4.4],
			"rotation": {"angle": 0, "axis": "x", "origin": [0.5, 8.2, 19]},
			"faces": {
				"north": {"uv": [0.5, 8.5, 8, 14.5], "texture": "#1"},
				"east": {"uv": [0.5, 8.5, 8, 14.5], "texture": "#1"},
				"south": {"uv": [0.5, 8.5, 8, 14.5], "texture": "#1"},
				"west": {"uv": [0.5, 8.5, 8, 14.5], "texture": "#1"},
				"up": {"uv": [0.5, 8.5, 8, 14.5], "texture": "#1"},
				"down": {"uv": [0.5, 8.5, 8, 14.5], "texture": "#1"}
			}
		},
		{
			"from": [7.2, 9.2, 5],
			"to": [8.2, 9.3, 12],
			"rotation": {"angle": 0, "axis": "x", "origin": [0.5, 8.2, 19]},
			"faces": {
				"north": {"uv": [0.5, 8.5, 8, 14.5], "texture": "#1"},
				"east": {"uv": [0.5, 8.5, 8, 14.5], "texture": "#1"},
				"south": {"uv": [0.5, 8.5, 8, 14.5], "texture": "#1"},
				"west": {"uv": [0.5, 8.5, 8, 14.5], "texture": "#1"},
				"up": {"uv": [0.5, 8.5, 8, 14.5], "texture": "#1"},
				"down": {"uv": [0.5, 8.5, 8, 14.5], "texture": "#1"}
			}
		},
		{
			"from": [7.2, 9, 5.5],
			"to": [8.2, 9.2, 12],
			"rotation": {"angle": 0, "axis": "x", "origin": [0.5, 8.2, 19]},
			"faces": {
				"north": {"uv": [0.5, 8.5, 8, 14.5], "texture": "#1"},
				"east": {"uv": [0.5, 8.5, 8, 14.5], "texture": "#1"},
				"south": {"uv": [0.5, 8.5, 8, 14.5], "texture": "#1"},
				"west": {"uv": [0.5, 8.5, 8, 14.5], "texture": "#1"},
				"up": {"uv": [0.5, 8.5, 8, 14.5], "texture": "#1"},
				"down": {"uv": [0.5, 8.5, 8, 14.5], "texture": "#1"}
			}
		},
		{
			"from": [7.2, 8.9, 5.7],
			"to": [8.2, 9, 12],
			"rotation": {"angle": 0, "axis": "x", "origin": [0.5, 8.2, 19]},
			"faces": {
				"north": {"uv": [0.5, 8.5, 8, 14.5], "texture": "#1"},
				"east": {"uv": [0.5, 8.5, 8, 14.5], "texture": "#1"},
				"south": {"uv": [0.5, 8.5, 8, 14.5], "texture": "#1"},
				"west": {"uv": [0.5, 8.5, 8, 14.5], "texture": "#1"},
				"up": {"uv": [0.5, 8.5, 8, 14.5], "texture": "#1"},
				"down": {"uv": [0.5, 8.5, 8, 14.5], "texture": "#1"}
			}
		},
		{
			"from": [7.2, 8.8, 5.8],
			"to": [8.2, 8.9, 12],
			"rotation": {"angle": 0, "axis": "x", "origin": [0.5, 8.2, 19]},
			"faces": {
				"north": {"uv": [0.5, 8.5, 8, 14.5], "texture": "#1"},
				"east": {"uv": [0.5, 8.5, 8, 14.5], "texture": "#1"},
				"south": {"uv": [0.5, 8.5, 8, 14.5], "texture": "#1"},
				"west": {"uv": [0.5, 8.5, 8, 14.5], "texture": "#1"},
				"up": {"uv": [0.5, 8.5, 8, 14.5], "texture": "#1"},
				"down": {"uv": [0.5, 8.5, 8, 14.5], "texture": "#1"}
			}
		},
		{
			"from": [7.2, 8.7, 5.9],
			"to": [8.2, 8.8, 12],
			"rotation": {"angle": 0, "axis": "x", "origin": [0.5, 8.2, 19]},
			"faces": {
				"north": {"uv": [0.5, 8.5, 8, 14.5], "texture": "#1"},
				"east": {"uv": [0.5, 8.5, 8, 14.5], "texture": "#1"},
				"south": {"uv": [0.5, 8.5, 8, 14.5], "texture": "#1"},
				"west": {"uv": [0.5, 8.5, 8, 14.5], "texture": "#1"},
				"up": {"uv": [0.5, 8.5, 8, 14.5], "texture": "#1"},
				"down": {"uv": [0.5, 8.5, 8, 14.5], "texture": "#1"}
			}
		},
		{
			"from": [7.2, 8.6, 5.9],
			"to": [8.2, 8.7, 11.7],
			"rotation": {"angle": 0, "axis": "x", "origin": [0.5, 8.2, 19]},
			"faces": {
				"north": {"uv": [0.5, 8.5, 8, 14.5], "texture": "#1"},
				"east": {"uv": [0.5, 8.5, 8, 14.5], "texture": "#1"},
				"south": {"uv": [0.5, 8.5, 8, 14.5], "texture": "#1"},
				"west": {"uv": [0.5, 8.5, 8, 14.5], "texture": "#1"},
				"up": {"uv": [0.5, 8.5, 8, 14.5], "texture": "#1"},
				"down": {"uv": [0.5, 8.5, 8, 14.5], "texture": "#1"}
			}
		},
		{
			"from": [7.2, 8.5, 5.9],
			"to": [8.2, 8.6, 11.5],
			"rotation": {"angle": 0, "axis": "x", "origin": [0.5, 8.2, 19]},
			"faces": {
				"north": {"uv": [0.5, 8.5, 8, 14.5], "texture": "#1"},
				"east": {"uv": [0.5, 8.5, 8, 14.5], "texture": "#1"},
				"south": {"uv": [0.5, 8.5, 8, 14.5], "texture": "#1"},
				"west": {"uv": [0.5, 8.5, 8, 14.5], "texture": "#1"},
				"up": {"uv": [0.5, 8.5, 8, 14.5], "texture": "#1"},
				"down": {"uv": [0.5, 8.5, 8, 14.5], "texture": "#1"}
			}
		},
		{
			"from": [7.2, 8.4, 5.9],
			"to": [8.2, 8.5, 11.4],
			"rotation": {"angle": 0, "axis": "x", "origin": [0.5, 8.2, 19]},
			"faces": {
				"north": {"uv": [0.5, 8.5, 8, 14.5], "texture": "#1"},
				"east": {"uv": [0.5, 8.5, 8, 14.5], "texture": "#1"},
				"south": {"uv": [0.5, 8.5, 8, 14.5], "texture": "#1"},
				"west": {"uv": [0.5, 8.5, 8, 14.5], "texture": "#1"},
				"up": {"uv": [0.5, 8.5, 8, 14.5], "texture": "#1"},
				"down": {"uv": [0.5, 8.5, 8, 14.5], "texture": "#1"}
			}
		},
		{
			"from": [7.2, 8.3, 5.9],
			"to": [8.2, 8.4, 11.3],
			"rotation": {"angle": 0, "axis": "x", "origin": [0.5, 8.2, 19]},
			"faces": {
				"north": {"uv": [0.5, 8.5, 8, 14.5], "texture": "#1"},
				"east": {"uv": [0.5, 8.5, 8, 14.5], "texture": "#1"},
				"south": {"uv": [0.5, 8.5, 8, 14.5], "texture": "#1"},
				"west": {"uv": [0.5, 8.5, 8, 14.5], "texture": "#1"},
				"up": {"uv": [0.5, 8.5, 8, 14.5], "texture": "#1"},
				"down": {"uv": [0.5, 8.5, 8, 14.5], "texture": "#1"}
			}
		},
		{
			"from": [7.2, 8.2, 5.9],
			"to": [8.2, 8.3, 11.2],
			"rotation": {"angle": 0, "axis": "x", "origin": [0.5, 8.2, 19]},
			"faces": {
				"north": {"uv": [0.5, 8.5, 8, 14.5], "texture": "#1"},
				"east": {"uv": [0.5, 8.5, 8, 14.5], "texture": "#1"},
				"south": {"uv": [0.5, 8.5, 8, 14.5], "texture": "#1"},
				"west": {"uv": [0.5, 8.5, 8, 14.5], "texture": "#1"},
				"up": {"uv": [0.5, 8.5, 8, 14.5], "texture": "#1"},
				"down": {"uv": [0.5, 8.5, 8, 14.5], "texture": "#1"}
			}
		},
		{
			"from": [7.2, 8.1, 9.6],
			"to": [8.2, 8.2, 11.2],
			"rotation": {"angle": 0, "axis": "x", "origin": [0.5, 8.2, 19]},
			"faces": {
				"north": {"uv": [0.5, 8.5, 8, 14.5], "texture": "#1"},
				"east": {"uv": [0.5, 8.5, 8, 14.5], "texture": "#1"},
				"south": {"uv": [0.5, 8.5, 8, 14.5], "texture": "#1"},
				"west": {"uv": [0.5, 8.5, 8, 14.5], "texture": "#1"},
				"up": {"uv": [0.5, 8.5, 8, 14.5], "texture": "#1"},
				"down": {"uv": [0.5, 8.5, 8, 14.5], "texture": "#1"}
			}
		},
		{
			"from": [7.2, 8, 9.7],
			"to": [8.2, 8.1, 11.2],
			"rotation": {"angle": 0, "axis": "x", "origin": [0.5, 8.2, 19]},
			"faces": {
				"north": {"uv": [0.5, 8.5, 8, 14.5], "texture": "#1"},
				"east": {"uv": [0.5, 8.5, 8, 14.5], "texture": "#1"},
				"south": {"uv": [0.5, 8.5, 8, 14.5], "texture": "#1"},
				"west": {"uv": [0.5, 8.5, 8, 14.5], "texture": "#1"},
				"up": {"uv": [0.5, 8.5, 8, 14.5], "texture": "#1"},
				"down": {"uv": [0.5, 8.5, 8, 14.5], "texture": "#1"}
			}
		},
		{
			"from": [7.2, 7.9, 9.8],
			"to": [8.2, 8, 11.2],
			"rotation": {"angle": 0, "axis": "x", "origin": [0.5, 8.2, 19]},
			"faces": {
				"north": {"uv": [0.5, 8.5, 8, 14.5], "texture": "#1"},
				"east": {"uv": [0.5, 8.5, 8, 14.5], "texture": "#1"},
				"south": {"uv": [0.5, 8.5, 8, 14.5], "texture": "#1"},
				"west": {"uv": [0.5, 8.5, 8, 14.5], "texture": "#1"},
				"up": {"uv": [0.5, 8.5, 8, 14.5], "texture": "#1"},
				"down": {"uv": [0.5, 8.5, 8, 14.5], "texture": "#1"}
			}
		},
		{
			"from": [7.2, 7.7, 9.8],
			"to": [8.2, 7.8, 11.3],
			"rotation": {"angle": 0, "axis": "x", "origin": [0.5, 8.2, 19]},
			"faces": {
				"north": {"uv": [0.5, 8.5, 8, 14.5], "texture": "#1"},
				"east": {"uv": [0.5, 8.5, 8, 14.5], "texture": "#1"},
				"south": {"uv": [0.5, 8.5, 8, 14.5], "texture": "#1"},
				"west": {"uv": [0.5, 8.5, 8, 14.5], "texture": "#1"},
				"up": {"uv": [0.5, 8.5, 8, 14.5], "texture": "#1"},
				"down": {"uv": [0.5, 8.5, 8, 14.5], "texture": "#1"}
			}
		},
		{
			"from": [7.2, 7.6, 9.8],
			"to": [8.2, 7.7, 11.3],
			"rotation": {"angle": 0, "axis": "x", "origin": [0.5, 8.2, 19]},
			"faces": {
				"north": {"uv": [0.5, 8.5, 8, 14.5], "texture": "#1"},
				"east": {"uv": [0.5, 8.5, 8, 14.5], "texture": "#1"},
				"south": {"uv": [0.5, 8.5, 8, 14.5], "texture": "#1"},
				"west": {"uv": [0.5, 8.5, 8, 14.5], "texture": "#1"},
				"up": {"uv": [0.5, 8.5, 8, 14.5], "texture": "#1"},
				"down": {"uv": [0.5, 8.5, 8, 14.5], "texture": "#1"}
			}
		},
		{
			"from": [7.2, 7.5, 9.8],
			"to": [8.2, 7.6, 11.4],
			"rotation": {"angle": 0, "axis": "x", "origin": [0.5, 8.2, 19]},
			"faces": {
				"north": {"uv": [0.5, 8.5, 8, 14.5], "texture": "#1"},
				"east": {"uv": [0.5, 8.5, 8, 14.5], "texture": "#1"},
				"south": {"uv": [0.5, 8.5, 8, 14.5], "texture": "#1"},
				"west": {"uv": [0.5, 8.5, 8, 14.5], "texture": "#1"},
				"up": {"uv": [0.5, 8.5, 8, 14.5], "texture": "#1"},
				"down": {"uv": [0.5, 8.5, 8, 14.5], "texture": "#1"}
			}
		},
		{
			"from": [7.2, 7.4, 9.7],
			"to": [8.2, 7.5, 11.5],
			"rotation": {"angle": 0, "axis": "x", "origin": [0.5, 8.2, 19]},
			"faces": {
				"north": {"uv": [0.5, 8.5, 8, 14.5], "texture": "#1"},
				"east": {"uv": [0.5, 8.5, 8, 14.5], "texture": "#1"},
				"south": {"uv": [0.5, 8.5, 8, 14.5], "texture": "#1"},
				"west": {"uv": [0.5, 8.5, 8, 14.5], "texture": "#1"},
				"up": {"uv": [0.5, 8.5, 8, 14.5], "texture": "#1"},
				"down": {"uv": [0.5, 8.5, 8, 14.5], "texture": "#1"}
			}
		},
		{
			"from": [7.2, 7.3, 9.7],
			"to": [8.2, 7.4, 11.5],
			"rotation": {"angle": 0, "axis": "x", "origin": [0.5, 8.2, 19]},
			"faces": {
				"north": {"uv": [0.5, 8.5, 8, 14.5], "texture": "#1"},
				"east": {"uv": [0.5, 8.5, 8, 14.5], "texture": "#1"},
				"south": {"uv": [0.5, 8.5, 8, 14.5], "texture": "#1"},
				"west": {"uv": [0.5, 8.5, 8, 14.5], "texture": "#1"},
				"up": {"uv": [0.5, 8.5, 8, 14.5], "texture": "#1"},
				"down": {"uv": [0.5, 8.5, 8, 14.5], "texture": "#1"}
			}
		},
		{
			"from": [7.2, 7.2, 9.6],
			"to": [8.2, 7.3, 11.6],
			"rotation": {"angle": 0, "axis": "x", "origin": [0.5, 8.2, 19]},
			"faces": {
				"north": {"uv": [0.5, 8.5, 8, 14.5], "texture": "#1"},
				"east": {"uv": [0.5, 8.5, 8, 14.5], "texture": "#1"},
				"south": {"uv": [0.5, 8.5, 8, 14.5], "texture": "#1"},
				"west": {"uv": [0.5, 8.5, 8, 14.5], "texture": "#1"},
				"up": {"uv": [0.5, 8.5, 8, 14.5], "texture": "#1"},
				"down": {"uv": [0.5, 8.5, 8, 14.5], "texture": "#1"}
			}
		},
		{
			"from": [7.2, 7, 10.2],
			"to": [8.2, 7.1, 11.7],
			"rotation": {"angle": 0, "axis": "x", "origin": [0.5, 8.2, 19]},
			"faces": {
				"north": {"uv": [0.5, 8.5, 8, 14.5], "texture": "#1"},
				"east": {"uv": [0.5, 8.5, 8, 14.5], "texture": "#1"},
				"south": {"uv": [0.5, 8.5, 8, 14.5], "texture": "#1"},
				"west": {"uv": [0.5, 8.5, 8, 14.5], "texture": "#1"},
				"up": {"uv": [0.5, 8.5, 8, 14.5], "texture": "#1"},
				"down": {"uv": [0.5, 8.5, 8, 14.5], "texture": "#1"}
			}
		},
		{
			"from": [7.2, 6.9, 10.2],
			"to": [8.2, 7, 11.8],
			"rotation": {"angle": 0, "axis": "x", "origin": [0.5, 8.2, 19]},
			"faces": {
				"north": {"uv": [0.5, 8.5, 8, 14.5], "texture": "#1"},
				"east": {"uv": [0.5, 8.5, 8, 14.5], "texture": "#1"},
				"south": {"uv": [0.5, 8.5, 8, 14.5], "texture": "#1"},
				"west": {"uv": [0.5, 8.5, 8, 14.5], "texture": "#1"},
				"up": {"uv": [0.5, 8.5, 8, 14.5], "texture": "#1"},
				"down": {"uv": [0.5, 8.5, 8, 14.5], "texture": "#1"}
			}
		},
		{
			"from": [7.2, 6.8, 10.3],
			"to": [8.2, 6.9, 11.8],
			"rotation": {"angle": 0, "axis": "x", "origin": [0.5, 8.2, 19]},
			"faces": {
				"north": {"uv": [0.5, 8.5, 8, 14.5], "texture": "#1"},
				"east": {"uv": [0.5, 8.5, 8, 14.5], "texture": "#1"},
				"south": {"uv": [0.5, 8.5, 8, 14.5], "texture": "#1"},
				"west": {"uv": [0.5, 8.5, 8, 14.5], "texture": "#1"},
				"up": {"uv": [0.5, 8.5, 8, 14.5], "texture": "#1"},
				"down": {"uv": [0.5, 8.5, 8, 14.5], "texture": "#1"}
			}
		},
		{
			"from": [7.2, 6.7, 10.3],
			"to": [8.2, 6.8, 11.9],
			"rotation": {"angle": 0, "axis": "x", "origin": [0.5, 8.2, 19]},
			"faces": {
				"north": {"uv": [0.5, 8.5, 8, 14.5], "texture": "#1"},
				"east": {"uv": [0.5, 8.5, 8, 14.5], "texture": "#1"},
				"south": {"uv": [0.5, 8.5, 8, 14.5], "texture": "#1"},
				"west": {"uv": [0.5, 8.5, 8, 14.5], "texture": "#1"},
				"up": {"uv": [0.5, 8.5, 8, 14.5], "texture": "#1"},
				"down": {"uv": [0.5, 8.5, 8, 14.5], "texture": "#1"}
			}
		},
		{
			"from": [7.2, 6.6, 10.4],
			"to": [8.2, 6.7, 12],
			"rotation": {"angle": 0, "axis": "x", "origin": [0.5, 8.2, 19]},
			"faces": {
				"north": {"uv": [0.5, 8.5, 8, 14.5], "texture": "#1"},
				"east": {"uv": [0.5, 8.5, 8, 14.5], "texture": "#1"},
				"south": {"uv": [0.5, 8.5, 8, 14.5], "texture": "#1"},
				"west": {"uv": [0.5, 8.5, 8, 14.5], "texture": "#1"},
				"up": {"uv": [0.5, 8.5, 8, 14.5], "texture": "#1"},
				"down": {"uv": [0.5, 8.5, 8, 14.5], "texture": "#1"}
			}
		},
		{
			"from": [7.2, 6.5, 10.4],
			"to": [8.2, 6.6, 12],
			"rotation": {"angle": 0, "axis": "x", "origin": [0.5, 8.2, 19]},
			"faces": {
				"north": {"uv": [0.5, 8.5, 8, 14.5], "texture": "#1"},
				"east": {"uv": [0.5, 8.5, 8, 14.5], "texture": "#1"},
				"south": {"uv": [0.5, 8.5, 8, 14.5], "texture": "#1"},
				"west": {"uv": [0.5, 8.5, 8, 14.5], "texture": "#1"},
				"up": {"uv": [0.5, 8.5, 8, 14.5], "texture": "#1"},
				"down": {"uv": [0.5, 8.5, 8, 14.5], "texture": "#1"}
			}
		},
		{
			"from": [7.2, 6.4, 10.5],
			"to": [8.2, 6.5, 12.1],
			"rotation": {"angle": 0, "axis": "x", "origin": [0.5, 8.2, 19]},
			"faces": {
				"north": {"uv": [0.5, 8.5, 8, 14.5], "texture": "#1"},
				"east": {"uv": [0.5, 8.5, 8, 14.5], "texture": "#1"},
				"south": {"uv": [0.5, 8.5, 8, 14.5], "texture": "#1"},
				"west": {"uv": [0.5, 8.5, 8, 14.5], "texture": "#1"},
				"up": {"uv": [0.5, 8.5, 8, 14.5], "texture": "#1"},
				"down": {"uv": [0.5, 8.5, 8, 14.5], "texture": "#1"}
			}
		},
		{
			"from": [7.2, 6.3, 10.5],
			"to": [8.2, 6.4, 12.1],
			"rotation": {"angle": 0, "axis": "x", "origin": [0.5, 8.2, 19]},
			"faces": {
				"north": {"uv": [0.5, 8.5, 8, 14.5], "texture": "#1"},
				"east": {"uv": [0.5, 8.5, 8, 14.5], "texture": "#1"},
				"south": {"uv": [0.5, 8.5, 8, 14.5], "texture": "#1"},
				"west": {"uv": [0.5, 8.5, 8, 14.5], "texture": "#1"},
				"up": {"uv": [0.5, 8.5, 8, 14.5], "texture": "#1"},
				"down": {"uv": [0.5, 8.5, 8, 14.5], "texture": "#1"}
			}
		},
		{
			"from": [7.2, 6.1, 10.6],
			"to": [8.2, 6.3, 12.2],
			"rotation": {"angle": 0, "axis": "x", "origin": [0.5, 8.2, 19]},
			"faces": {
				"north": {"uv": [0.5, 8.5, 8, 14.5], "texture": "#1"},
				"east": {"uv": [0.5, 8.5, 8, 14.5], "texture": "#1"},
				"south": {"uv": [0.5, 8.5, 8, 14.5], "texture": "#1"},
				"west": {"uv": [0.5, 8.5, 8, 14.5], "texture": "#1"},
				"up": {"uv": [0.5, 8.5, 8, 14.5], "texture": "#1"},
				"down": {"uv": [0.5, 8.5, 8, 14.5], "texture": "#1"}
			}
		},
		{
			"from": [7.2, 5.9, 10.7],
			"to": [8.2, 6.1, 12.3],
			"rotation": {"angle": 0, "axis": "x", "origin": [0.5, 8.2, 19]},
			"faces": {
				"north": {"uv": [0.5, 8.5, 8, 14.5], "texture": "#1"},
				"east": {"uv": [0.5, 8.5, 8, 14.5], "texture": "#1"},
				"south": {"uv": [0.5, 8.5, 8, 14.5], "texture": "#1"},
				"west": {"uv": [0.5, 8.5, 8, 14.5], "texture": "#1"},
				"up": {"uv": [0.5, 8.5, 8, 14.5], "texture": "#1"},
				"down": {"uv": [0.5, 8.5, 8, 14.5], "texture": "#1"}
			}
		},
		{
			"from": [7.2, 5.7, 10.8],
			"to": [8.2, 5.9, 12.4],
			"rotation": {"angle": 0, "axis": "x", "origin": [0.5, 8.2, 19]},
			"faces": {
				"north": {"uv": [0.5, 8.5, 8, 14.5], "texture": "#1"},
				"east": {"uv": [0.5, 8.5, 8, 14.5], "texture": "#1"},
				"south": {"uv": [0.5, 8.5, 8, 14.5], "texture": "#1"},
				"west": {"uv": [0.5, 8.5, 8, 14.5], "texture": "#1"},
				"up": {"uv": [0.5, 8.5, 8, 14.5], "texture": "#1"},
				"down": {"uv": [0.5, 8.5, 8, 14.5], "texture": "#1"}
			}
		},
		{
			"from": [7.2, 5.5, 10.9],
			"to": [8.2, 5.7, 12.5],
			"rotation": {"angle": 0, "axis": "x", "origin": [0.5, 8.2, 19]},
			"faces": {
				"north": {"uv": [0.5, 8.5, 8, 14.5], "texture": "#1"},
				"east": {"uv": [0.5, 8.5, 8, 14.5], "texture": "#1"},
				"south": {"uv": [0.5, 8.5, 8, 14.5], "texture": "#1"},
				"west": {"uv": [0.5, 8.5, 8, 14.5], "texture": "#1"},
				"up": {"uv": [0.5, 8.5, 8, 14.5], "texture": "#1"},
				"down": {"uv": [0.5, 8.5, 8, 14.5], "texture": "#1"}
			}
		},
		{
			"from": [7.2, 5.4, 11],
			"to": [8.2, 5.5, 12.6],
			"rotation": {"angle": 0, "axis": "x", "origin": [0.5, 8.2, 19]},
			"faces": {
				"north": {"uv": [0.5, 8.5, 8, 14.5], "texture": "#1"},
				"east": {"uv": [0.5, 8.5, 8, 14.5], "texture": "#1"},
				"south": {"uv": [0.5, 8.5, 8, 14.5], "texture": "#1"},
				"west": {"uv": [0.5, 8.5, 8, 14.5], "texture": "#1"},
				"up": {"uv": [0.5, 8.5, 8, 14.5], "texture": "#1"},
				"down": {"uv": [0.5, 8.5, 8, 14.5], "texture": "#1"}
			}
		},
		{
			"from": [7.2, 5.3, 11.1],
			"to": [8.2, 5.4, 12.5],
			"rotation": {"angle": 0, "axis": "x", "origin": [0.5, 8.2, 19]},
			"faces": {
				"north": {"uv": [0.5, 8.5, 8, 14.5], "texture": "#1"},
				"east": {"uv": [0.5, 8.5, 8, 14.5], "texture": "#1"},
				"south": {"uv": [0.5, 8.5, 8, 14.5], "texture": "#1"},
				"west": {"uv": [0.5, 8.5, 8, 14.5], "texture": "#1"},
				"up": {"uv": [0.5, 8.5, 8, 14.5], "texture": "#1"},
				"down": {"uv": [0.5, 8.5, 8, 14.5], "texture": "#1"}
			}
		},
		{
			"from": [7.2, 5.2, 11.1],
			"to": [8.2, 5.3, 12.4],
			"rotation": {"angle": 0, "axis": "x", "origin": [0.5, 8.2, 19]},
			"faces": {
				"north": {"uv": [0.5, 8.5, 8, 14.5], "texture": "#1"},
				"east": {"uv": [0.5, 8.5, 8, 14.5], "texture": "#1"},
				"south": {"uv": [0.5, 8.5, 8, 14.5], "texture": "#1"},
				"west": {"uv": [0.5, 8.5, 8, 14.5], "texture": "#1"},
				"up": {"uv": [0.5, 8.5, 8, 14.5], "texture": "#1"},
				"down": {"uv": [0.5, 8.5, 8, 14.5], "texture": "#1"}
			}
		},
		{
			"from": [7.2, 5.1, 11.1],
			"to": [8.2, 5.2, 12.2],
			"rotation": {"angle": 0, "axis": "x", "origin": [0.5, 8.2, 19]},
			"faces": {
				"north": {"uv": [0.5, 8.5, 8, 14.5], "texture": "#1"},
				"east": {"uv": [0.5, 8.5, 8, 14.5], "texture": "#1"},
				"south": {"uv": [0.5, 8.5, 8, 14.5], "texture": "#1"},
				"west": {"uv": [0.5, 8.5, 8, 14.5], "texture": "#1"},
				"up": {"uv": [0.5, 8.5, 8, 14.5], "texture": "#1"},
				"down": {"uv": [0.5, 8.5, 8, 14.5], "texture": "#1"}
			}
		},
		{
			"from": [7.2, 5, 11.1],
			"to": [8.2, 5.1, 11.9],
			"rotation": {"angle": 0, "axis": "x", "origin": [0.5, 8.2, 19]},
			"faces": {
				"north": {"uv": [0.5, 8.5, 8, 14.5], "texture": "#1"},
				"east": {"uv": [0.5, 8.5, 8, 14.5], "texture": "#1"},
				"south": {"uv": [0.5, 8.5, 8, 14.5], "texture": "#1"},
				"west": {"uv": [0.5, 8.5, 8, 14.5], "texture": "#1"},
				"up": {"uv": [0.5, 8.5, 8, 14.5], "texture": "#1"},
				"down": {"uv": [0.5, 8.5, 8, 14.5], "texture": "#1"}
			}
		},
		{
			"from": [7.2, 4.9, 11.1],
			"to": [8.2, 5, 11.7],
			"rotation": {"angle": 0, "axis": "x", "origin": [0.5, 8.2, 19]},
			"faces": {
				"north": {"uv": [0.5, 8.5, 8, 14.5], "texture": "#1"},
				"east": {"uv": [0.5, 8.5, 8, 14.5], "texture": "#1"},
				"south": {"uv": [0.5, 8.5, 8, 14.5], "texture": "#1"},
				"west": {"uv": [0.5, 8.5, 8, 14.5], "texture": "#1"},
				"up": {"uv": [0.5, 8.5, 8, 14.5], "texture": "#1"},
				"down": {"uv": [0.5, 8.5, 8, 14.5], "texture": "#1"}
			}
		},
		{
			"from": [7.2, 4.8, 11],
			"to": [8.2, 4.9, 11.7],
			"rotation": {"angle": 0, "axis": "x", "origin": [0.5, 8.2, 19]},
			"faces": {
				"north": {"uv": [0.5, 8.5, 8, 14.5], "texture": "#1"},
				"east": {"uv": [0.5, 8.5, 8, 14.5], "texture": "#1"},
				"south": {"uv": [0.5, 8.5, 8, 14.5], "texture": "#1"},
				"west": {"uv": [0.5, 8.5, 8, 14.5], "texture": "#1"},
				"up": {"uv": [0.5, 8.5, 8, 14.5], "texture": "#1"},
				"down": {"uv": [0.5, 8.5, 8, 14.5], "texture": "#1"}
			}
		},
		{
			"from": [7.2, 4.7, 11.1],
			"to": [8.2, 4.8, 11.5],
			"rotation": {"angle": 0, "axis": "x", "origin": [0.5, 8.2, 19]},
			"faces": {
				"north": {"uv": [0.5, 8.5, 8, 14.5], "texture": "#1"},
				"east": {"uv": [0.5, 8.5, 8, 14.5], "texture": "#1"},
				"south": {"uv": [0.5, 8.5, 8, 14.5], "texture": "#1"},
				"west": {"uv": [0.5, 8.5, 8, 14.5], "texture": "#1"},
				"up": {"uv": [0.5, 8.5, 8, 14.5], "texture": "#1"},
				"down": {"uv": [0.5, 8.5, 8, 14.5], "texture": "#1"}
			}
		},
		{
			"from": [7.2, 7.1, 9.4],
			"to": [8.2, 7.2, 11.7],
			"rotation": {"angle": 0, "axis": "x", "origin": [0.5, 8.2, 19]},
			"faces": {
				"north": {"uv": [0.5, 8.5, 8, 14.5], "texture": "#1"},
				"east": {"uv": [0.5, 8.5, 8, 14.5], "texture": "#1"},
				"south": {"uv": [0.5, 8.5, 8, 14.5], "texture": "#1"},
				"west": {"uv": [0.5, 8.5, 8, 14.5], "texture": "#1"},
				"up": {"uv": [0.5, 8.5, 8, 14.5], "texture": "#1"},
				"down": {"uv": [0.5, 8.5, 8, 14.5], "texture": "#1"}
			}
		},
		{
			"from": [7.2, 7, 8.8],
			"to": [8.2, 7.1, 9.4],
			"rotation": {"angle": 0, "axis": "x", "origin": [0.5, 8.2, 19]},
			"faces": {
				"north": {"uv": [0.5, 8.5, 8, 14.5], "texture": "#1"},
				"east": {"uv": [0.5, 8.5, 8, 14.5], "texture": "#1"},
				"south": {"uv": [0.5, 8.5, 8, 14.5], "texture": "#1"},
				"west": {"uv": [0.5, 8.5, 8, 14.5], "texture": "#1"},
				"up": {"uv": [0.5, 8.5, 8, 14.5], "texture": "#1"},
				"down": {"uv": [0.5, 8.5, 8, 14.5], "texture": "#1"}
			}
		},
		{
			"from": [7.2, 7.1, 8.4],
			"to": [8.2, 7.2, 8.9],
			"rotation": {"angle": 0, "axis": "x", "origin": [0.5, 8.2, 19]},
			"faces": {
				"north": {"uv": [0.5, 8.5, 8, 14.5], "texture": "#1"},
				"east": {"uv": [0.5, 8.5, 8, 14.5], "texture": "#1"},
				"south": {"uv": [0.5, 8.5, 8, 14.5], "texture": "#1"},
				"west": {"uv": [0.5, 8.5, 8, 14.5], "texture": "#1"},
				"up": {"uv": [0.5, 8.5, 8, 14.5], "texture": "#1"},
				"down": {"uv": [0.5, 8.5, 8, 14.5], "texture": "#1"}
			}
		},
		{
			"from": [7.2, 7.2, 7.6],
			"to": [8.2, 7.3, 8.5],
			"rotation": {"angle": 0, "axis": "x", "origin": [0.5, 8.2, 19]},
			"faces": {
				"north": {"uv": [0.5, 8.5, 8, 14.5], "texture": "#1"},
				"east": {"uv": [0.5, 8.5, 8, 14.5], "texture": "#1"},
				"south": {"uv": [0.5, 8.5, 8, 14.5], "texture": "#1"},
				"west": {"uv": [0.5, 8.5, 8, 14.5], "texture": "#1"},
				"up": {"uv": [0.5, 8.5, 8, 14.5], "texture": "#1"},
				"down": {"uv": [0.5, 8.5, 8, 14.5], "texture": "#1"}
			}
		},
		{
			"from": [7.2, 7.3, 7.4],
			"to": [8.2, 7.4, 8.3],
			"rotation": {"angle": 0, "axis": "x", "origin": [0.5, 8.2, 19]},
			"faces": {
				"north": {"uv": [0.5, 8.5, 8, 14.5], "texture": "#1"},
				"east": {"uv": [0.5, 8.5, 8, 14.5], "texture": "#1"},
				"south": {"uv": [0.5, 8.5, 8, 14.5], "texture": "#1"},
				"west": {"uv": [0.5, 8.5, 8, 14.5], "texture": "#1"},
				"up": {"uv": [0.5, 8.5, 8, 14.5], "texture": "#1"},
				"down": {"uv": [0.5, 8.5, 8, 14.5], "texture": "#1"}
			}
		},
		{
			"from": [7.2, 7.4, 6.8],
			"to": [8.2, 7.5, 8.2],
			"rotation": {"angle": 0, "axis": "x", "origin": [0.5, 8.2, 19]},
			"faces": {
				"north": {"uv": [0.5, 8.5, 8, 14.5], "texture": "#1"},
				"east": {"uv": [0.5, 8.5, 8, 14.5], "texture": "#1"},
				"south": {"uv": [0.5, 8.5, 8, 14.5], "texture": "#1"},
				"west": {"uv": [0.5, 8.5, 8, 14.5], "texture": "#1"},
				"up": {"uv": [0.5, 8.5, 8, 14.5], "texture": "#1"},
				"down": {"uv": [0.5, 8.5, 8, 14.5], "texture": "#1"}
			}
		},
		{
			"from": [7.2, 7.5, 6.3],
			"to": [8.2, 7.6, 8.2],
			"rotation": {"angle": 0, "axis": "x", "origin": [0.5, 8.2, 19]},
			"faces": {
				"north": {"uv": [0.5, 8.5, 8, 14.5], "texture": "#1"},
				"east": {"uv": [0.5, 8.5, 8, 14.5], "texture": "#1"},
				"south": {"uv": [0.5, 8.5, 8, 14.5], "texture": "#1"},
				"west": {"uv": [0.5, 8.5, 8, 14.5], "texture": "#1"},
				"up": {"uv": [0.5, 8.5, 8, 14.5], "texture": "#1"},
				"down": {"uv": [0.5, 8.5, 8, 14.5], "texture": "#1"}
			}
		},
		{
			"from": [7.2, 7.6, 5.8],
			"to": [8.2, 7.7, 8.2],
			"rotation": {"angle": 0, "axis": "x", "origin": [0.5, 8.2, 19]},
			"faces": {
				"north": {"uv": [0.5, 8.5, 8, 14.5], "texture": "#1"},
				"east": {"uv": [0.5, 8.5, 8, 14.5], "texture": "#1"},
				"south": {"uv": [0.5, 8.5, 8, 14.5], "texture": "#1"},
				"west": {"uv": [0.5, 8.5, 8, 14.5], "texture": "#1"},
				"up": {"uv": [0.5, 8.5, 8, 14.5], "texture": "#1"},
				"down": {"uv": [0.5, 8.5, 8, 14.5], "texture": "#1"}
			}
		},
		{
			"from": [7.2, 7.7, 5.8],
			"to": [8.2, 7.8, 8.2],
			"rotation": {"angle": 0, "axis": "x", "origin": [0.5, 8.2, 19]},
			"faces": {
				"north": {"uv": [0.5, 8.5, 8, 14.5], "texture": "#1"},
				"east": {"uv": [0.5, 8.5, 8, 14.5], "texture": "#1"},
				"south": {"uv": [0.5, 8.5, 8, 14.5], "texture": "#1"},
				"west": {"uv": [0.5, 8.5, 8, 14.5], "texture": "#1"},
				"up": {"uv": [0.5, 8.5, 8, 14.5], "texture": "#1"},
				"down": {"uv": [0.5, 8.5, 8, 14.5], "texture": "#1"}
			}
		},
		{
			"from": [7.2, 7.8, 5.9],
			"to": [8.2, 8.2, 8.2],
			"rotation": {"angle": 0, "axis": "x", "origin": [0.5, 8.2, 19]},
			"faces": {
				"north": {"uv": [0.5, 8.5, 8, 14.5], "texture": "#1"},
				"east": {"uv": [0.5, 8.5, 8, 14.5], "texture": "#1"},
				"south": {"uv": [0.5, 8.5, 8, 14.5], "texture": "#1"},
				"west": {"uv": [0.5, 8.5, 8, 14.5], "texture": "#1"},
				"up": {"uv": [0.5, 8.5, 8, 14.5], "texture": "#1"},
				"down": {"uv": [0.5, 8.5, 8, 14.5], "texture": "#1"}
			}
		},
		{
			"from": [7.2, 8.1, 8.2],
			"to": [8.2, 8.2, 8.5],
			"rotation": {"angle": 0, "axis": "x", "origin": [0.5, 8.2, 19]},
			"faces": {
				"north": {"uv": [0.5, 8.5, 8, 14.5], "texture": "#1"},
				"east": {"uv": [0.5, 8.5, 8, 14.5], "texture": "#1"},
				"south": {"uv": [0.5, 8.5, 8, 14.5], "texture": "#1"},
				"west": {"uv": [0.5, 8.5, 8, 14.5], "texture": "#1"},
				"up": {"uv": [0.5, 8.5, 8, 14.5], "texture": "#1"},
				"down": {"uv": [0.5, 8.5, 8, 14.5], "texture": "#1"}
			}
		},
		{
			"from": [7.2, 8, 8.2],
			"to": [8.2, 8.1, 8.3],
			"rotation": {"angle": 0, "axis": "x", "origin": [0.5, 8.2, 19]},
			"faces": {
				"north": {"uv": [0.5, 8.5, 8, 14.5], "texture": "#1"},
				"east": {"uv": [0.5, 8.5, 8, 14.5], "texture": "#1"},
				"south": {"uv": [0.5, 8.5, 8, 14.5], "texture": "#1"},
				"west": {"uv": [0.5, 8.5, 8, 14.5], "texture": "#1"},
				"up": {"uv": [0.5, 8.5, 8, 14.5], "texture": "#1"},
				"down": {"uv": [0.5, 8.5, 8, 14.5], "texture": "#1"}
			}
		},
		{
			"from": [7.2, 7.8, 9.8],
			"to": [8.2, 7.9, 11.2],
			"rotation": {"angle": 0, "axis": "x", "origin": [0.5, 8.2, 19]},
			"faces": {
				"north": {"uv": [0.5, 8.5, 8, 14.5], "texture": "#1"},
				"east": {"uv": [0.5, 8.5, 8, 14.5], "texture": "#1"},
				"south": {"uv": [0.5, 8.5, 8, 14.5], "texture": "#1"},
				"west": {"uv": [0.5, 8.5, 8, 14.5], "texture": "#1"},
				"up": {"uv": [0.5, 8.5, 8, 14.5], "texture": "#1"},
				"down": {"uv": [0.5, 8.5, 8, 14.5], "texture": "#1"}
			}
		},
		{
			"from": [7.2, 10.4, 5],
			"to": [8.2, 10.8, 11.8],
			"rotation": {"angle": 0, "axis": "x", "origin": [0.5, 8.2, 19]},
			"faces": {
				"north": {"uv": [0.5, 8.5, 8, 14.5], "texture": "#1"},
				"east": {"uv": [0.5, 8.5, 8, 14.5], "texture": "#1"},
				"south": {"uv": [0.5, 8.5, 8, 14.5], "texture": "#1"},
				"west": {"uv": [0.5, 8.5, 8, 14.5], "texture": "#1"},
				"up": {"uv": [0.5, 8.5, 8, 14.5], "texture": "#1"},
				"down": {"uv": [0.5, 8.5, 8, 14.5], "texture": "#1"}
			}
		},
		{
			"from": [7.2, 10.8, 8.9],
			"to": [8.2, 10.9, 9.1],
			"rotation": {"angle": 0, "axis": "x", "origin": [0.5, 8.2, 19]},
			"faces": {
				"north": {"uv": [0.5, 8.5, 8, 14.5], "texture": "#1"},
				"east": {"uv": [0.5, 8.5, 8, 14.5], "texture": "#1"},
				"south": {"uv": [0.5, 8.5, 8, 14.5], "texture": "#1"},
				"west": {"uv": [0.5, 8.5, 8, 14.5], "texture": "#1"},
				"up": {"uv": [0.5, 8.5, 8, 14.5], "texture": "#1"},
				"down": {"uv": [0.5, 8.5, 8, 14.5], "texture": "#1"}
			}
		},
		{
			"from": [7.5, 10.8, 9.3],
			"to": [7.9, 11, 10],
			"rotation": {"angle": 0, "axis": "x", "origin": [0.5, 8.2, 19]},
			"faces": {
				"north": {"uv": [0.5, 8.5, 8, 14.5], "texture": "#1"},
				"east": {"uv": [0.5, 8.5, 8, 14.5], "texture": "#1"},
				"south": {"uv": [0.5, 8.5, 8, 14.5], "texture": "#1"},
				"west": {"uv": [0.5, 8.5, 8, 14.5], "texture": "#1"},
				"up": {"uv": [0.5, 8.5, 8, 14.5], "texture": "#1"},
				"down": {"uv": [0.5, 8.5, 8, 14.5], "texture": "#1"}
			}
		},
		{
			"from": [7.5, 11, 9.4],
			"to": [7.9, 11.4, 9.6],
			"rotation": {"angle": 0, "axis": "x", "origin": [0.5, 8.2, 19]},
			"faces": {
				"north": {"uv": [0.5, 8.5, 8, 14.5], "texture": "#1"},
				"east": {"uv": [0.5, 8.5, 8, 14.5], "texture": "#1"},
				"south": {"uv": [0.5, 8.5, 8, 14.5], "texture": "#1"},
				"west": {"uv": [0.5, 8.5, 8, 14.5], "texture": "#1"},
				"up": {"uv": [0.5, 8.5, 8, 14.5], "texture": "#1"},
				"down": {"uv": [0.5, 8.5, 8, 14.5], "texture": "#1"}
			}
		},
		{
			"from": [7.2, 10.8, 8.6],
			"to": [8.2, 10.9, 8.8],
			"rotation": {"angle": 0, "axis": "x", "origin": [0.5, 8.2, 19]},
			"faces": {
				"north": {"uv": [0.5, 8.5, 8, 14.5], "texture": "#1"},
				"east": {"uv": [0.5, 8.5, 8, 14.5], "texture": "#1"},
				"south": {"uv": [0.5, 8.5, 8, 14.5], "texture": "#1"},
				"west": {"uv": [0.5, 8.5, 8, 14.5], "texture": "#1"},
				"up": {"uv": [0.5, 8.5, 8, 14.5], "texture": "#1"},
				"down": {"uv": [0.5, 8.5, 8, 14.5], "texture": "#1"}
			}
		},
		{
			"from": [7.2, 10.8, 5.3],
			"to": [8.2, 10.9, 5.5],
			"rotation": {"angle": 0, "axis": "x", "origin": [0.5, 8.2, 19]},
			"faces": {
				"north": {"uv": [0.5, 8.5, 8, 14.5], "texture": "#1"},
				"east": {"uv": [0.5, 8.5, 8, 14.5], "texture": "#1"},
				"south": {"uv": [0.5, 8.5, 8, 14.5], "texture": "#1"},
				"west": {"uv": [0.5, 8.5, 8, 14.5], "texture": "#1"},
				"up": {"uv": [0.5, 8.5, 8, 14.5], "texture": "#1"},
				"down": {"uv": [0.5, 8.5, 8, 14.5], "texture": "#1"}
			}
		},
		{
			"from": [7.2, 10.8, 5],
			"to": [8.2, 10.9, 5.2],
			"rotation": {"angle": 0, "axis": "x", "origin": [0.5, 8.2, 19]},
			"faces": {
				"north": {"uv": [0.5, 8.5, 8, 14.5], "texture": "#1"},
				"east": {"uv": [0.5, 8.5, 8, 14.5], "texture": "#1"},
				"south": {"uv": [0.5, 8.5, 8, 14.5], "texture": "#1"},
				"west": {"uv": [0.5, 8.5, 8, 14.5], "texture": "#1"},
				"up": {"uv": [0.5, 8.5, 8, 14.5], "texture": "#1"},
				"down": {"uv": [0.5, 8.5, 8, 14.5], "texture": "#1"}
			}
		},
		{
			"from": [7.2, 10.8, 8.3],
			"to": [8.2, 10.9, 8.5],
			"rotation": {"angle": 0, "axis": "x", "origin": [0.5, 8.2, 19]},
			"faces": {
				"north": {"uv": [0.5, 8.5, 8, 14.5], "texture": "#1"},
				"east": {"uv": [0.5, 8.5, 8, 14.5], "texture": "#1"},
				"south": {"uv": [0.5, 8.5, 8, 14.5], "texture": "#1"},
				"west": {"uv": [0.5, 8.5, 8, 14.5], "texture": "#1"},
				"up": {"uv": [0.5, 8.5, 8, 14.5], "texture": "#1"},
				"down": {"uv": [0.5, 8.5, 8, 14.5], "texture": "#1"}
			}
		},
		{
			"from": [7.2, 10.8, 8],
			"to": [8.2, 10.9, 8.2],
			"rotation": {"angle": 0, "axis": "x", "origin": [0.5, 8.2, 19]},
			"faces": {
				"north": {"uv": [0.5, 8.5, 8, 14.5], "texture": "#1"},
				"east": {"uv": [0.5, 8.5, 8, 14.5], "texture": "#1"},
				"south": {"uv": [0.5, 8.5, 8, 14.5], "texture": "#1"},
				"west": {"uv": [0.5, 8.5, 8, 14.5], "texture": "#1"},
				"up": {"uv": [0.5, 8.5, 8, 14.5], "texture": "#1"},
				"down": {"uv": [0.5, 8.5, 8, 14.5], "texture": "#1"}
			}
		},
		{
			"from": [7.2, 10.8, 6.8],
			"to": [8.2, 10.9, 7],
			"rotation": {"angle": 0, "axis": "x", "origin": [0.5, 8.2, 19]},
			"faces": {
				"north": {"uv": [0.5, 8.5, 8, 14.5], "texture": "#1"},
				"east": {"uv": [0.5, 8.5, 8, 14.5], "texture": "#1"},
				"south": {"uv": [0.5, 8.5, 8, 14.5], "texture": "#1"},
				"west": {"uv": [0.5, 8.5, 8, 14.5], "texture": "#1"},
				"up": {"uv": [0.5, 8.5, 8, 14.5], "texture": "#1"},
				"down": {"uv": [0.5, 8.5, 8, 14.5], "texture": "#1"}
			}
		},
		{
			"from": [7.2, 10.8, 7.1],
			"to": [8.2, 10.9, 7.3],
			"rotation": {"angle": 0, "axis": "x", "origin": [0.5, 8.2, 19]},
			"faces": {
				"north": {"uv": [0.5, 8.5, 8, 14.5], "texture": "#1"},
				"east": {"uv": [0.5, 8.5, 8, 14.5], "texture": "#1"},
				"south": {"uv": [0.5, 8.5, 8, 14.5], "texture": "#1"},
				"west": {"uv": [0.5, 8.5, 8, 14.5], "texture": "#1"},
				"up": {"uv": [0.5, 8.5, 8, 14.5], "texture": "#1"},
				"down": {"uv": [0.5, 8.5, 8, 14.5], "texture": "#1"}
			}
		},
		{
			"from": [7.2, 10.8, 7.4],
			"to": [8.2, 10.9, 7.6],
			"rotation": {"angle": 0, "axis": "x", "origin": [0.5, 8.2, 19]},
			"faces": {
				"north": {"uv": [0.5, 8.5, 8, 14.5], "texture": "#1"},
				"east": {"uv": [0.5, 8.5, 8, 14.5], "texture": "#1"},
				"south": {"uv": [0.5, 8.5, 8, 14.5], "texture": "#1"},
				"west": {"uv": [0.5, 8.5, 8, 14.5], "texture": "#1"},
				"up": {"uv": [0.5, 8.5, 8, 14.5], "texture": "#1"},
				"down": {"uv": [0.5, 8.5, 8, 14.5], "texture": "#1"}
			}
		},
		{
			"from": [7.2, 10.8, 7.7],
			"to": [8.2, 10.9, 7.9],
			"rotation": {"angle": 0, "axis": "x", "origin": [0.5, 8.2, 19]},
			"faces": {
				"north": {"uv": [0.5, 8.5, 8, 14.5], "texture": "#1"},
				"east": {"uv": [0.5, 8.5, 8, 14.5], "texture": "#1"},
				"south": {"uv": [0.5, 8.5, 8, 14.5], "texture": "#1"},
				"west": {"uv": [0.5, 8.5, 8, 14.5], "texture": "#1"},
				"up": {"uv": [0.5, 8.5, 8, 14.5], "texture": "#1"},
				"down": {"uv": [0.5, 8.5, 8, 14.5], "texture": "#1"}
			}
		},
		{
			"from": [7.2, 10.8, 5.6],
			"to": [8.2, 10.9, 5.8],
			"rotation": {"angle": 0, "axis": "x", "origin": [0.5, 8.2, 19]},
			"faces": {
				"north": {"uv": [0.5, 8.5, 8, 14.5], "texture": "#1"},
				"east": {"uv": [0.5, 8.5, 8, 14.5], "texture": "#1"},
				"south": {"uv": [0.5, 8.5, 8, 14.5], "texture": "#1"},
				"west": {"uv": [0.5, 8.5, 8, 14.5], "texture": "#1"},
				"up": {"uv": [0.5, 8.5, 8, 14.5], "texture": "#1"},
				"down": {"uv": [0.5, 8.5, 8, 14.5], "texture": "#1"}
			}
		},
		{
			"from": [7.2, 10.8, 5.9],
			"to": [8.2, 10.9, 6.1],
			"rotation": {"angle": 0, "axis": "x", "origin": [0.5, 8.2, 19]},
			"faces": {
				"north": {"uv": [0.5, 8.5, 8, 14.5], "texture": "#1"},
				"east": {"uv": [0.5, 8.5, 8, 14.5], "texture": "#1"},
				"south": {"uv": [0.5, 8.5, 8, 14.5], "texture": "#1"},
				"west": {"uv": [0.5, 8.5, 8, 14.5], "texture": "#1"},
				"up": {"uv": [0.5, 8.5, 8, 14.5], "texture": "#1"},
				"down": {"uv": [0.5, 8.5, 8, 14.5], "texture": "#1"}
			}
		},
		{
			"from": [7.2, 10.8, 6.2],
			"to": [8.2, 10.9, 6.4],
			"rotation": {"angle": 0, "axis": "x", "origin": [0.5, 8.2, 19]},
			"faces": {
				"north": {"uv": [0.5, 8.5, 8, 14.5], "texture": "#1"},
				"east": {"uv": [0.5, 8.5, 8, 14.5], "texture": "#1"},
				"south": {"uv": [0.5, 8.5, 8, 14.5], "texture": "#1"},
				"west": {"uv": [0.5, 8.5, 8, 14.5], "texture": "#1"},
				"up": {"uv": [0.5, 8.5, 8, 14.5], "texture": "#1"},
				"down": {"uv": [0.5, 8.5, 8, 14.5], "texture": "#1"}
			}
		},
		{
			"from": [7.2, 10.8, 6.5],
			"to": [8.2, 10.9, 6.7],
			"rotation": {"angle": 0, "axis": "x", "origin": [0.5, 8.2, 19]},
			"faces": {
				"north": {"uv": [0.5, 8.5, 8, 14.5], "texture": "#1"},
				"east": {"uv": [0.5, 8.5, 8, 14.5], "texture": "#1"},
				"south": {"uv": [0.5, 8.5, 8, 14.5], "texture": "#1"},
				"west": {"uv": [0.5, 8.5, 8, 14.5], "texture": "#1"},
				"up": {"uv": [0.5, 8.5, 8, 14.5], "texture": "#1"},
				"down": {"uv": [0.5, 8.5, 8, 14.5], "texture": "#1"}
			}
		},
		{
			"from": [7.2, 10.8, 4.7],
			"to": [8.2, 10.9, 4.9],
			"rotation": {"angle": 0, "axis": "x", "origin": [0.5, 8.2, 19]},
			"faces": {
				"north": {"uv": [0.5, 8.5, 8, 14.5], "texture": "#1"},
				"east": {"uv": [0.5, 8.5, 8, 14.5], "texture": "#1"},
				"south": {"uv": [0.5, 8.5, 8, 14.5], "texture": "#1"},
				"west": {"uv": [0.5, 8.5, 8, 14.5], "texture": "#1"},
				"up": {"uv": [0.5, 8.5, 8, 14.5], "texture": "#1"},
				"down": {"uv": [0.5, 8.5, 8, 14.5], "texture": "#1"}
			}
		},
		{
			"from": [7.2, 10.8, 4.4],
			"to": [8.2, 10.9, 4.6],
			"rotation": {"angle": 0, "axis": "x", "origin": [0.5, 8.2, 19]},
			"faces": {
				"north": {"uv": [0.5, 8.5, 8, 14.5], "texture": "#1"},
				"east": {"uv": [0.5, 8.5, 8, 14.5], "texture": "#1"},
				"south": {"uv": [0.5, 8.5, 8, 14.5], "texture": "#1"},
				"west": {"uv": [0.5, 8.5, 8, 14.5], "texture": "#1"},
				"up": {"uv": [0.5, 8.5, 8, 14.5], "texture": "#1"},
				"down": {"uv": [0.5, 8.5, 8, 14.5], "texture": "#1"}
			}
		},
		{
			"from": [7.2, 10.8, 4.1],
			"to": [8.2, 10.9, 4.3],
			"rotation": {"angle": 0, "axis": "x", "origin": [0.5, 8.2, 19]},
			"faces": {
				"north": {"uv": [0.5, 8.5, 8, 14.5], "texture": "#1"},
				"east": {"uv": [0.5, 8.5, 8, 14.5], "texture": "#1"},
				"south": {"uv": [0.5, 8.5, 8, 14.5], "texture": "#1"},
				"west": {"uv": [0.5, 8.5, 8, 14.5], "texture": "#1"},
				"up": {"uv": [0.5, 8.5, 8, 14.5], "texture": "#1"},
				"down": {"uv": [0.5, 8.5, 8, 14.5], "texture": "#1"}
			}
		},
		{
			"from": [7.2, 10.8, 3.8],
			"to": [8.2, 10.9, 4],
			"rotation": {"angle": 0, "axis": "x", "origin": [0.5, 8.2, 19]},
			"faces": {
				"north": {"uv": [0.5, 8.5, 8, 14.5], "texture": "#1"},
				"east": {"uv": [0.5, 8.5, 8, 14.5], "texture": "#1"},
				"south": {"uv": [0.5, 8.5, 8, 14.5], "texture": "#1"},
				"west": {"uv": [0.5, 8.5, 8, 14.5], "texture": "#1"},
				"up": {"uv": [0.5, 8.5, 8, 14.5], "texture": "#1"},
				"down": {"uv": [0.5, 8.5, 8, 14.5], "texture": "#1"}
			}
		},
		{
			"from": [7.2, 10.8, 1.4],
			"to": [8.2, 10.9, 1.6],
			"rotation": {"angle": 0, "axis": "x", "origin": [0.5, 8.2, 19]},
			"faces": {
				"north": {"uv": [0.5, 8.5, 8, 14.5], "texture": "#1"},
				"east": {"uv": [0.5, 8.5, 8, 14.5], "texture": "#1"},
				"south": {"uv": [0.5, 8.5, 8, 14.5], "texture": "#1"},
				"west": {"uv": [0.5, 8.5, 8, 14.5], "texture": "#1"},
				"up": {"uv": [0.5, 8.5, 8, 14.5], "texture": "#1"},
				"down": {"uv": [0.5, 8.5, 8, 14.5], "texture": "#1"}
			}
		},
		{
			"from": [7.2, 10.8, 1.1],
			"to": [8.2, 10.9, 1.3],
			"rotation": {"angle": 0, "axis": "x", "origin": [0.5, 8.2, 19]},
			"faces": {
				"north": {"uv": [0.5, 8.5, 8, 14.5], "texture": "#1"},
				"east": {"uv": [0.5, 8.5, 8, 14.5], "texture": "#1"},
				"south": {"uv": [0.5, 8.5, 8, 14.5], "texture": "#1"},
				"west": {"uv": [0.5, 8.5, 8, 14.5], "texture": "#1"},
				"up": {"uv": [0.5, 8.5, 8, 14.5], "texture": "#1"},
				"down": {"uv": [0.5, 8.5, 8, 14.5], "texture": "#1"}
			}
		},
		{
			"from": [7.2, 10.8, 0.8],
			"to": [8.2, 10.9, 1],
			"rotation": {"angle": 0, "axis": "x", "origin": [0.5, 8.2, 19]},
			"faces": {
				"north": {"uv": [0.5, 8.5, 8, 14.5], "texture": "#1"},
				"east": {"uv": [0.5, 8.5, 8, 14.5], "texture": "#1"},
				"south": {"uv": [0.5, 8.5, 8, 14.5], "texture": "#1"},
				"west": {"uv": [0.5, 8.5, 8, 14.5], "texture": "#1"},
				"up": {"uv": [0.5, 8.5, 8, 14.5], "texture": "#1"},
				"down": {"uv": [0.5, 8.5, 8, 14.5], "texture": "#1"}
			}
		},
		{
			"from": [7.2, 10.8, 0.5],
			"to": [8.2, 10.9, 0.7],
			"rotation": {"angle": 0, "axis": "x", "origin": [0.5, 8.2, 19]},
			"faces": {
				"north": {"uv": [0.5, 8.5, 8, 14.5], "texture": "#1"},
				"east": {"uv": [0.5, 8.5, 8, 14.5], "texture": "#1"},
				"south": {"uv": [0.5, 8.5, 8, 14.5], "texture": "#1"},
				"west": {"uv": [0.5, 8.5, 8, 14.5], "texture": "#1"},
				"up": {"uv": [0.5, 8.5, 8, 14.5], "texture": "#1"},
				"down": {"uv": [0.5, 8.5, 8, 14.5], "texture": "#1"}
			}
		},
		{
			"from": [7.2, 10.8, 0.2],
			"to": [8.2, 10.9, 0.4],
			"rotation": {"angle": 0, "axis": "x", "origin": [0.5, 8.2, 19]},
			"faces": {
				"north": {"uv": [0.5, 8.5, 8, 14.5], "texture": "#1"},
				"east": {"uv": [0.5, 8.5, 8, 14.5], "texture": "#1"},
				"south": {"uv": [0.5, 8.5, 8, 14.5], "texture": "#1"},
				"west": {"uv": [0.5, 8.5, 8, 14.5], "texture": "#1"},
				"up": {"uv": [0.5, 8.5, 8, 14.5], "texture": "#1"},
				"down": {"uv": [0.5, 8.5, 8, 14.5], "texture": "#1"}
			}
		},
		{
			"from": [7.2, 10.8, -0.1],
			"to": [8.2, 10.9, 0.1],
			"rotation": {"angle": 0, "axis": "x", "origin": [0.5, 8.2, 19]},
			"faces": {
				"north": {"uv": [0.5, 8.5, 8, 14.5], "texture": "#1"},
				"east": {"uv": [0.5, 8.5, 8, 14.5], "texture": "#1"},
				"south": {"uv": [0.5, 8.5, 8, 14.5], "texture": "#1"},
				"west": {"uv": [0.5, 8.5, 8, 14.5], "texture": "#1"},
				"up": {"uv": [0.5, 8.5, 8, 14.5], "texture": "#1"},
				"down": {"uv": [0.5, 8.5, 8, 14.5], "texture": "#1"}
			}
		},
		{
			"from": [7.2, 10.8, -0.4],
			"to": [8.2, 10.9, -0.2],
			"rotation": {"angle": 0, "axis": "x", "origin": [0.5, 8.2, 19]},
			"faces": {
				"north": {"uv": [0.5, 8.5, 8, 14.5], "texture": "#1"},
				"east": {"uv": [0.5, 8.5, 8, 14.5], "texture": "#1"},
				"south": {"uv": [0.5, 8.5, 8, 14.5], "texture": "#1"},
				"west": {"uv": [0.5, 8.5, 8, 14.5], "texture": "#1"},
				"up": {"uv": [0.5, 8.5, 8, 14.5], "texture": "#1"},
				"down": {"uv": [0.5, 8.5, 8, 14.5], "texture": "#1"}
			}
		},
		{
			"from": [7.2, 10.8, -0.7],
			"to": [8.2, 10.9, -0.5],
			"rotation": {"angle": 0, "axis": "x", "origin": [0.5, 8.2, 19]},
			"faces": {
				"north": {"uv": [0.5, 8.5, 8, 14.5], "texture": "#1"},
				"east": {"uv": [0.5, 8.5, 8, 14.5], "texture": "#1"},
				"south": {"uv": [0.5, 8.5, 8, 14.5], "texture": "#1"},
				"west": {"uv": [0.5, 8.5, 8, 14.5], "texture": "#1"},
				"up": {"uv": [0.5, 8.5, 8, 14.5], "texture": "#1"},
				"down": {"uv": [0.5, 8.5, 8, 14.5], "texture": "#1"}
			}
		},
		{
			"from": [7.2, 10.8, -1],
			"to": [8.2, 10.9, -0.8],
			"rotation": {"angle": 0, "axis": "x", "origin": [0.5, 8.2, 19]},
			"faces": {
				"north": {"uv": [0.5, 8.5, 8, 14.5], "texture": "#1"},
				"east": {"uv": [0.5, 8.5, 8, 14.5], "texture": "#1"},
				"south": {"uv": [0.5, 8.5, 8, 14.5], "texture": "#1"},
				"west": {"uv": [0.5, 8.5, 8, 14.5], "texture": "#1"},
				"up": {"uv": [0.5, 8.5, 8, 14.5], "texture": "#1"},
				"down": {"uv": [0.5, 8.5, 8, 14.5], "texture": "#1"}
			}
		},
		{
			"from": [7.2, 10.8, -1.3],
			"to": [8.2, 10.9, -1.1],
			"rotation": {"angle": 0, "axis": "x", "origin": [0.5, 8.2, 19]},
			"faces": {
				"north": {"uv": [0.5, 8.5, 8, 14.5], "texture": "#1"},
				"east": {"uv": [0.5, 8.5, 8, 14.5], "texture": "#1"},
				"south": {"uv": [0.5, 8.5, 8, 14.5], "texture": "#1"},
				"west": {"uv": [0.5, 8.5, 8, 14.5], "texture": "#1"},
				"up": {"uv": [0.5, 8.5, 8, 14.5], "texture": "#1"},
				"down": {"uv": [0.5, 8.5, 8, 14.5], "texture": "#1"}
			}
		},
		{
			"from": [7.5, 10.8, -2.7],
			"to": [7.9, 10.9, -1.5],
			"rotation": {"angle": 0, "axis": "x", "origin": [0.5, 8.2, 19]},
			"faces": {
				"north": {"uv": [0.5, 8.5, 8, 14.5], "texture": "#1"},
				"east": {"uv": [0.5, 8.5, 8, 14.5], "texture": "#1"},
				"south": {"uv": [0.5, 8.5, 8, 14.5], "texture": "#1"},
				"west": {"uv": [0.5, 8.5, 8, 14.5], "texture": "#1"},
				"up": {"uv": [0.5, 8.5, 8, 14.5], "texture": "#1"},
				"down": {"uv": [0.5, 8.5, 8, 14.5], "texture": "#1"}
			}
		},
		{
			"from": [7.5, 10.9, -2.7],
			"to": [7.9, 11, -1.5],
			"rotation": {"angle": 0, "axis": "x", "origin": [0.5, 8.2, 19]},
			"faces": {
				"north": {"uv": [0.5, 8.5, 8, 14.5], "texture": "#1"},
				"east": {"uv": [0.5, 8.5, 8, 14.5], "texture": "#1"},
				"south": {"uv": [0.5, 8.5, 8, 14.5], "texture": "#1"},
				"west": {"uv": [0.5, 8.5, 8, 14.5], "texture": "#1"},
				"up": {"uv": [0.5, 8.5, 8, 14.5], "texture": "#1"},
				"down": {"uv": [0.5, 8.5, 8, 14.5], "texture": "#1"}
			}
		},
		{
			"from": [7.5, 11, -2.4],
			"to": [7.9, 11.1, -1.5],
			"rotation": {"angle": 0, "axis": "x", "origin": [0.5, 8.2, 19]},
			"faces": {
				"north": {"uv": [0.5, 8.5, 8, 14.5], "texture": "#1"},
				"east": {"uv": [0.5, 8.5, 8, 14.5], "texture": "#1"},
				"south": {"uv": [0.5, 8.5, 8, 14.5], "texture": "#1"},
				"west": {"uv": [0.5, 8.5, 8, 14.5], "texture": "#1"},
				"up": {"uv": [0.5, 8.5, 8, 14.5], "texture": "#1"},
				"down": {"uv": [0.5, 8.5, 8, 14.5], "texture": "#1"}
			}
		},
		{
			"from": [7.5, 11.1, -2.4],
			"to": [7.9, 11.2, -1.5],
			"rotation": {"angle": 0, "axis": "x", "origin": [0.5, 8.2, 19]},
			"faces": {
				"north": {"uv": [0.5, 8.5, 8, 14.5], "texture": "#1"},
				"east": {"uv": [0.5, 8.5, 8, 14.5], "texture": "#1"},
				"south": {"uv": [0.5, 8.5, 8, 14.5], "texture": "#1"},
				"west": {"uv": [0.5, 8.5, 8, 14.5], "texture": "#1"},
				"up": {"uv": [0.5, 8.5, 8, 14.5], "texture": "#1"},
				"down": {"uv": [0.5, 8.5, 8, 14.5], "texture": "#1"}
			}
		},
		{
			"from": [7.5, 11.2, -2.4],
			"to": [7.9, 11.3, -1.9],
			"rotation": {"angle": 0, "axis": "x", "origin": [0.5, 8.2, 19]},
			"faces": {
				"north": {"uv": [0.5, 8.5, 8, 14.5], "texture": "#1"},
				"east": {"uv": [0.5, 8.5, 8, 14.5], "texture": "#1"},
				"south": {"uv": [0.5, 8.5, 8, 14.5], "texture": "#1"},
				"west": {"uv": [0.5, 8.5, 8, 14.5], "texture": "#1"},
				"up": {"uv": [0.5, 8.5, 8, 14.5], "texture": "#1"},
				"down": {"uv": [0.5, 8.5, 8, 14.5], "texture": "#1"}
			}
		},
		{
			"from": [7.5, 11.3, -2.2],
			"to": [7.9, 11.8, -2],
			"rotation": {"angle": 0, "axis": "x", "origin": [0.5, 8.2, 19]},
			"faces": {
				"north": {"uv": [0.5, 8.5, 8, 14.5], "texture": "#1"},
				"east": {"uv": [0.5, 8.5, 8, 14.5], "texture": "#1"},
				"south": {"uv": [0.5, 8.5, 8, 14.5], "texture": "#1"},
				"west": {"uv": [0.5, 8.5, 8, 14.5], "texture": "#1"},
				"up": {"uv": [0.5, 8.5, 8, 14.5], "texture": "#1"},
				"down": {"uv": [0.5, 8.5, 8, 14.5], "texture": "#1"}
			}
		},
		{
			"from": [7.5, 11.8, -2.2],
			"to": [7.9, 12.3, -1.9],
			"rotation": {"angle": 0, "axis": "x", "origin": [0.5, 8.2, 19]},
			"faces": {
				"north": {"uv": [0.5, 8.5, 8, 14.5], "texture": "#1"},
				"east": {"uv": [0.5, 8.5, 8, 14.5], "texture": "#1"},
				"south": {"uv": [0.5, 8.5, 8, 14.5], "texture": "#1"},
				"west": {"uv": [0.5, 8.5, 8, 14.5], "texture": "#1"},
				"up": {"uv": [0.5, 8.5, 8, 14.5], "texture": "#1"},
				"down": {"uv": [0.5, 8.5, 8, 14.5], "texture": "#1"}
			}
		},
		{
			"from": [7.2, 10.8, 3.5],
			"to": [8.2, 10.9, 3.7],
			"rotation": {"angle": 0, "axis": "x", "origin": [0.5, 8.2, 19]},
			"faces": {
				"north": {"uv": [0.5, 8.5, 8, 14.5], "texture": "#1"},
				"east": {"uv": [0.5, 8.5, 8, 14.5], "texture": "#1"},
				"south": {"uv": [0.5, 8.5, 8, 14.5], "texture": "#1"},
				"west": {"uv": [0.5, 8.5, 8, 14.5], "texture": "#1"},
				"up": {"uv": [0.5, 8.5, 8, 14.5], "texture": "#1"},
				"down": {"uv": [0.5, 8.5, 8, 14.5], "texture": "#1"}
			}
		},
		{
			"from": [7.2, 10.8, 3.2],
			"to": [8.2, 10.9, 3.4],
			"rotation": {"angle": 0, "axis": "x", "origin": [0.5, 8.2, 19]},
			"faces": {
				"north": {"uv": [0.5, 8.5, 8, 14.5], "texture": "#1"},
				"east": {"uv": [0.5, 8.5, 8, 14.5], "texture": "#1"},
				"south": {"uv": [0.5, 8.5, 8, 14.5], "texture": "#1"},
				"west": {"uv": [0.5, 8.5, 8, 14.5], "texture": "#1"},
				"up": {"uv": [0.5, 8.5, 8, 14.5], "texture": "#1"},
				"down": {"uv": [0.5, 8.5, 8, 14.5], "texture": "#1"}
			}
		},
		{
			"from": [7.2, 10.8, 2.9],
			"to": [8.2, 10.9, 3.1],
			"rotation": {"angle": 0, "axis": "x", "origin": [0.5, 8.2, 19]},
			"faces": {
				"north": {"uv": [0.5, 8.5, 8, 14.5], "texture": "#1"},
				"east": {"uv": [0.5, 8.5, 8, 14.5], "texture": "#1"},
				"south": {"uv": [0.5, 8.5, 8, 14.5], "texture": "#1"},
				"west": {"uv": [0.5, 8.5, 8, 14.5], "texture": "#1"},
				"up": {"uv": [0.5, 8.5, 8, 14.5], "texture": "#1"},
				"down": {"uv": [0.5, 8.5, 8, 14.5], "texture": "#1"}
			}
		},
		{
			"from": [7.2, 10.8, 2.6],
			"to": [8.2, 10.9, 2.8],
			"rotation": {"angle": 0, "axis": "x", "origin": [0.5, 8.2, 19]},
			"faces": {
				"north": {"uv": [0.5, 8.5, 8, 14.5], "texture": "#1"},
				"east": {"uv": [0.5, 8.5, 8, 14.5], "texture": "#1"},
				"south": {"uv": [0.5, 8.5, 8, 14.5], "texture": "#1"},
				"west": {"uv": [0.5, 8.5, 8, 14.5], "texture": "#1"},
				"up": {"uv": [0.5, 8.5, 8, 14.5], "texture": "#1"},
				"down": {"uv": [0.5, 8.5, 8, 14.5], "texture": "#1"}
			}
		},
		{
			"from": [7.2, 10.8, 2.3],
			"to": [8.2, 10.9, 2.5],
			"rotation": {"angle": 0, "axis": "x", "origin": [0.5, 8.2, 19]},
			"faces": {
				"north": {"uv": [0.5, 8.5, 8, 14.5], "texture": "#1"},
				"east": {"uv": [0.5, 8.5, 8, 14.5], "texture": "#1"},
				"south": {"uv": [0.5, 8.5, 8, 14.5], "texture": "#1"},
				"west": {"uv": [0.5, 8.5, 8, 14.5], "texture": "#1"},
				"up": {"uv": [0.5, 8.5, 8, 14.5], "texture": "#1"},
				"down": {"uv": [0.5, 8.5, 8, 14.5], "texture": "#1"}
			}
		},
		{
			"from": [7.2, 10.8, 2],
			"to": [8.2, 10.9, 2.2],
			"rotation": {"angle": 0, "axis": "x", "origin": [0.5, 8.2, 19]},
			"faces": {
				"north": {"uv": [0.5, 8.5, 8, 14.5], "texture": "#1"},
				"east": {"uv": [0.5, 8.5, 8, 14.5], "texture": "#1"},
				"south": {"uv": [0.5, 8.5, 8, 14.5], "texture": "#1"},
				"west": {"uv": [0.5, 8.5, 8, 14.5], "texture": "#1"},
				"up": {"uv": [0.5, 8.5, 8, 14.5], "texture": "#1"},
				"down": {"uv": [0.5, 8.5, 8, 14.5], "texture": "#1"}
			}
		},
		{
			"from": [7.2, 10.8, 1.7],
			"to": [8.2, 10.9, 1.9],
			"rotation": {"angle": 0, "axis": "x", "origin": [0.5, 8.2, 19]},
			"faces": {
				"north": {"uv": [0.5, 8.5, 8, 14.5], "texture": "#1"},
				"east": {"uv": [0.5, 8.5, 8, 14.5], "texture": "#1"},
				"south": {"uv": [0.5, 8.5, 8, 14.5], "texture": "#1"},
				"west": {"uv": [0.5, 8.5, 8, 14.5], "texture": "#1"},
				"up": {"uv": [0.5, 8.5, 8, 14.5], "texture": "#1"},
				"down": {"uv": [0.5, 8.5, 8, 14.5], "texture": "#1"}
			}
		},
		{
			"from": [7.2, 8.7, 12],
			"to": [8.2, 9.2, 12.5],
			"rotation": {"angle": 0, "axis": "x", "origin": [0.5, 8.2, 19]},
			"faces": {
				"north": {"uv": [0.5, 8.5, 8, 14.5], "texture": "#1"},
				"east": {"uv": [0.5, 8.5, 8, 14.5], "texture": "#1"},
				"south": {"uv": [0.5, 8.5, 8, 14.5], "texture": "#1"},
				"west": {"uv": [0.5, 8.5, 8, 14.5], "texture": "#1"},
				"up": {"uv": [0.5, 8.5, 8, 14.5], "texture": "#1"},
				"down": {"uv": [0.5, 8.5, 8, 14.5], "texture": "#1"}
			}
		},
		{
			"from": [7.2, 8, 12.2],
			"to": [8.2, 8.7, 12.4],
			"rotation": {"angle": 0, "axis": "x", "origin": [0.5, 8.2, 19]},
			"faces": {
				"north": {"uv": [0.5, 8.5, 8, 14.5], "texture": "#1"},
				"east": {"uv": [0.5, 8.5, 8, 14.5], "texture": "#1"},
				"south": {"uv": [0.5, 8.5, 8, 14.5], "texture": "#1"},
				"west": {"uv": [0.5, 8.5, 8, 14.5], "texture": "#1"},
				"up": {"uv": [0.5, 8.5, 8, 14.5], "texture": "#1"},
				"down": {"uv": [0.5, 8.5, 8, 14.5], "texture": "#1"}
			}
		},
		{
			"from": [7.2, 8.03066, 18.64588],
			"to": [8.2, 9.23066, 18.94588],
			"rotation": {"angle": 0, "axis": "x", "origin": [0.5, 8.63066, 18.69588]},
			"faces": {
				"north": {"uv": [0.5, 8.5, 8, 14.5], "texture": "#1"},
				"east": {"uv": [0.5, 8.5, 8, 14.5], "texture": "#1"},
				"south": {"uv": [0.5, 8.5, 8, 14.5], "texture": "#1"},
				"west": {"uv": [0.5, 8.5, 8, 14.5], "texture": "#1"},
				"up": {"uv": [0.5, 8.5, 8, 14.5], "texture": "#1"},
				"down": {"uv": [0.5, 8.5, 8, 14.5], "texture": "#1"}
			}
		},
		{
			"from": [7.2, 6.93066, 18.44588],
			"to": [8.2, 8.13066, 18.74588],
			"rotation": {"angle": 0, "axis": "x", "origin": [0.5, 8.63066, 18.69588]},
			"faces": {
				"north": {"uv": [0.5, 8.5, 8, 14.5], "texture": "#1"},
				"east": {"uv": [0.5, 8.5, 8, 14.5], "texture": "#1"},
				"south": {"uv": [0.5, 8.5, 8, 14.5], "texture": "#1"},
				"west": {"uv": [0.5, 8.5, 8, 14.5], "texture": "#1"},
				"up": {"uv": [0.5, 8.5, 8, 14.5], "texture": "#1"},
				"down": {"uv": [0.5, 8.5, 8, 14.5], "texture": "#1"}
			}
		},
		{
			"from": [7.2, 6.13066, 18.34588],
			"to": [8.2, 7.33066, 18.64588],
			"rotation": {"angle": 0, "axis": "x", "origin": [0.5, 8.63066, 18.69588]},
			"faces": {
				"north": {"uv": [0.5, 8.5, 8, 14.5], "texture": "#1"},
				"east": {"uv": [0.5, 8.5, 8, 14.5], "texture": "#1"},
				"south": {"uv": [0.5, 8.5, 8, 14.5], "texture": "#1"},
				"west": {"uv": [0.5, 8.5, 8, 14.5], "texture": "#1"},
				"up": {"uv": [0.5, 8.5, 8, 14.5], "texture": "#1"},
				"down": {"uv": [0.5, 8.5, 8, 14.5], "texture": "#1"}
			}
		},
		{
			"from": [7.4, 6.9, 5.9],
			"to": [8, 7.6, 8],
			"faces": {
				"north": {"uv": [9, 8.5, 14.5, 14.5], "texture": "#1"},
				"east": {"uv": [9, 8.5, 14.5, 14.5], "texture": "#1"},
				"south": {"uv": [9, 8.5, 14.5, 14.5], "texture": "#1"},
				"west": {"uv": [9, 8.5, 14.5, 14.5], "texture": "#1"},
				"up": {"uv": [9, 8.5, 14.5, 14.5], "texture": "#1"},
				"down": {"uv": [9, 8.5, 14.5, 14.5], "texture": "#1"}
			}
		},
		{
			"from": [7.4, 6.6, 5.9],
			"to": [8, 6.9, 8],
			"faces": {
				"north": {"uv": [9, 8.5, 14.5, 14.5], "texture": "#1"},
				"east": {"uv": [9, 8.5, 14.5, 14.5], "texture": "#1"},
				"south": {"uv": [9, 8.5, 14.5, 14.5], "texture": "#1"},
				"west": {"uv": [9, 8.5, 14.5, 14.5], "texture": "#1"},
				"up": {"uv": [9, 8.5, 14.5, 14.5], "texture": "#1"},
				"down": {"uv": [9, 8.5, 14.5, 14.5], "texture": "#1"}
			}
		},
		{
			"from": [7.4, 6.5, 5.9],
			"to": [8, 6.6, 8],
			"faces": {
				"north": {"uv": [9, 8.5, 14.5, 14.5], "texture": "#1"},
				"east": {"uv": [9, 8.5, 14.5, 14.5], "texture": "#1"},
				"south": {"uv": [9, 8.5, 14.5, 14.5], "texture": "#1"},
				"west": {"uv": [9, 8.5, 14.5, 14.5], "texture": "#1"},
				"up": {"uv": [9, 8.5, 14.5, 14.5], "texture": "#1"},
				"down": {"uv": [9, 8.5, 14.5, 14.5], "texture": "#1"}
			}
		},
		{
			"from": [7.4, 6.4, 5.9],
			"to": [8, 6.5, 7.9],
			"faces": {
				"north": {"uv": [9, 8.5, 14.5, 14.5], "texture": "#1"},
				"east": {"uv": [9, 8.5, 14.5, 14.5], "texture": "#1"},
				"south": {"uv": [9, 8.5, 14.5, 14.5], "texture": "#1"},
				"west": {"uv": [9, 8.5, 14.5, 14.5], "texture": "#1"},
				"up": {"uv": [9, 8.5, 14.5, 14.5], "texture": "#1"},
				"down": {"uv": [9, 8.5, 14.5, 14.5], "texture": "#1"}
			}
		},
		{
			"from": [7.4, 6, 5.8],
			"to": [8, 6.4, 7.9],
			"faces": {
				"north": {"uv": [9, 8.5, 14.5, 14.5], "texture": "#1"},
				"east": {"uv": [9, 8.5, 14.5, 14.5], "texture": "#1"},
				"south": {"uv": [9, 8.5, 14.5, 14.5], "texture": "#1"},
				"west": {"uv": [9, 8.5, 14.5, 14.5], "texture": "#1"},
				"up": {"uv": [9, 8.5, 14.5, 14.5], "texture": "#1"},
				"down": {"uv": [9, 8.5, 14.5, 14.5], "texture": "#1"}
			}
		},
		{
			"from": [7.4, 5.6, 5.7],
			"to": [8, 6, 7.8],
			"faces": {
				"north": {"uv": [9, 8.5, 14.5, 14.5], "texture": "#1"},
				"east": {"uv": [9, 8.5, 14.5, 14.5], "texture": "#1"},
				"south": {"uv": [9, 8.5, 14.5, 14.5], "texture": "#1"},
				"west": {"uv": [9, 8.5, 14.5, 14.5], "texture": "#1"},
				"up": {"uv": [9, 8.5, 14.5, 14.5], "texture": "#1"},
				"down": {"uv": [9, 8.5, 14.5, 14.5], "texture": "#1"}
			}
		},
		{
			"from": [7.4, 5.2, 5.6],
			"to": [8, 5.6, 7.7],
			"faces": {
				"north": {"uv": [9, 8.5, 14.5, 14.5], "texture": "#1"},
				"east": {"uv": [9, 8.5, 14.5, 14.5], "texture": "#1"},
				"south": {"uv": [9, 8.5, 14.5, 14.5], "texture": "#1"},
				"west": {"uv": [9, 8.5, 14.5, 14.5], "texture": "#1"},
				"up": {"uv": [9, 8.5, 14.5, 14.5], "texture": "#1"},
				"down": {"uv": [9, 8.5, 14.5, 14.5], "texture": "#1"}
			}
		},
		{
			"from": [7.4, 4.8, 5.5],
			"to": [8, 5.2, 7.6],
			"faces": {
				"north": {"uv": [9, 8.5, 14.5, 14.5], "texture": "#1"},
				"east": {"uv": [9, 8.5, 14.5, 14.5], "texture": "#1"},
				"south": {"uv": [9, 8.5, 14.5, 14.5], "texture": "#1"},
				"west": {"uv": [9, 8.5, 14.5, 14.5], "texture": "#1"},
				"up": {"uv": [9, 8.5, 14.5, 14.5], "texture": "#1"},
				"down": {"uv": [9, 8.5, 14.5, 14.5], "texture": "#1"}
			}
		},
		{
			"from": [7.4, 4.7, 5.4],
			"to": [8, 4.8, 7.5],
			"faces": {
				"north": {"uv": [9, 8.5, 14.5, 14.5], "texture": "#1"},
				"east": {"uv": [9, 8.5, 14.5, 14.5], "texture": "#1"},
				"south": {"uv": [9, 8.5, 14.5, 14.5], "texture": "#1"},
				"west": {"uv": [9, 8.5, 14.5, 14.5], "texture": "#1"},
				"up": {"uv": [9, 8.5, 14.5, 14.5], "texture": "#1"},
				"down": {"uv": [9, 8.5, 14.5, 14.5], "texture": "#1"}
			}
		},
		{
			"from": [7.4, 4.6, 5.4],
			"to": [8, 4.7, 7.5],
			"faces": {
				"north": {"uv": [9, 8.5, 14.5, 14.5], "texture": "#1"},
				"east": {"uv": [9, 8.5, 14.5, 14.5], "texture": "#1"},
				"south": {"uv": [9, 8.5, 14.5, 14.5], "texture": "#1"},
				"west": {"uv": [9, 8.5, 14.5, 14.5], "texture": "#1"},
				"up": {"uv": [9, 8.5, 14.5, 14.5], "texture": "#1"},
				"down": {"uv": [9, 8.5, 14.5, 14.5], "texture": "#1"}
			}
		},
		{
			"from": [7.4, 4.5, 5.3],
			"to": [8, 4.6, 7.5],
			"faces": {
				"north": {"uv": [9, 8.5, 14.5, 14.5], "texture": "#1"},
				"east": {"uv": [9, 8.5, 14.5, 14.5], "texture": "#1"},
				"south": {"uv": [9, 8.5, 14.5, 14.5], "texture": "#1"},
				"west": {"uv": [9, 8.5, 14.5, 14.5], "texture": "#1"},
				"up": {"uv": [9, 8.5, 14.5, 14.5], "texture": "#1"},
				"down": {"uv": [9, 8.5, 14.5, 14.5], "texture": "#1"}
			}
		},
		{
			"from": [7.4, 4.4, 5.3],
			"to": [8, 4.5, 7.4],
			"faces": {
				"north": {"uv": [9, 8.5, 14.5, 14.5], "texture": "#1"},
				"east": {"uv": [9, 8.5, 14.5, 14.5], "texture": "#1"},
				"south": {"uv": [9, 8.5, 14.5, 14.5], "texture": "#1"},
				"west": {"uv": [9, 8.5, 14.5, 14.5], "texture": "#1"},
				"up": {"uv": [9, 8.5, 14.5, 14.5], "texture": "#1"},
				"down": {"uv": [9, 8.5, 14.5, 14.5], "texture": "#1"}
			}
		},
		{
			"from": [7.4, 4.3, 5.5],
			"to": [8, 4.4, 7.4],
			"faces": {
				"north": {"uv": [9, 8.5, 14.5, 14.5], "texture": "#1"},
				"east": {"uv": [9, 8.5, 14.5, 14.5], "texture": "#1"},
				"south": {"uv": [9, 8.5, 14.5, 14.5], "texture": "#1"},
				"west": {"uv": [9, 8.5, 14.5, 14.5], "texture": "#1"},
				"up": {"uv": [9, 8.5, 14.5, 14.5], "texture": "#1"},
				"down": {"uv": [9, 8.5, 14.5, 14.5], "texture": "#1"}
			}
		},
		{
			"from": [7.4, 4.2, 5.8],
			"to": [8, 4.3, 7.4],
			"faces": {
				"north": {"uv": [9, 8.5, 14.5, 14.5], "texture": "#1"},
				"east": {"uv": [9, 8.5, 14.5, 14.5], "texture": "#1"},
				"south": {"uv": [9, 8.5, 14.5, 14.5], "texture": "#1"},
				"west": {"uv": [9, 8.5, 14.5, 14.5], "texture": "#1"},
				"up": {"uv": [9, 8.5, 14.5, 14.5], "texture": "#1"},
				"down": {"uv": [9, 8.5, 14.5, 14.5], "texture": "#1"}
			}
		},
		{
			"from": [7.4, 4.1, 6.1],
			"to": [8, 4.2, 7.4],
			"faces": {
				"north": {"uv": [9, 8.5, 14.5, 14.5], "texture": "#1"},
				"east": {"uv": [9, 8.5, 14.5, 14.5], "texture": "#1"},
				"south": {"uv": [9, 8.5, 14.5, 14.5], "texture": "#1"},
				"west": {"uv": [9, 8.5, 14.5, 14.5], "texture": "#1"},
				"up": {"uv": [9, 8.5, 14.5, 14.5], "texture": "#1"},
				"down": {"uv": [9, 8.5, 14.5, 14.5], "texture": "#1"}
			}
		},
		{
			"from": [7.4, 4, 6.5],
			"to": [8, 4.1, 7.4],
			"faces": {
				"north": {"uv": [9, 8.5, 14.5, 14.5], "texture": "#1"},
				"east": {"uv": [9, 8.5, 14.5, 14.5], "texture": "#1"},
				"south": {"uv": [9, 8.5, 14.5, 14.5], "texture": "#1"},
				"west": {"uv": [9, 8.5, 14.5, 14.5], "texture": "#1"},
				"up": {"uv": [9, 8.5, 14.5, 14.5], "texture": "#1"},
				"down": {"uv": [9, 8.5, 14.5, 14.5], "texture": "#1"}
			}
		},
		{
			"from": [7.4, 3.9, 6.7],
			"to": [8, 4, 7.3],
			"faces": {
				"north": {"uv": [9, 8.5, 14.5, 14.5], "texture": "#1"},
				"east": {"uv": [9, 8.5, 14.5, 14.5], "texture": "#1"},
				"south": {"uv": [9, 8.5, 14.5, 14.5], "texture": "#1"},
				"west": {"uv": [9, 8.5, 14.5, 14.5], "texture": "#1"},
				"up": {"uv": [9, 8.5, 14.5, 14.5], "texture": "#1"},
				"down": {"uv": [9, 8.5, 14.5, 14.5], "texture": "#1"}
			}
		},
		{
			"from": [7.6, 7.65, 9.25],
			"to": [7.9, 8.25, 9.35],
			"rotation": {"angle": 0, "axis": "x", "origin": [7.7, 7.95, 9.1]},
			"faces": {
				"north": {"uv": [9, 8.5, 14.5, 14.5], "rotation": 270, "texture": "#1"},
				"east": {"uv": [9, 8.5, 14.5, 14.5], "rotation": 270, "texture": "#1"},
				"south": {"uv": [9, 8.5, 14.5, 14.5], "rotation": 270, "texture": "#1"},
				"west": {"uv": [9, 8.5, 14.5, 14.5], "rotation": 270, "texture": "#1"},
				"up": {"uv": [9, 8.5, 14.5, 14.5], "rotation": 270, "texture": "#1"},
				"down": {"uv": [9, 8.5, 14.5, 14.5], "rotation": 270, "texture": "#1"}
			}
		},
		{
			"from": [7.6, 7.05, 9.15],
			"to": [7.9, 7.65, 9.25],
			"rotation": {"angle": 45, "axis": "x", "origin": [7.7, 7.55, 9.3]},
			"faces": {
				"north": {"uv": [9, 8.5, 14.5, 14.5], "rotation": 270, "texture": "#1"},
				"east": {"uv": [9, 8.5, 14.5, 14.5], "rotation": 270, "texture": "#1"},
				"south": {"uv": [9, 8.5, 14.5, 14.5], "rotation": 270, "texture": "#1"},
				"west": {"uv": [9, 8.5, 14.5, 14.5], "rotation": 270, "texture": "#1"},
				"up": {"uv": [9, 8.5, 14.5, 14.5], "rotation": 270, "texture": "#1"},
				"down": {"uv": [9, 8.5, 14.5, 14.5], "rotation": 270, "texture": "#1"}
			}
		}
	],
	"display": {
		"thirdperson_righthand": {
			"translation": [0, 0.25, -1.25]
		},
		"thirdperson_lefthand": {
			"translation": [0, 0.5, 0]
		},
		"firstperson_righthand": {
			"rotation": [0, 5, 0],
			"translation": [-1.25, 3, 1.75]
		},
		"firstperson_lefthand": {
			"rotation": [0, 5, 0],
			"translation": [2.25, 2.25, 1.75]
		},
		"ground": {
			"rotation": [1.9, 0.96, 53.69]
		},
		"gui": {
			"rotation": [-9, 117, 30]
		},
		"head": {
			"rotation": [90, 54.25, -92],
			"translation": [-1, -15.5, 3.5]
		},
		"fixed": {
			"rotation": [135, 24.47, -141.52],
			"translation": [0, 1.25, -12.5],
			"scale": [2, 2, 2.5]
		}
	},
	"groups": [
		{
			"name": "polimero",
			"origin": [8, 8, 8],
			"color": 0,
			"children": [
				0,
				1,
				2,
				3,
				4,
				5,
				6,
				7,
				8,
				9,
				10,
				11,
				12,
				13,
				14,
				15,
				16,
				17,
				18,
				19,
				20,
				21,
				22,
				23,
				24,
				25,
				26,
				27,
				28,
				29,
				30,
				31,
				32,
				33,
				34,
				35,
				36,
				37,
				38,
				39,
				40,
				41,
				42,
				43,
				44,
				45,
				46,
				47,
				48,
				49
			]
		},
		{
			"name": "metal black",
			"origin": [8, 8, 8],
			"color": 0,
			"children": [
				50,
				51,
				52,
				53,
				54,
				55,
				56,
				57,
				58,
				59,
				60,
				61,
				62,
				63,
				64,
				65,
				66,
				67,
				68,
				69,
				70,
				71,
				72,
				73,
				74,
				75,
				76,
				77,
				78,
				79,
				80,
				81,
				82,
				83,
				84,
				85,
				86,
				87,
				88,
				89,
				90,
				91,
				92,
				93,
				94,
				95,
				96,
				97,
				98,
				99,
				100,
				101,
				102,
				103,
				104,
				105,
				106,
				107,
				108,
				109,
				110,
				111,
				112,
				113,
				114,
				115,
				116,
				117,
				118,
				119,
				120,
				121,
				122,
				123,
				124,
				125,
				126,
				127,
				128,
				129,
				130,
				131,
				132,
				133,
				134,
				135,
				136,
				137,
				138,
				139,
				140,
				141,
				142,
				143,
				144,
				145,
				146,
				147,
				148,
				149,
				150,
				151,
				152,
				153,
				154,
				155,
				156,
				157,
				158,
				159,
				160,
				161,
				162,
				163
			]
		},
		{
			"name": "pente",
			"origin": [8, 8, 8],
			"color": 0,
			"children": [164, 165, 166, 167, 168, 169, 170, 171, 172, 173, 174, 175, 176, 177, 178, 179, 180, 181, 182]
		}
	]
}