{
	"credit": "Made with Blockbench",
	"textures": {
		"0": "item/concrete_gray",
		"1": "item/concrete_yellow",
		"2": "item/concrete_black",
		"particle": "item/concrete_gray"
	},
	"elements": [
		{
			"from": [7, 0.4, 16.7],
			"to": [11, 1.6, 20.8],
			"rotation": {"angle": 0, "axis": "y", "origin": [0, 0, 9.7]},
			"faces": {
				"north": {"uv": [0, 0, 4, 1.2], "texture": "#0"},
				"east": {"uv": [0, 0, 4.1, 1.2], "texture": "#0"},
				"south": {"uv": [0, 0, 4, 1.2], "texture": "#0"},
				"west": {"uv": [0, 0, 4.1, 1.2], "texture": "#0"},
				"up": {"uv": [0, 0, 4, 4.1], "texture": "#0"},
				"down": {"uv": [0, 0, 4, 4.1], "texture": "#0"}
			}
		},
		{
			"from": [7, -7.4, 17.9],
			"to": [11, -6.7, 19.3],
			"rotation": {"angle": -45, "axis": "x", "origin": [0, 0, 9.7]},
			"faces": {
				"north": {"uv": [0, 0, 4, 0.7], "texture": "#0"},
				"east": {"uv": [0, 0, 1.4, 0.7], "texture": "#0"},
				"south": {"uv": [0, 0, 4, 0.7], "texture": "#0"},
				"west": {"uv": [0, 0, 1.4, 0.7], "texture": "#0"},
				"up": {"uv": [0, 0, 4, 1.4], "texture": "#0"},
				"down": {"uv": [0, 0, 4, 1.4], "texture": "#0"}
			}
		},
		{
			"from": [7, -5.1, 14.7],
			"to": [11, -4.5, 15.9],
			"rotation": {"angle": -45, "axis": "x", "origin": [0, 0, 9.7]},
			"faces": {
				"north": {"uv": [0, 0, 4, 0.6], "texture": "#0"},
				"east": {"uv": [0, 0, 1.2, 0.6], "texture": "#0"},
				"south": {"uv": [0, 0, 4, 0.6], "texture": "#0"},
				"west": {"uv": [0, 0, 1.2, 0.6], "texture": "#0"},
				"up": {"uv": [0, 0, 4, 1.2], "texture": "#0"},
				"down": {"uv": [0, 0, 4, 1.2], "texture": "#0"}
			}
		},
		{
			"from": [7, 0.6, 16.4],
			"to": [11, 1.6, 16.7],
			"rotation": {"angle": 0, "axis": "y", "origin": [0, 0, 9.7]},
			"faces": {
				"north": {"uv": [0, 0, 4, 1], "texture": "#0"},
				"east": {"uv": [0, 0, 0.3, 1], "texture": "#0"},
				"south": {"uv": [0, 0, 4, 1], "texture": "#0"},
				"west": {"uv": [0, 0, 0.3, 1], "texture": "#0"},
				"up": {"uv": [0, 0, 4, 0.3], "texture": "#0"},
				"down": {"uv": [0, 0, 4, 0.3], "texture": "#0"}
			}
		},
		{
			"from": [7, 1.3, 16.3],
			"to": [11, 1.6, 16.4],
			"rotation": {"angle": 0, "axis": "y", "origin": [0, 0, 9.7]},
			"faces": {
				"north": {"uv": [0, 0, 4, 0.3], "texture": "#0"},
				"east": {"uv": [0, 0, 0.1, 0.3], "texture": "#0"},
				"south": {"uv": [0, 0, 4, 0.3], "texture": "#0"},
				"west": {"uv": [0, 0, 0.1, 0.3], "texture": "#0"},
				"up": {"uv": [0, 0, 4, 0.1], "texture": "#0"},
				"down": {"uv": [0, 0, 4, 0.1], "texture": "#0"}
			}
		},
		{
			"from": [6.9, 1.5, 16],
			"to": [7, 1.6, 21.7],
			"rotation": {"angle": 0, "axis": "y", "origin": [0, 0, 9.7]},
			"faces": {
				"north": {"uv": [0, 0, 0.1, 0.1], "texture": "#0"},
				"east": {"uv": [0, 0, 5.7, 0.1], "texture": "#0"},
				"south": {"uv": [0, 0, 0.1, 0.1], "texture": "#0"},
				"west": {"uv": [0, 0, 5.7, 0.1], "texture": "#0"},
				"up": {"uv": [0, 0, 0.1, 5.7], "texture": "#0"},
				"down": {"uv": [0, 0, 0.1, 5.7], "texture": "#0"}
			}
		},
		{
			"from": [11, 1.5, 16],
			"to": [11.1, 1.6, 21.7],
			"rotation": {"angle": 0, "axis": "y", "origin": [0, 0, 9.7]},
			"faces": {
				"north": {"uv": [0, 0, 0.1, 0.1], "texture": "#0"},
				"east": {"uv": [0, 0, 5.7, 0.1], "texture": "#0"},
				"south": {"uv": [0, 0, 0.1, 0.1], "texture": "#0"},
				"west": {"uv": [0, 0, 5.7, 0.1], "texture": "#0"},
				"up": {"uv": [0, 0, 0.1, 5.7], "texture": "#0"},
				"down": {"uv": [0, 0, 0.1, 5.7], "texture": "#0"}
			}
		},
		{
			"from": [7, 1.6, 16],
			"to": [11, 3.8, 21.7],
			"rotation": {"angle": 0, "axis": "y", "origin": [0, 0, 9.7]},
			"faces": {
				"north": {"uv": [0, 0, 4, 2.2], "texture": "#0"},
				"east": {"uv": [0, 0, 5.7, 2.2], "texture": "#0"},
				"south": {"uv": [0, 0, 4, 2.2], "texture": "#0"},
				"west": {"uv": [0, 0, 5.7, 2.2], "texture": "#0"},
				"up": {"uv": [0, 0, 4, 5.7], "texture": "#0"},
				"down": {"uv": [0, 0, 4, 5.7], "texture": "#0"}
			}
		},
		{
			"from": [7, 3.8, 15.9],
			"to": [11, 5.8, 21.5],
			"rotation": {"angle": 0, "axis": "y", "origin": [0, 0, 9.7]},
			"faces": {
				"north": {"uv": [0, 0, 4, 2], "texture": "#0"},
				"east": {"uv": [0, 0, 5.6, 2], "texture": "#0"},
				"south": {"uv": [0, 0, 4, 2], "texture": "#0"},
				"west": {"uv": [0, 0, 5.6, 2], "texture": "#0"},
				"up": {"uv": [0, 0, 4, 5.6], "texture": "#0"},
				"down": {"uv": [0, 0, 4, 5.6], "texture": "#0"}
			}
		},
		{
			"from": [6.7, 4.8, 9.2],
			"to": [11.3, 9.2, 9.3],
			"rotation": {"angle": 0, "axis": "y", "origin": [0, 0, 9.7]},
			"faces": {
				"north": {"uv": [0, 0, 4, 2], "texture": "#2"},
				"east": {"uv": [0, 0, 5.6, 2], "texture": "#2"},
				"south": {"uv": [0, 0, 4, 2], "texture": "#2"},
				"west": {"uv": [0, 0, 5.6, 2], "texture": "#2"},
				"up": {"uv": [0, 0, 4, 5.6], "texture": "#2"},
				"down": {"uv": [0, 0, 4, 5.6], "texture": "#2"}
			}
		},
		{
			"from": [6.7, 5.9, -3.5],
			"to": [11.3, 7.4, -3.4],
			"rotation": {"angle": 0, "axis": "y", "origin": [0, 0, 9.7]},
			"faces": {
				"north": {"uv": [0, 0, 4, 2], "texture": "#2"},
				"east": {"uv": [0, 0, 5.6, 2], "texture": "#2"},
				"south": {"uv": [0, 0, 4, 2], "texture": "#2"},
				"west": {"uv": [0, 0, 5.6, 2], "texture": "#2"},
				"up": {"uv": [0, 0, 4, 5.6], "texture": "#2"},
				"down": {"uv": [0, 0, 4, 5.6], "texture": "#2"}
			}
		},
		{
			"from": [6.7, 9.2, -0.2],
			"to": [11.3, 10.5, -0.1],
			"rotation": {"angle": -22.5, "axis": "x", "origin": [0, 0, 9.7]},
			"faces": {
				"north": {"uv": [0, 0, 4, 2], "texture": "#2"},
				"east": {"uv": [0, 0, 5.6, 2], "texture": "#2"},
				"south": {"uv": [0, 0, 4, 2], "texture": "#2"},
				"west": {"uv": [0, 0, 5.6, 2], "texture": "#2"},
				"up": {"uv": [0, 0, 4, 5.6], "texture": "#2"},
				"down": {"uv": [0, 0, 4, 5.6], "texture": "#2"}
			}
		},
		{
			"from": [6.7, 5.5, -8.5],
			"to": [11.3, 5.6, -7.1],
			"rotation": {"angle": 22.5, "axis": "x", "origin": [0, 0, 9.7]},
			"faces": {
				"north": {"uv": [0, 0, 4, 5.6], "rotation": 180, "texture": "#2"},
				"east": {"uv": [0, 0, 5.6, 2], "rotation": 90, "texture": "#2"},
				"south": {"uv": [0, 0, 4, 5.6], "texture": "#2"},
				"west": {"uv": [0, 0, 5.6, 2], "rotation": 270, "texture": "#2"},
				"up": {"uv": [0, 0, 4, 2], "texture": "#2"},
				"down": {"uv": [0, 0, 4, 2], "rotation": 180, "texture": "#2"}
			}
		},
		{
			"from": [6.7, 5.5, -8.6],
			"to": [11.3, 8.3, -8.5],
			"rotation": {"angle": 22.5, "axis": "x", "origin": [0, 0, 9.7]},
			"faces": {
				"north": {"uv": [0, 0, 4, 2], "texture": "#2"},
				"east": {"uv": [0, 0, 5.6, 2], "texture": "#2"},
				"south": {"uv": [0, 0, 4, 2], "texture": "#2"},
				"west": {"uv": [0, 0, 5.6, 2], "texture": "#2"},
				"up": {"uv": [0, 0, 4, 5.6], "texture": "#2"},
				"down": {"uv": [0, 0, 4, 5.6], "texture": "#2"}
			}
		},
		{
			"from": [6.7, 7.4, 15.7],
			"to": [11.3, 10.6, 15.8],
			"rotation": {"angle": 0, "axis": "y", "origin": [0, 0, 9.7]},
			"faces": {
				"north": {"uv": [0, 0, 4, 2], "texture": "#2"},
				"east": {"uv": [0, 0, 5.6, 2], "texture": "#2"},
				"south": {"uv": [0, 0, 4, 2], "texture": "#2"},
				"west": {"uv": [0, 0, 5.6, 2], "texture": "#2"},
				"up": {"uv": [0, 0, 4, 5.6], "texture": "#2"},
				"down": {"uv": [0, 0, 4, 5.6], "texture": "#2"}
			}
		},
		{
			"from": [6.7, 8.6, 12.7],
			"to": [11.3, 13, 12.8],
			"rotation": {"angle": -22.5, "axis": "x", "origin": [0, 0, 9.7]},
			"faces": {
				"north": {"uv": [0, 0, 4, 2], "texture": "#2"},
				"east": {"uv": [0, 0, 5.6, 2], "texture": "#2"},
				"south": {"uv": [0, 0, 4, 2], "texture": "#2"},
				"west": {"uv": [0, 0, 5.6, 2], "texture": "#2"},
				"up": {"uv": [0, 0, 4, 5.6], "texture": "#2"},
				"down": {"uv": [0, 0, 4, 5.6], "texture": "#2"}
			}
		},
		{
			"from": [6.7, 10.8, 2.9],
			"to": [11.3, 15.3, 3],
			"rotation": {"angle": -22.5, "axis": "x", "origin": [0, 0, 9.7]},
			"faces": {
				"north": {"uv": [0, 0, 4, 2], "texture": "#2"},
				"east": {"uv": [0, 0, 5.6, 2], "texture": "#2"},
				"south": {"uv": [0, 0, 4, 2], "texture": "#2"},
				"west": {"uv": [0, 0, 5.6, 2], "texture": "#2"},
				"up": {"uv": [0, 0, 4, 5.6], "texture": "#2"},
				"down": {"uv": [0, 0, 4, 5.6], "texture": "#2"}
			}
		},
		{
			"from": [6.7, 10.6, 4.9],
			"to": [11.3, 14.3, 5.7],
			"rotation": {"angle": -22.5, "axis": "x", "origin": [0, 0, 9.7]},
			"faces": {
				"north": {"uv": [0, 0, 4, 2], "texture": "#2"},
				"east": {"uv": [0, 0, 5.6, 2], "texture": "#2"},
				"south": {"uv": [0, 0, 4, 2], "texture": "#2"},
				"west": {"uv": [0, 0, 5.6, 2], "texture": "#2"},
				"up": {"uv": [0, 0, 4, 5.6], "texture": "#2"},
				"down": {"uv": [0, 0, 4, 5.6], "texture": "#2"}
			}
		},
		{
			"from": [6.7, 10.7, 6.8],
			"to": [11.3, 13.6, 7.6],
			"rotation": {"angle": -22.5, "axis": "x", "origin": [0, 0, 9.7]},
			"faces": {
				"north": {"uv": [0, 0, 4, 2], "texture": "#2"},
				"east": {"uv": [0, 0, 5.6, 2], "texture": "#2"},
				"south": {"uv": [0, 0, 4, 2], "texture": "#2"},
				"west": {"uv": [0, 0, 5.6, 2], "texture": "#2"},
				"up": {"uv": [0, 0, 4, 5.6], "texture": "#2"},
				"down": {"uv": [0, 0, 4, 5.6], "texture": "#2"}
			}
		},
		{
			"from": [6.7, 11.1, 8.5],
			"to": [11.3, 12.9, 9.3],
			"rotation": {"angle": -22.5, "axis": "x", "origin": [0, 0, 9.7]},
			"faces": {
				"north": {"uv": [0, 0, 4, 2], "texture": "#2"},
				"east": {"uv": [0, 0, 5.6, 2], "texture": "#2"},
				"south": {"uv": [0, 0, 4, 2], "texture": "#2"},
				"west": {"uv": [0, 0, 5.6, 2], "texture": "#2"},
				"up": {"uv": [0, 0, 4, 5.6], "texture": "#2"},
				"down": {"uv": [0, 0, 4, 5.6], "texture": "#2"}
			}
		},
		{
			"from": [6.7, 10.8, 17.4],
			"to": [11.3, 13.1, 17.5],
			"rotation": {"angle": -45, "axis": "x", "origin": [0, 0, 9.7]},
			"faces": {
				"north": {"uv": [0, 0, 4, 2], "texture": "#2"},
				"east": {"uv": [0, 0, 5.6, 2], "texture": "#2"},
				"south": {"uv": [0, 0, 4, 2], "texture": "#2"},
				"west": {"uv": [0, 0, 5.6, 2], "texture": "#2"},
				"up": {"uv": [0, 0, 4, 5.6], "texture": "#2"},
				"down": {"uv": [0, 0, 4, 5.6], "texture": "#2"}
			}
		},
		{
			"from": [6.7, 6.2, 18.5],
			"to": [11.3, 11.9, 18.7],
			"rotation": {"angle": -45, "axis": "x", "origin": [0, 0, 9.7]},
			"faces": {
				"north": {"uv": [0, 0, 4, 2], "texture": "#2"},
				"east": {"uv": [0, 0, 5.6, 2], "texture": "#2"},
				"south": {"uv": [0, 0, 4, 2], "texture": "#2"},
				"west": {"uv": [0, 0, 5.6, 2], "texture": "#2"},
				"up": {"uv": [0, 0, 4, 5.6], "texture": "#2"},
				"down": {"uv": [0, 0, 4, 5.6], "texture": "#2"}
			}
		},
		{
			"from": [6.7, 10.6, 11.6],
			"to": [11.3, 10.8, 14.1],
			"rotation": {"angle": 0, "axis": "x", "origin": [0, 0, 9.7]},
			"faces": {
				"north": {"uv": [0, 0, 4, 5.6], "rotation": 180, "texture": "#2"},
				"east": {"uv": [0, 0, 5.6, 2], "rotation": 90, "texture": "#2"},
				"south": {"uv": [0, 0, 4, 5.6], "texture": "#2"},
				"west": {"uv": [0, 0, 5.6, 2], "rotation": 270, "texture": "#2"},
				"up": {"uv": [0, 0, 4, 2], "texture": "#2"},
				"down": {"uv": [0, 0, 4, 2], "rotation": 180, "texture": "#2"}
			}
		},
		{
			"from": [6.7, 4.7, -2.9],
			"to": [11.3, 4.9, 9.3],
			"rotation": {"angle": 0, "axis": "x", "origin": [0, 0, 9.7]},
			"faces": {
				"north": {"uv": [0, 0, 4, 5.6], "rotation": 180, "texture": "#2"},
				"east": {"uv": [0, 0, 5.6, 2], "rotation": 90, "texture": "#2"},
				"south": {"uv": [0, 0, 4, 5.6], "texture": "#2"},
				"west": {"uv": [0, 0, 5.6, 2], "rotation": 270, "texture": "#2"},
				"up": {"uv": [0, 0, 4, 2], "texture": "#2"},
				"down": {"uv": [0, 0, 4, 2], "rotation": 180, "texture": "#2"}
			}
		},
		{
			"from": [6.7, 7.3, -3.4],
			"to": [11.3, 7.4, -0.6],
			"rotation": {"angle": 0, "axis": "x", "origin": [0, 0, 9.7]},
			"faces": {
				"north": {"uv": [0, 0, 4, 5.6], "rotation": 180, "texture": "#2"},
				"east": {"uv": [0, 0, 5.6, 2], "rotation": 90, "texture": "#2"},
				"south": {"uv": [0, 0, 4, 5.6], "texture": "#2"},
				"west": {"uv": [0, 0, 5.6, 2], "rotation": 270, "texture": "#2"},
				"up": {"uv": [0, 0, 4, 2], "texture": "#2"},
				"down": {"uv": [0, 0, 4, 2], "rotation": 180, "texture": "#2"}
			}
		},
		{
			"from": [6.7, 11.5, -3.7],
			"to": [11.3, 11.6, -2.3],
			"rotation": {"angle": 0, "axis": "x", "origin": [0, 0, 9.7]},
			"faces": {
				"north": {"uv": [0, 0, 4, 5.6], "rotation": 180, "texture": "#2"},
				"east": {"uv": [0, 0, 5.6, 2], "rotation": 90, "texture": "#2"},
				"south": {"uv": [0, 0, 4, 5.6], "texture": "#2"},
				"west": {"uv": [0, 0, 5.6, 2], "rotation": 270, "texture": "#2"},
				"up": {"uv": [0, 0, 4, 2], "texture": "#2"},
				"down": {"uv": [0, 0, 4, 2], "rotation": 180, "texture": "#2"}
			}
		},
		{
			"from": [6.7, 8.1, 17.8],
			"to": [11.3, 8.3, 25.8],
			"rotation": {"angle": -22.5, "axis": "x", "origin": [0, 0, 9.7]},
			"faces": {
				"north": {"uv": [0, 0, 4, 5.6], "rotation": 180, "texture": "#2"},
				"east": {"uv": [0, 0, 5.6, 2], "rotation": 90, "texture": "#2"},
				"south": {"uv": [0, 0, 4, 5.6], "texture": "#2"},
				"west": {"uv": [0, 0, 5.6, 2], "rotation": 270, "texture": "#2"},
				"up": {"uv": [0, 0, 4, 2], "texture": "#2"},
				"down": {"uv": [0, 0, 4, 2], "rotation": 180, "texture": "#2"}
			}
		},
		{
			"from": [6.7, 7.4, 19.4],
			"to": [11.3, 7.5, 25.8],
			"rotation": {"angle": -22.5, "axis": "x", "origin": [0, 0, 9.7]},
			"faces": {
				"north": {"uv": [0, 0, 4, 5.6], "rotation": 180, "texture": "#2"},
				"east": {"uv": [0, 0, 5.6, 2], "rotation": 90, "texture": "#2"},
				"south": {"uv": [0, 0, 4, 5.6], "texture": "#2"},
				"west": {"uv": [0, 0, 5.6, 2], "rotation": 270, "texture": "#2"},
				"up": {"uv": [0, 0, 4, 2], "texture": "#2"},
				"down": {"uv": [0, 0, 4, 2], "rotation": 180, "texture": "#2"}
			}
		},
		{
			"from": [6.7, 8, 12.4],
			"to": [11.3, 9.3, 12.5],
			"rotation": {"angle": 22.5, "axis": "x", "origin": [0, 0, 9.7]},
			"faces": {
				"north": {"uv": [0, 0, 4, 2], "rotation": 180, "texture": "#2"},
				"east": {"uv": [0, 0, 5.6, 2], "rotation": 180, "texture": "#2"},
				"south": {"uv": [0, 0, 4, 2], "rotation": 180, "texture": "#2"},
				"west": {"uv": [0, 0, 5.6, 2], "rotation": 180, "texture": "#2"},
				"up": {"uv": [0, 0, 4, 5.6], "texture": "#2"},
				"down": {"uv": [0, 0, 4, 5.6], "texture": "#2"}
			}
		},
		{
			"from": [7, 5.8, 20.7],
			"to": [11, 6.3, 21.3],
			"rotation": {"angle": 0, "axis": "y", "origin": [0, 0, 9.7]},
			"faces": {
				"north": {"uv": [0, 0, 4, 0.5], "texture": "#0"},
				"east": {"uv": [0, 0, 0.6, 0.5], "texture": "#0"},
				"south": {"uv": [0, 0, 4, 0.5], "texture": "#0"},
				"west": {"uv": [0, 0, 0.6, 0.5], "texture": "#0"},
				"up": {"uv": [0, 0, 4, 0.6], "texture": "#0"},
				"down": {"uv": [0, 0, 4, 0.6], "texture": "#0"}
			}
		},
		{
			"from": [7, 6.3, 20.7],
			"to": [11, 7.6, 21.1],
			"rotation": {"angle": 0, "axis": "y", "origin": [0, 0, 9.7]},
			"faces": {
				"north": {"uv": [0, 0, 4, 1.3], "texture": "#0"},
				"east": {"uv": [0, 0, 0.4, 1.3], "texture": "#0"},
				"south": {"uv": [0, 0, 4, 1.3], "texture": "#0"},
				"west": {"uv": [0, 0, 0.4, 1.3], "texture": "#0"},
				"up": {"uv": [0, 0, 4, 0.4], "texture": "#0"},
				"down": {"uv": [0, 0, 4, 0.4], "texture": "#0"}
			}
		},
		{
			"from": [7, 7.2, 21.1],
			"to": [11, 7.6, 21.3],
			"rotation": {"angle": 0, "axis": "y", "origin": [0, 0, 9.7]},
			"faces": {
				"north": {"uv": [0, 0, 4, 0.4], "texture": "#0"},
				"east": {"uv": [0, 0, 0.2, 0.4], "texture": "#0"},
				"south": {"uv": [0, 0, 4, 0.4], "texture": "#0"},
				"west": {"uv": [0, 0, 0.2, 0.4], "texture": "#0"},
				"up": {"uv": [0, 0, 4, 0.2], "texture": "#0"},
				"down": {"uv": [0, 0, 4, 0.2], "texture": "#0"}
			}
		},
		{
			"from": [7, 5.3, 13.3],
			"to": [11, 5.9, 20.7],
			"rotation": {"angle": 0, "axis": "y", "origin": [0, 0, 9.7]},
			"faces": {
				"north": {"uv": [0, 0, 4, 0.6], "texture": "#0"},
				"east": {"uv": [0, 0, 8.5, 0.6], "texture": "#0"},
				"south": {"uv": [0, 0, 4, 0.6], "texture": "#0"},
				"west": {"uv": [0, 0, 8.5, 0.6], "texture": "#0"},
				"up": {"uv": [0, 0, 4, 8.5], "texture": "#0"},
				"down": {"uv": [0, 0, 4, 8.5], "texture": "#0"}
			}
		},
		{
			"from": [7, 5.3, 10.6],
			"to": [11, 5.9, 13.3],
			"rotation": {"angle": 0, "axis": "y", "origin": [0, 0, 9.7]},
			"faces": {
				"north": {"uv": [0, 0, 4, 0.6], "texture": "#1"},
				"east": {"uv": [0, 0, 8.5, 0.6], "texture": "#1"},
				"south": {"uv": [0, 0, 4, 0.6], "texture": "#1"},
				"west": {"uv": [0, 0, 8.5, 0.6], "texture": "#1"},
				"up": {"uv": [0, 0, 4, 8.5], "texture": "#1"},
				"down": {"uv": [0, 0, 4, 8.5], "texture": "#1"}
			}
		},
		{
			"from": [7, 4.8, -2.9],
			"to": [11, 7.2, 9.4],
			"rotation": {"angle": 0, "axis": "y", "origin": [0, 0, 9.7]},
			"faces": {
				"north": {"uv": [0, 0, 4, 0.6], "texture": "#1"},
				"east": {"uv": [0, 0, 8.5, 0.6], "texture": "#1"},
				"south": {"uv": [0, 0, 4, 0.6], "texture": "#1"},
				"west": {"uv": [0, 0, 8.5, 0.6], "texture": "#1"},
				"up": {"uv": [0, 0, 4, 8.5], "texture": "#1"},
				"down": {"uv": [0, 0, 4, 8.5], "texture": "#1"}
			}
		},
		{
			"from": [7, 7.2, 0.4],
			"to": [11, 12.4, 9.4],
			"rotation": {"angle": 0, "axis": "y", "origin": [0, 0, 9.7]},
			"faces": {
				"north": {"uv": [0, 0, 4, 0.6], "texture": "#1"},
				"east": {"uv": [0, 0, 8.5, 0.6], "texture": "#1"},
				"south": {"uv": [0, 0, 4, 0.6], "texture": "#1"},
				"west": {"uv": [0, 0, 8.5, 0.6], "texture": "#1"},
				"up": {"uv": [0, 0, 4, 8.5], "texture": "#1"},
				"down": {"uv": [0, 0, 4, 8.5], "texture": "#1"}
			}
		},
		{
			"from": [7, 6.6, 0.9],
			"to": [11, 7.2, 1.7],
			"rotation": {"angle": 0, "axis": "y", "origin": [0, 0, 9.7]},
			"faces": {
				"north": {"uv": [0, 0, 4, 0.6], "texture": "#1"},
				"east": {"uv": [0, 0, 8.5, 0.6], "texture": "#1"},
				"south": {"uv": [0, 0, 4, 0.6], "texture": "#1"},
				"west": {"uv": [0, 0, 8.5, 0.6], "texture": "#1"},
				"up": {"uv": [0, 0, 4, 8.5], "texture": "#1"},
				"down": {"uv": [0, 0, 4, 8.5], "texture": "#1"}
			}
		},
		{
			"from": [7, 5.8, 14.4],
			"to": [11, 6.4, 20.7],
			"rotation": {"angle": 0, "axis": "y", "origin": [0, 0, 9.7]},
			"faces": {
				"north": {"uv": [0, 0, 4, 0.6], "texture": "#0"},
				"east": {"uv": [0, 0, 6.3, 0.6], "texture": "#0"},
				"south": {"uv": [0, 0, 4, 0.6], "texture": "#0"},
				"west": {"uv": [0, 0, 6.3, 0.6], "texture": "#0"},
				"up": {"uv": [0, 0, 4, 6.3], "texture": "#0"},
				"down": {"uv": [0, 0, 4, 6.3], "texture": "#0"}
			}
		},
		{
			"from": [7, 6.4, 14.9],
			"to": [11, 7, 20.7],
			"rotation": {"angle": 0, "axis": "y", "origin": [0, 0, 9.7]},
			"faces": {
				"north": {"uv": [0, 0, 4, 0.6], "texture": "#0"},
				"east": {"uv": [0, 0, 5.8, 0.6], "texture": "#0"},
				"south": {"uv": [0, 0, 4, 0.6], "texture": "#0"},
				"west": {"uv": [0, 0, 5.8, 0.6], "texture": "#0"},
				"up": {"uv": [0, 0, 4, 5.8], "texture": "#0"},
				"down": {"uv": [0, 0, 4, 5.8], "texture": "#0"}
			}
		},
		{
			"from": [7, 7, 15.5],
			"to": [11, 7.6, 20.7],
			"rotation": {"angle": 0, "axis": "y", "origin": [0, 0, 9.7]},
			"faces": {
				"north": {"uv": [0, 0, 4, 0.6], "texture": "#0"},
				"east": {"uv": [0, 0, 5.2, 0.6], "texture": "#0"},
				"south": {"uv": [0, 0, 4, 0.6], "texture": "#0"},
				"west": {"uv": [0, 0, 5.2, 0.6], "texture": "#0"},
				"up": {"uv": [0, 0, 4, 5.2], "texture": "#0"},
				"down": {"uv": [0, 0, 4, 5.2], "texture": "#0"}
			}
		},
		{
			"from": [7, 7.6, 15.8],
			"to": [11, 10.7, 20.5],
			"rotation": {"angle": 0, "axis": "y", "origin": [0, 0, 9.7]},
			"faces": {
				"north": {"uv": [0, 0, 4, 3.1], "texture": "#0"},
				"east": {"uv": [0, 0, 5.5, 3.1], "texture": "#0"},
				"south": {"uv": [0, 0, 4, 3.1], "texture": "#0"},
				"west": {"uv": [0, 0, 5.5, 3.1], "texture": "#0"},
				"up": {"uv": [0, 0, 4, 5.5], "texture": "#0"},
				"down": {"uv": [0, 0, 4, 5.5], "texture": "#0"}
			}
		},
		{
			"from": [7, 4.4, 19.5],
			"to": [11, 7.5, 25.6],
			"rotation": {"angle": -22.5, "axis": "x", "origin": [0, 0, 9.7]},
			"faces": {
				"north": {"uv": [0, 0, 4, 3.1], "texture": "#0"},
				"east": {"uv": [0, 0, 5.5, 3.1], "texture": "#0"},
				"south": {"uv": [0, 0, 4, 3.1], "texture": "#0"},
				"west": {"uv": [0, 0, 5.5, 3.1], "texture": "#0"},
				"up": {"uv": [0, 0, 4, 5.5], "texture": "#0"},
				"down": {"uv": [0, 0, 4, 5.5], "texture": "#0"}
			}
		},
		{
			"from": [7, 8.2, 17.1],
			"to": [11, 8.8, 25.6],
			"rotation": {"angle": -22.5, "axis": "x", "origin": [0, 0, 9.7]},
			"faces": {
				"north": {"uv": [0, 0, 4, 3.1], "texture": "#0"},
				"east": {"uv": [0, 0, 5.5, 3.1], "texture": "#0"},
				"south": {"uv": [0, 0, 4, 3.1], "texture": "#0"},
				"west": {"uv": [0, 0, 5.5, 3.1], "texture": "#0"},
				"up": {"uv": [0, 0, 4, 5.5], "texture": "#0"},
				"down": {"uv": [0, 0, 4, 5.5], "texture": "#0"}
			}
		},
		{
			"from": [7, 10.6, 11.4],
			"to": [11, 14.7, 21.1],
			"rotation": {"angle": 0, "axis": "x", "origin": [0, 0, 9.7]},
			"faces": {
				"north": {"uv": [0, 0, 4, 3.1], "texture": "#0"},
				"east": {"uv": [0, 0, 5.5, 3.1], "texture": "#0"},
				"south": {"uv": [0, 0, 4, 3.1], "texture": "#0"},
				"west": {"uv": [0, 0, 5.5, 3.1], "texture": "#0"},
				"up": {"uv": [0, 0, 4, 5.5], "texture": "#0"},
				"down": {"uv": [0, 0, 4, 5.5], "texture": "#0"}
			}
		},
		{
			"from": [7, 14, 8.2],
			"to": [11, 14.7, 11.7],
			"rotation": {"angle": 0, "axis": "x", "origin": [0, 0, 9.7]},
			"faces": {
				"north": {"uv": [0, 0, 4, 3.1], "texture": "#0"},
				"east": {"uv": [0, 0, 5.5, 3.1], "texture": "#0"},
				"south": {"uv": [0, 0, 4, 3.1], "texture": "#0"},
				"west": {"uv": [0, 0, 5.5, 3.1], "texture": "#0"},
				"up": {"uv": [0, 0, 4, 5.5], "texture": "#0"},
				"down": {"uv": [0, 0, 4, 5.5], "texture": "#0"}
			}
		},
		{
			"from": [7, 14, 7.6],
			"to": [11, 14.7, 8.2],
			"rotation": {"angle": 0, "axis": "x", "origin": [0, 0, 9.7]},
			"faces": {
				"north": {"uv": [0, 0, 4, 3.1], "texture": "#0"},
				"east": {"uv": [0, 0, 5.5, 3.1], "texture": "#0"},
				"south": {"uv": [0, 0, 4, 3.1], "texture": "#0"},
				"west": {"uv": [0, 0, 5.5, 3.1], "texture": "#0"},
				"up": {"uv": [0, 0, 4, 5.5], "texture": "#0"},
				"down": {"uv": [0, 0, 4, 5.5], "texture": "#0"}
			}
		},
		{
			"from": [7, 13.1, 9.2],
			"to": [11, 14, 12.7],
			"rotation": {"angle": 0, "axis": "x", "origin": [0, 0, 9.7]},
			"faces": {
				"north": {"uv": [0, 0, 4, 3.1], "texture": "#0"},
				"east": {"uv": [0, 0, 5.5, 3.1], "texture": "#0"},
				"south": {"uv": [0, 0, 4, 3.1], "texture": "#0"},
				"west": {"uv": [0, 0, 5.5, 3.1], "texture": "#0"},
				"up": {"uv": [0, 0, 4, 5.5], "texture": "#0"},
				"down": {"uv": [0, 0, 4, 5.5], "texture": "#0"}
			}
		},
		{
			"from": [7, 12.2, 10],
			"to": [11, 13.1, 11.7],
			"rotation": {"angle": 0, "axis": "x", "origin": [0, 0, 9.7]},
			"faces": {
				"north": {"uv": [0, 0, 4, 3.1], "texture": "#0"},
				"east": {"uv": [0, 0, 5.5, 3.1], "texture": "#0"},
				"south": {"uv": [0, 0, 4, 3.1], "texture": "#0"},
				"west": {"uv": [0, 0, 5.5, 3.1], "texture": "#0"},
				"up": {"uv": [0, 0, 4, 5.5], "texture": "#0"},
				"down": {"uv": [0, 0, 4, 5.5], "texture": "#0"}
			}
		},
		{
			"from": [7, 12.1, 10.9],
			"to": [11, 12.5, 11.1],
			"rotation": {"angle": 0, "axis": "x", "origin": [0, 0, 9.7]},
			"faces": {
				"north": {"uv": [0, 0, 4, 3.1], "texture": "#0"},
				"east": {"uv": [0, 0, 5.5, 3.1], "texture": "#0"},
				"south": {"uv": [0, 0, 4, 3.1], "texture": "#0"},
				"west": {"uv": [0, 0, 5.5, 3.1], "texture": "#0"},
				"up": {"uv": [0, 0, 4, 5.5], "texture": "#0"},
				"down": {"uv": [0, 0, 4, 5.5], "texture": "#0"}
			}
		},
		{
			"from": [7, 8.9, -1.5],
			"to": [11, 9.8, 3.6],
			"rotation": {"angle": 45, "axis": "x", "origin": [0, 0, 9.7]},
			"faces": {
				"north": {"uv": [0, 0, 4, 3.1], "texture": "#0"},
				"east": {"uv": [0, 0, 5.5, 3.1], "texture": "#0"},
				"south": {"uv": [0, 0, 4, 3.1], "texture": "#0"},
				"west": {"uv": [0, 0, 5.5, 3.1], "texture": "#0"},
				"up": {"uv": [0, 0, 4, 5.5], "texture": "#0"},
				"down": {"uv": [0, 0, 4, 5.5], "texture": "#0"}
			}
		},
		{
			"from": [7.3, 14.7, 19],
			"to": [7.5, 15.1, 20.5],
			"rotation": {"angle": 0, "axis": "x", "origin": [0, 0, 9.7]},
			"faces": {
				"north": {"uv": [0, 0, 4, 3.1], "texture": "#2"},
				"east": {"uv": [0, 0, 5.5, 3.1], "texture": "#2"},
				"south": {"uv": [0, 0, 4, 3.1], "texture": "#2"},
				"west": {"uv": [0, 0, 5.5, 3.1], "texture": "#2"},
				"up": {"uv": [0, 0, 4, 5.5], "texture": "#2"},
				"down": {"uv": [0, 0, 4, 5.5], "texture": "#2"}
			}
		},
		{
			"from": [8.8, 14.7, -1.7],
			"to": [9.4, 15.1, -0.2],
			"rotation": {"angle": 0, "axis": "x", "origin": [0, 0, 9.7]},
			"faces": {
				"north": {"uv": [0, 0, 4, 3.1], "texture": "#2"},
				"east": {"uv": [0, 0, 5.5, 3.1], "texture": "#2"},
				"south": {"uv": [0, 0, 4, 3.1], "texture": "#2"},
				"west": {"uv": [0, 0, 5.5, 3.1], "texture": "#2"},
				"up": {"uv": [0, 0, 4, 5.5], "texture": "#2"},
				"down": {"uv": [0, 0, 4, 5.5], "texture": "#2"}
			}
		},
		{
			"from": [10.7, 14.7, 19],
			"to": [10.9, 15.1, 20.5],
			"rotation": {"angle": 0, "axis": "x", "origin": [0, 0, 9.7]},
			"faces": {
				"north": {"uv": [0, 0, 4, 3.1], "texture": "#2"},
				"east": {"uv": [0, 0, 5.5, 3.1], "texture": "#2"},
				"south": {"uv": [0, 0, 4, 3.1], "texture": "#2"},
				"west": {"uv": [0, 0, 5.5, 3.1], "texture": "#2"},
				"up": {"uv": [0, 0, 4, 5.5], "texture": "#2"},
				"down": {"uv": [0, 0, 4, 5.5], "texture": "#2"}
			}
		},
		{
			"from": [6.9, 3.6, 14.9],
			"to": [11.1, 4.1, 16.5],
			"rotation": {"angle": -22.5, "axis": "x", "origin": [0, 0, 9.7]},
			"faces": {
				"north": {"uv": [0, 0, 4, 0.5], "texture": "#1"},
				"east": {"uv": [0, 0, 1.6, 0.5], "texture": "#1"},
				"south": {"uv": [0, 0, 4, 0.5], "texture": "#1"},
				"west": {"uv": [0, 0, 1.6, 0.5], "texture": "#1"},
				"up": {"uv": [0, 0, 4, 1.6], "texture": "#1"},
				"down": {"uv": [0, 0, 4, 1.6], "texture": "#1"}
			}
		},
		{
			"from": [6.9, 0.8, 17],
			"to": [11.1, 1.3, 18.6],
			"rotation": {"angle": -45, "axis": "x", "origin": [0, 0, 9.7]},
			"faces": {
				"north": {"uv": [0, 0, 4, 0.5], "texture": "#1"},
				"east": {"uv": [0, 0, 1.6, 0.5], "texture": "#1"},
				"south": {"uv": [0, 0, 4, 0.5], "texture": "#1"},
				"west": {"uv": [0, 0, 1.6, 0.5], "texture": "#1"},
				"up": {"uv": [0, 0, 4, 1.6], "texture": "#1"},
				"down": {"uv": [0, 0, 4, 1.6], "texture": "#1"}
			}
		},
		{
			"from": [6.9, 8, 11.9],
			"to": [11.1, 9.3, 12.4],
			"rotation": {"angle": 22.5, "axis": "x", "origin": [0, 0, 9.7]},
			"faces": {
				"north": {"uv": [0, 0, 4, 1.3], "rotation": 180, "texture": "#1"},
				"east": {"uv": [0, 0, 1.3, 0.5], "rotation": 90, "texture": "#1"},
				"south": {"uv": [0, 0, 4, 1.3], "texture": "#1"},
				"west": {"uv": [0, 0, 1.3, 0.5], "rotation": 270, "texture": "#1"},
				"up": {"uv": [0, 0, 4, 0.5], "texture": "#1"},
				"down": {"uv": [0, 0, 4, 0.5], "rotation": 180, "texture": "#1"}
			}
		},
		{
			"from": [6.9, 7.6, 15.3],
			"to": [11.1, 8.9, 15.8],
			"rotation": {"angle": 0, "axis": "x", "origin": [0, 0, 9.7]},
			"faces": {
				"north": {"uv": [0, 0, 4, 1.3], "rotation": 180, "texture": "#1"},
				"east": {"uv": [0, 0, 1.3, 0.5], "rotation": 90, "texture": "#1"},
				"south": {"uv": [0, 0, 4, 1.3], "texture": "#1"},
				"west": {"uv": [0, 0, 1.3, 0.5], "rotation": 270, "texture": "#1"},
				"up": {"uv": [0, 0, 4, 0.5], "texture": "#1"},
				"down": {"uv": [0, 0, 4, 0.5], "rotation": 180, "texture": "#1"}
			}
		},
		{
			"from": [6.9, 5.9, -3.4],
			"to": [11.1, 7.2, -2.9],
			"rotation": {"angle": 0, "axis": "x", "origin": [0, 0, 5.9]},
			"faces": {
				"north": {"uv": [0, 0, 4, 1.3], "rotation": 180, "texture": "#1"},
				"east": {"uv": [0, 0, 1.3, 0.5], "rotation": 90, "texture": "#1"},
				"south": {"uv": [0, 0, 4, 1.3], "texture": "#1"},
				"west": {"uv": [0, 0, 1.3, 0.5], "rotation": 270, "texture": "#1"},
				"up": {"uv": [0, 0, 4, 0.5], "texture": "#1"},
				"down": {"uv": [0, 0, 4, 0.5], "rotation": 180, "texture": "#1"}
			}
		},
		{
			"from": [6.9, 7.8, 2.7],
			"to": [11.1, 14.2, 5.3],
			"rotation": {"angle": -22.5, "axis": "x", "origin": [0, 0, 5.9]},
			"faces": {
				"north": {"uv": [0, 0, 4, 1.3], "rotation": 180, "texture": "#1"},
				"east": {"uv": [0, 0, 1.3, 0.5], "rotation": 90, "texture": "#1"},
				"south": {"uv": [0, 0, 4, 1.3], "texture": "#1"},
				"west": {"uv": [0, 0, 1.3, 0.5], "rotation": 270, "texture": "#1"},
				"up": {"uv": [0, 0, 4, 0.5], "texture": "#1"},
				"down": {"uv": [0, 0, 4, 0.5], "rotation": 180, "texture": "#1"}
			}
		},
		{
			"from": [6.9, 7.8, -0.4],
			"to": [11.1, 9.1, 0.1],
			"rotation": {"angle": -22.5, "axis": "x", "origin": [0, 0, 5.9]},
			"faces": {
				"north": {"uv": [0, 0, 4, 1.3], "rotation": 180, "texture": "#1"},
				"east": {"uv": [0, 0, 1.3, 0.5], "rotation": 90, "texture": "#1"},
				"south": {"uv": [0, 0, 4, 1.3], "texture": "#1"},
				"west": {"uv": [0, 0, 1.3, 0.5], "rotation": 270, "texture": "#1"},
				"up": {"uv": [0, 0, 4, 0.5], "texture": "#1"},
				"down": {"uv": [0, 0, 4, 0.5], "rotation": 180, "texture": "#1"}
			}
		},
		{
			"from": [6.9, 10.1, 10.6],
			"to": [11.1, 10.6, 11.9],
			"rotation": {"angle": 22.5, "axis": "x", "origin": [0, 0, 9.7]},
			"faces": {
				"north": {"uv": [0, 0, 4, 0.5], "rotation": 180, "texture": "#1"},
				"east": {"uv": [0, 0, 1.3, 0.5], "rotation": 180, "texture": "#1"},
				"south": {"uv": [0, 0, 4, 0.5], "rotation": 180, "texture": "#1"},
				"west": {"uv": [0, 0, 1.3, 0.5], "rotation": 180, "texture": "#1"},
				"up": {"uv": [0, 0, 4, 1.3], "texture": "#1"},
				"down": {"uv": [0, 0, 4, 1.3], "texture": "#1"}
			}
		},
		{
			"from": [6.9, 10.4, 3.9],
			"to": [11.1, 10.6, 15.8],
			"rotation": {"angle": 0, "axis": "x", "origin": [0, 0, 9.7]},
			"faces": {
				"north": {"uv": [0, 0, 4, 0.5], "rotation": 180, "texture": "#1"},
				"east": {"uv": [0, 0, 2.4, 0.5], "rotation": 180, "texture": "#1"},
				"south": {"uv": [0, 0, 4, 0.5], "rotation": 180, "texture": "#1"},
				"west": {"uv": [0, 0, 2.4, 0.5], "rotation": 180, "texture": "#1"},
				"up": {"uv": [0, 0, 4, 2.4], "texture": "#1"},
				"down": {"uv": [0, 0, 4, 2.4], "texture": "#1"}
			}
		},
		{
			"from": [6.8, 7.4, 17.7],
			"to": [11.2, 8.2, 25.7],
			"rotation": {"angle": -22.5, "axis": "x", "origin": [0, 0, 9.7]},
			"faces": {
				"north": {"uv": [0, 0, 4, 0.5], "rotation": 180, "texture": "#1"},
				"east": {"uv": [0, 0, 2.4, 0.5], "rotation": 180, "texture": "#1"},
				"south": {"uv": [0, 0, 4, 0.5], "rotation": 180, "texture": "#1"},
				"west": {"uv": [0, 0, 2.4, 0.5], "rotation": 180, "texture": "#1"},
				"up": {"uv": [0, 0, 4, 2.4], "texture": "#1"},
				"down": {"uv": [0, 0, 4, 2.4], "texture": "#1"}
			}
		},
		{
			"from": [6.8, 6.2, 14.3],
			"to": [11.2, 11.8, 18.6],
			"rotation": {"angle": -45, "axis": "x", "origin": [0, 0, 9.7]},
			"faces": {
				"north": {"uv": [0, 0, 4, 2.4], "rotation": 180, "texture": "#1"},
				"east": {"uv": [0, 0, 2.4, 0.5], "rotation": 270, "texture": "#1"},
				"south": {"uv": [0, 0, 4, 2.4], "texture": "#1"},
				"west": {"uv": [0, 0, 2.4, 0.5], "rotation": 90, "texture": "#1"},
				"up": {"uv": [0, 0, 4, 0.5], "rotation": 180, "texture": "#1"},
				"down": {"uv": [0, 0, 4, 0.5], "texture": "#1"}
			}
		},
		{
			"from": [6.8, 11.6, -3.7],
			"to": [11.2, 13, 7.7],
			"rotation": {"angle": 0, "axis": "x", "origin": [0, 0, 9.7]},
			"faces": {
				"north": {"uv": [0, 0, 4, 0.5], "texture": "#1"},
				"east": {"uv": [0, 0, 2.4, 0.5], "texture": "#1"},
				"south": {"uv": [0, 0, 4, 0.5], "texture": "#1"},
				"west": {"uv": [0, 0, 2.4, 0.5], "texture": "#1"},
				"up": {"uv": [0, 0, 4, 2.4], "texture": "#1"},
				"down": {"uv": [0, 0, 4, 2.4], "texture": "#1"}
			}
		},
		{
			"from": [6.8, 13, -4],
			"to": [11.2, 14.7, 7.7],
			"rotation": {"angle": 0, "axis": "x", "origin": [0, 0, 9.7]},
			"faces": {
				"north": {"uv": [0, 0, 4, 0.5], "texture": "#1"},
				"east": {"uv": [0, 0, 2.4, 0.5], "texture": "#1"},
				"south": {"uv": [0, 0, 4, 0.5], "texture": "#1"},
				"west": {"uv": [0, 0, 2.4, 0.5], "texture": "#1"},
				"up": {"uv": [0, 0, 4, 2.4], "texture": "#1"},
				"down": {"uv": [0, 0, 4, 2.4], "texture": "#1"}
			}
		},
		{
			"from": [6.8, 5.6, -8.5],
			"to": [11.2, 8.3, -7.1],
			"rotation": {"angle": 22.5, "axis": "x", "origin": [0, 0, 9.7]},
			"faces": {
				"north": {"uv": [0, 0, 4, 2.4], "rotation": 180, "texture": "#1"},
				"east": {"uv": [0, 0, 2.4, 0.5], "rotation": 90, "texture": "#1"},
				"south": {"uv": [0, 0, 4, 2.4], "texture": "#1"},
				"west": {"uv": [0, 0, 2.4, 0.5], "rotation": 270, "texture": "#1"},
				"up": {"uv": [0, 0, 4, 0.5], "texture": "#1"},
				"down": {"uv": [0, 0, 4, 0.5], "rotation": 180, "texture": "#1"}
			}
		},
		{
			"from": [6.8, 8.5, 11.1],
			"to": [11.1, 10.7, 15.8],
			"rotation": {"angle": 0, "axis": "x", "origin": [0, 0, 9.7]},
			"faces": {
				"north": {"uv": [0, 0, 0.8, 0.5], "rotation": 180, "texture": "#1"},
				"east": {"uv": [0, 0, 2.4, 0.5], "rotation": 180, "texture": "#1"},
				"south": {"uv": [0, 0, 0.8, 0.5], "rotation": 180, "texture": "#1"},
				"west": {"uv": [0, 0, 2.4, 0.5], "rotation": 180, "texture": "#1"},
				"up": {"uv": [0, 0, 0.8, 2.4], "texture": "#1"},
				"down": {"uv": [0, 0, 0.8, 2.4], "texture": "#1"}
			}
		},
		{
			"from": [8.5, 8.3, 11],
			"to": [9.7, 9.5, 11.9],
			"rotation": {"angle": 22.5, "axis": "x", "origin": [0, 0, 9.7]},
			"faces": {
				"north": {"uv": [0, 0, 0.8, 1.2], "rotation": 180, "texture": "#2"},
				"east": {"uv": [0, 0, 1.2, 0.5], "rotation": 90, "texture": "#2"},
				"south": {"uv": [0, 0, 0.8, 1.2], "texture": "#2"},
				"west": {"uv": [0, 0, 1.2, 0.5], "rotation": 270, "texture": "#2"},
				"up": {"uv": [0, 0, 0.8, 0.5], "texture": "#2"},
				"down": {"uv": [0, 0, 0.8, 0.5], "rotation": 180, "texture": "#2"}
			}
		},
		{
			"from": [8.5, 9.5, 10.8],
			"to": [9.7, 10.1, 11.9],
			"rotation": {"angle": 22.5, "axis": "x", "origin": [0, 0, 9.7]},
			"faces": {
				"north": {"uv": [0, 0, 0.8, 1.2], "rotation": 180, "texture": "#2"},
				"east": {"uv": [0, 0, 1.2, 0.5], "rotation": 90, "texture": "#2"},
				"south": {"uv": [0, 0, 0.8, 1.2], "texture": "#2"},
				"west": {"uv": [0, 0, 1.2, 0.5], "rotation": 270, "texture": "#2"},
				"up": {"uv": [0, 0, 0.8, 0.5], "texture": "#2"},
				"down": {"uv": [0, 0, 0.8, 0.5], "rotation": 180, "texture": "#2"}
			}
		},
		{
			"from": [8.5, 7.1, 11.2],
			"to": [9.7, 8.3, 12.1],
			"rotation": {"angle": 22.5, "axis": "x", "origin": [0, 0, 9.7]},
			"faces": {
				"north": {"uv": [0, 0, 0.8, 1.2], "rotation": 180, "texture": "#2"},
				"east": {"uv": [0, 0, 1.2, 0.5], "rotation": 90, "texture": "#2"},
				"south": {"uv": [0, 0, 0.8, 1.2], "texture": "#2"},
				"west": {"uv": [0, 0, 1.2, 0.5], "rotation": 270, "texture": "#2"},
				"up": {"uv": [0, 0, 0.8, 0.5], "texture": "#2"},
				"down": {"uv": [0, 0, 0.8, 0.5], "rotation": 180, "texture": "#2"}
			}
		},
		{
			"from": [6.9, 7.3, 12.2],
			"to": [11.1, 9, 15.6],
			"rotation": {"angle": -22.5, "axis": "x", "origin": [0, 0, 9.7]},
			"faces": {
				"north": {"uv": [0, 0, 4, 0.5], "rotation": 180, "texture": "#1"},
				"east": {"uv": [0, 0, 2.4, 0.5], "rotation": 180, "texture": "#1"},
				"south": {"uv": [0, 0, 4, 0.5], "rotation": 180, "texture": "#1"},
				"west": {"uv": [0, 0, 2.4, 0.5], "rotation": 180, "texture": "#1"},
				"up": {"uv": [0, 0, 4, 2.4], "texture": "#1"},
				"down": {"uv": [0, 0, 4, 2.4], "texture": "#1"}
			}
		},
		{
			"from": [6.9, 9, 12.9],
			"to": [11.1, 9.4, 14.7],
			"rotation": {"angle": -22.5, "axis": "x", "origin": [0, 0, 9.7]},
			"faces": {
				"north": {"uv": [0, 0, 4, 0.5], "rotation": 180, "texture": "#1"},
				"east": {"uv": [0, 0, 2.4, 0.5], "rotation": 180, "texture": "#1"},
				"south": {"uv": [0, 0, 4, 0.5], "rotation": 180, "texture": "#1"},
				"west": {"uv": [0, 0, 2.4, 0.5], "rotation": 180, "texture": "#1"},
				"up": {"uv": [0, 0, 4, 2.4], "texture": "#1"},
				"down": {"uv": [0, 0, 4, 2.4], "texture": "#1"}
			}
		},
		{
			"from": [6.9, 9.4, 12.9],
			"to": [11.1, 9.8, 13.7],
			"rotation": {"angle": -22.5, "axis": "x", "origin": [0, 0, 9.7]},
			"faces": {
				"north": {"uv": [0, 0, 4, 0.5], "rotation": 180, "texture": "#1"},
				"east": {"uv": [0, 0, 2.4, 0.5], "rotation": 180, "texture": "#1"},
				"south": {"uv": [0, 0, 4, 0.5], "rotation": 180, "texture": "#1"},
				"west": {"uv": [0, 0, 2.4, 0.5], "rotation": 180, "texture": "#1"},
				"up": {"uv": [0, 0, 4, 2.4], "texture": "#1"},
				"down": {"uv": [0, 0, 4, 2.4], "texture": "#1"}
			}
		},
		{
			"from": [6.9, 4.6, 11.1],
			"to": [11.1, 5.1, 13.1],
			"rotation": {"angle": -22.5, "axis": "x", "origin": [0, 0, 9.7]},
			"faces": {
				"north": {"uv": [0, 0, 4, 0.5], "rotation": 180, "texture": "#1"},
				"east": {"uv": [0, 0, 2.4, 0.5], "rotation": 180, "texture": "#1"},
				"south": {"uv": [0, 0, 4, 0.5], "rotation": 180, "texture": "#1"},
				"west": {"uv": [0, 0, 2.4, 0.5], "rotation": 180, "texture": "#1"},
				"up": {"uv": [0, 0, 4, 2.4], "texture": "#1"},
				"down": {"uv": [0, 0, 4, 2.4], "texture": "#1"}
			}
		},
		{
			"from": [7, 4.4, 15.7],
			"to": [11, 5.3, 20.7],
			"rotation": {"angle": 0, "axis": "y", "origin": [0, 0, 9.7]},
			"faces": {
				"north": {"uv": [0, 0, 4, 0.9], "texture": "#0"},
				"east": {"uv": [0, 0, 5, 0.9], "texture": "#0"},
				"south": {"uv": [0, 0, 4, 0.9], "texture": "#0"},
				"west": {"uv": [0, 0, 5, 0.9], "texture": "#0"},
				"up": {"uv": [0, 0, 4, 5], "texture": "#0"},
				"down": {"uv": [0, 0, 4, 5], "texture": "#0"}
			}
		},
		{
			"from": [7, 5.1, 15.6],
			"to": [11, 5.3, 15.7],
			"rotation": {"angle": 0, "axis": "y", "origin": [0, 0, 9.7]},
			"faces": {
				"north": {"uv": [0, 0, 4, 0.2], "texture": "#0"},
				"east": {"uv": [0, 0, 0.1, 0.2], "texture": "#0"},
				"south": {"uv": [0, 0, 4, 0.2], "texture": "#0"},
				"west": {"uv": [0, 0, 0.1, 0.2], "texture": "#0"},
				"up": {"uv": [0, 0, 4, 0.1], "texture": "#0"},
				"down": {"uv": [0, 0, 4, 0.1], "texture": "#0"}
			}
		},
		{
			"from": [7, 4.4, 15.7],
			"to": [11, 5.3, 20.7],
			"rotation": {"angle": 0, "axis": "y", "origin": [0, 0, 9.7]},
			"faces": {
				"north": {"uv": [0, 0, 4, 0.9], "texture": "#0"},
				"east": {"uv": [0, 0, 5, 0.9], "texture": "#0"},
				"south": {"uv": [0, 0, 4, 0.9], "texture": "#0"},
				"west": {"uv": [0, 0, 5, 0.9], "texture": "#0"},
				"up": {"uv": [0, 0, 4, 5], "texture": "#0"},
				"down": {"uv": [0, 0, 4, 5], "texture": "#0"}
			}
		},
		{
			"from": [7, -2.8, 16.1],
			"to": [11, -0.9, 16.4],
			"rotation": {"angle": -22.5, "axis": "x", "origin": [0, 0, 9.7]},
			"faces": {
				"north": {"uv": [0, 0, 4, 1.9], "texture": "#0"},
				"east": {"uv": [0, 0, 0.3, 1.9], "texture": "#0"},
				"south": {"uv": [0, 0, 4, 1.9], "texture": "#0"},
				"west": {"uv": [0, 0, 0.3, 1.9], "texture": "#0"},
				"up": {"uv": [0, 0, 4, 0.3], "texture": "#0"},
				"down": {"uv": [0, 0, 4, 0.3], "texture": "#0"}
			}
		},
		{
			"from": [7, 0.9, 16.9],
			"to": [11, 2.8, 17.2],
			"rotation": {"angle": -22.5, "axis": "x", "origin": [0, 0, 9.7]},
			"faces": {
				"north": {"uv": [0, 0, 4, 1.9], "texture": "#0"},
				"east": {"uv": [0, 0, 0.3, 1.9], "texture": "#0"},
				"south": {"uv": [0, 0, 4, 1.9], "texture": "#0"},
				"west": {"uv": [0, 0, 0.3, 1.9], "texture": "#0"},
				"up": {"uv": [0, 0, 4, 0.3], "texture": "#0"},
				"down": {"uv": [0, 0, 4, 0.3], "texture": "#0"}
			}
		},
		{
			"from": [7, -2.7, 16],
			"to": [11, -2.3, 16.1],
			"rotation": {"angle": -22.5, "axis": "x", "origin": [0, 0, 9.7]},
			"faces": {
				"north": {"uv": [0, 0, 4, 0.4], "texture": "#0"},
				"east": {"uv": [0, 0, 0.1, 0.4], "texture": "#0"},
				"south": {"uv": [0, 0, 4, 0.4], "texture": "#0"},
				"west": {"uv": [0, 0, 0.1, 0.4], "texture": "#0"},
				"up": {"uv": [0, 0, 4, 0.1], "texture": "#0"},
				"down": {"uv": [0, 0, 4, 0.1], "texture": "#0"}
			}
		},
		{
			"from": [7, -2.8, 16.1],
			"to": [11, -0.9, 16.4],
			"rotation": {"angle": -22.5, "axis": "x", "origin": [0, 0, 9.7]},
			"faces": {
				"north": {"uv": [0, 0, 4, 1.9], "texture": "#0"},
				"east": {"uv": [0, 0, 0.3, 1.9], "texture": "#0"},
				"south": {"uv": [0, 0, 4, 1.9], "texture": "#0"},
				"west": {"uv": [0, 0, 0.3, 1.9], "texture": "#0"},
				"up": {"uv": [0, 0, 4, 0.3], "texture": "#0"},
				"down": {"uv": [0, 0, 4, 0.3], "texture": "#0"}
			}
		},
		{
			"from": [7, -0.9, 21.3],
			"to": [11, -0.4, 21.5],
			"rotation": {"angle": -22.5, "axis": "x", "origin": [0, 1.9, 9.7]},
			"faces": {
				"north": {"uv": [0, 0, 4, 0.5], "texture": "#0"},
				"east": {"uv": [0, 0, 0.2, 0.5], "texture": "#0"},
				"south": {"uv": [0, 0, 4, 0.5], "texture": "#0"},
				"west": {"uv": [0, 0, 0.2, 0.5], "texture": "#0"},
				"up": {"uv": [0, 0, 4, 0.2], "texture": "#0"},
				"down": {"uv": [0, 0, 4, 0.2], "texture": "#0"}
			}
		},
		{
			"from": [7, 0.6, 21.9],
			"to": [11, 1.9, 22.1],
			"rotation": {"angle": -22.5, "axis": "x", "origin": [0, 1.9, 9.7]},
			"faces": {
				"north": {"uv": [0, 0, 4, 1.3], "texture": "#0"},
				"east": {"uv": [0, 0, 0.2, 1.3], "texture": "#0"},
				"south": {"uv": [0, 0, 4, 1.3], "texture": "#0"},
				"west": {"uv": [0, 0, 0.2, 1.3], "texture": "#0"},
				"up": {"uv": [0, 0, 4, 0.2], "texture": "#0"},
				"down": {"uv": [0, 0, 4, 0.2], "texture": "#0"}
			}
		},
		{
			"from": [7, 4.2, 21.3],
			"to": [11, 4.7, 21.5],
			"rotation": {"angle": 0, "axis": "x", "origin": [0, 1.9, 9.7]},
			"faces": {
				"north": {"uv": [0, 0, 4, 0.5], "texture": "#0"},
				"east": {"uv": [0, 0, 0.2, 0.5], "texture": "#0"},
				"south": {"uv": [0, 0, 4, 0.5], "texture": "#0"},
				"west": {"uv": [0, 0, 0.2, 0.5], "texture": "#0"},
				"up": {"uv": [0, 0, 4, 0.2], "texture": "#0"},
				"down": {"uv": [0, 0, 4, 0.2], "texture": "#0"}
			}
		},
		{
			"from": [7, 6.5, 21],
			"to": [11, 7, 21.2],
			"rotation": {"angle": 0, "axis": "x", "origin": [0, 1.9, 9.7]},
			"faces": {
				"north": {"uv": [0, 0, 4, 0.5], "texture": "#0"},
				"east": {"uv": [0, 0, 0.2, 0.5], "texture": "#0"},
				"south": {"uv": [0, 0, 4, 0.5], "texture": "#0"},
				"west": {"uv": [0, 0, 0.2, 0.5], "texture": "#0"},
				"up": {"uv": [0, 0, 4, 0.2], "texture": "#0"},
				"down": {"uv": [0, 0, 4, 0.2], "texture": "#0"}
			}
		},
		{
			"from": [7, 5, 21.5],
			"to": [11, 5.5, 21.7],
			"rotation": {"angle": 0, "axis": "x", "origin": [0, 1.9, 9.7]},
			"faces": {
				"north": {"uv": [0, 0, 4, 0.5], "texture": "#0"},
				"east": {"uv": [0, 0, 0.2, 0.5], "texture": "#0"},
				"south": {"uv": [0, 0, 4, 0.5], "texture": "#0"},
				"west": {"uv": [0, 0, 0.2, 0.5], "texture": "#0"},
				"up": {"uv": [0, 0, 4, 0.2], "texture": "#0"},
				"down": {"uv": [0, 0, 4, 0.2], "texture": "#0"}
			}
		},
		{
			"from": [7, 8.9, 19.4],
			"to": [11, 9.4, 19.6],
			"rotation": {"angle": 22.5, "axis": "x", "origin": [0, 1.9, 9.7]},
			"faces": {
				"north": {"uv": [0, 0, 4, 0.5], "texture": "#0"},
				"east": {"uv": [0, 0, 0.2, 0.5], "texture": "#0"},
				"south": {"uv": [0, 0, 4, 0.5], "texture": "#0"},
				"west": {"uv": [0, 0, 0.2, 0.5], "texture": "#0"},
				"up": {"uv": [0, 0, 4, 0.2], "texture": "#0"},
				"down": {"uv": [0, 0, 4, 0.2], "texture": "#0"}
			}
		},
		{
			"from": [7, 10.9, 16.8],
			"to": [11, 13.6, 18.4],
			"rotation": {"angle": 22.5, "axis": "x", "origin": [0, 1.9, 9.7]},
			"faces": {
				"north": {"uv": [0, 0, 4, 2.4], "texture": "#0"},
				"east": {"uv": [0, 0, 0.2, 2.4], "texture": "#0"},
				"south": {"uv": [0, 0, 4, 2.4], "texture": "#0"},
				"west": {"uv": [0, 0, 0.2, 2.4], "texture": "#0"},
				"up": {"uv": [0, 0, 4, 0.2], "texture": "#0"},
				"down": {"uv": [0, 0, 4, 0.2], "texture": "#0"}
			}
		},
		{
			"from": [7, 15.7, 12.3],
			"to": [11, 16.5, 13.4],
			"rotation": {"angle": 45, "axis": "x", "origin": [0, 1.9, 9.7]},
			"faces": {
				"north": {"uv": [0, 0, 4, 0.8], "texture": "#0"},
				"east": {"uv": [0, 0, 0.2, 0.8], "texture": "#0"},
				"south": {"uv": [0, 0, 4, 0.8], "texture": "#0"},
				"west": {"uv": [0, 0, 0.2, 0.8], "texture": "#0"},
				"up": {"uv": [0, 0, 4, 0.2], "texture": "#0"},
				"down": {"uv": [0, 0, 4, 0.2], "texture": "#0"}
			}
		},
		{
			"from": [7, 9.6, 21.3],
			"to": [11, 10.4, 22.7],
			"rotation": {"angle": 0, "axis": "x", "origin": [0, 1.9, 9.7]},
			"faces": {
				"north": {"uv": [0, 0, 4, 0.8], "texture": "#0"},
				"east": {"uv": [0, 0, 0.2, 0.8], "texture": "#0"},
				"south": {"uv": [0, 0, 4, 0.8], "texture": "#0"},
				"west": {"uv": [0, 0, 0.2, 0.8], "texture": "#0"},
				"up": {"uv": [0, 0, 4, 0.2], "texture": "#0"},
				"down": {"uv": [0, 0, 4, 0.2], "texture": "#0"}
			}
		}
	],
	"display": {
		"thirdperson_righthand": {
			"translation": [0, 0, -2],
			"scale": [0.2, 0.2, 0.2]
		},
		"thirdperson_lefthand": {
			"translation": [0, 0, -2],
			"scale": [0.2, 0.2, 0.2]
		},
		"firstperson_righthand": {
			"translation": [0, 1.5, 0],
			"scale": [0.47, 0.48, 0.21]
		},
		"firstperson_lefthand": {
			"translation": [0, 2.75, 0],
			"scale": [0.47, 0.48, 0.21]
		},
		"ground": {
			"rotation": [-4, 44, 72],
			"translation": [0, -3.75, 0],
			"scale": [0.46, 0.44, 0.44]
		},
		"gui": {
			"rotation": [-56, -130, -56],
			"translation": [0.75, 0, 0],
			"scale": [0.5, 0.5, 0.5]
		},
		"head": {
			"translation": [0, 0, 1],
			"scale": [0, 0, 0]
		},
		"fixed": {
			"rotation": [-52, 180, 25],
			"translation": [0, -7.75, -4.5],
			"scale": [0.6, 0.6, 0.59]
		}
	}
}