{
	"credit": "Made with Blockbench",
	"texture_size": [32, 32],
	"textures": {
		"0": "item/medi",
		"1": "item/bandage2",
		"particle": "item/medi"
	},
	"elements": [
		{
			"from": [0, 0, 0],
			"to": [16, 2, 16],
			"faces": {
				"north": {"uv": [8, 7.5, 12, 8], "texture": "#0"},
				"east": {"uv": [6, 11, 10, 11.5], "texture": "#0"},
				"south": {"uv": [11, 8, 15, 8.5], "texture": "#0"},
				"west": {"uv": [11, 8.5, 15, 9], "texture": "#0"},
				"up": {"uv": [4, 4, 0, 0], "texture": "#0"},
				"down": {"uv": [4, 4, 0, 8], "texture": "#0"}
			}
		},
		{
			"from": [0, 2, 0],
			"to": [16, 8, 2],
			"faces": {
				"north": {"uv": [0, 8, 4, 9.5], "texture": "#0"},
				"east": {"uv": [7.5, 12, 8, 13.5], "texture": "#0"},
				"south": {"uv": [8, 0, 12, 1.5], "texture": "#0"},
				"west": {"uv": [8, 12, 8.5, 13.5], "texture": "#0"},
				"up": {"uv": [15, 9.5, 11, 9], "texture": "#0"},
				"down": {"uv": [14, 11, 10, 11.5], "texture": "#0"}
			}
		},
		{
			"from": [0, 2, 2],
			"to": [2, 8, 16],
			"faces": {
				"north": {"uv": [8.5, 12, 9, 13.5], "texture": "#0"},
				"east": {"uv": [4, 8, 7.5, 9.5], "texture": "#0"},
				"south": {"uv": [9, 12, 9.5, 13.5], "texture": "#0"},
				"west": {"uv": [8, 4.5, 11.5, 6], "texture": "#0"},
				"up": {"uv": [10.5, 15, 10, 11.5], "texture": "#0"},
				"down": {"uv": [11, 11.5, 10.5, 15], "texture": "#0"}
			}
		},
		{
			"from": [14, 2, 2],
			"to": [16, 8, 16],
			"faces": {
				"north": {"uv": [9.5, 12, 10, 13.5], "texture": "#0"},
				"east": {"uv": [8, 6, 11.5, 7.5], "texture": "#0"},
				"south": {"uv": [12, 11.5, 12.5, 13], "texture": "#0"},
				"west": {"uv": [7.5, 8, 11, 9.5], "texture": "#0"},
				"up": {"uv": [11.5, 15, 11, 11.5], "texture": "#0"},
				"down": {"uv": [12, 11.5, 11.5, 15], "texture": "#0"}
			}
		},
		{
			"from": [14, 8, -14],
			"to": [16, 14, 0],
			"faces": {
				"north": {"uv": [0, 12.5, 0.5, 14], "texture": "#0"},
				"east": {"uv": [0, 9.5, 3.5, 11], "texture": "#0"},
				"south": {"uv": [12.5, 0, 13, 1.5], "texture": "#0"},
				"west": {"uv": [3.5, 9.5, 7, 11], "texture": "#0"},
				"up": {"uv": [12.5, 3.5, 12, 0], "texture": "#0"},
				"down": {"uv": [6.5, 12, 6, 15.5], "texture": "#0"}
			}
		},
		{
			"from": [0, 8, -14],
			"to": [2, 14, 0],
			"faces": {
				"north": {"uv": [0.5, 12.5, 1, 14], "texture": "#0"},
				"east": {"uv": [7, 9.5, 10.5, 11], "texture": "#0"},
				"south": {"uv": [1, 12.5, 1.5, 14], "texture": "#0"},
				"west": {"uv": [10.5, 9.5, 14, 11], "texture": "#0"},
				"up": {"uv": [7, 15.5, 6.5, 12], "texture": "#0"},
				"down": {"uv": [7.5, 12, 7, 15.5], "texture": "#0"}
			}
		},
		{
			"from": [2, 2, 14],
			"to": [14, 8, 16],
			"faces": {
				"north": {"uv": [0, 11, 3, 12.5], "texture": "#0"},
				"east": {"uv": [1.5, 12.5, 2, 14], "texture": "#0"},
				"south": {"uv": [3, 11, 6, 12.5], "texture": "#0"},
				"west": {"uv": [12.5, 1.5, 13, 3], "texture": "#0"},
				"up": {"uv": [14.5, 7.5, 11.5, 7], "texture": "#0"},
				"down": {"uv": [15, 3.5, 12, 4], "texture": "#0"}
			}
		},
		{
			"from": [0, 6, -16],
			"to": [16, 8, 0],
			"faces": {
				"north": {"uv": [11.5, 4.5, 15.5, 5], "texture": "#0"},
				"east": {"uv": [11.5, 5, 15.5, 5.5], "texture": "#0"},
				"south": {"uv": [11.5, 5.5, 15.5, 6], "texture": "#0"},
				"west": {"uv": [6, 11.5, 10, 12], "texture": "#0"},
				"up": {"uv": [8, 4, 4, 0], "texture": "#0"},
				"down": {"uv": [8, 4, 4, 8], "texture": "#0"}
			}
		},
		{
			"from": [0, 8, -16],
			"to": [16, 14, -14],
			"faces": {
				"north": {"uv": [8, 1.5, 12, 3], "texture": "#0"},
				"east": {"uv": [2, 12.5, 2.5, 14], "texture": "#0"},
				"south": {"uv": [8, 3, 12, 4.5], "texture": "#0"},
				"west": {"uv": [2.5, 12.5, 3, 14], "texture": "#0"},
				"up": {"uv": [15.5, 6.5, 11.5, 6], "texture": "#0"},
				"down": {"uv": [15.5, 6.5, 11.5, 7], "texture": "#0"}
			}
		},
		{
			"from": [4, 4, 5],
			"to": [5, 10, 6],
			"faces": {
				"north": {"uv": [3, 6, 3.5, 9], "texture": "#1"},
				"east": {"uv": [6, 3, 6.5, 6], "texture": "#1"},
				"south": {"uv": [3.5, 6, 4, 9], "texture": "#1"},
				"west": {"uv": [4, 6, 4.5, 9], "texture": "#1"},
				"up": {"uv": [9.5, 1, 9, 0.5], "texture": "#1"},
				"down": {"uv": [9.5, 1, 9, 1.5], "texture": "#1"}
			}
		},
		{
			"from": [7, 4, 6],
			"to": [8, 10, 7],
			"faces": {
				"north": {"uv": [4.5, 6, 5, 9], "texture": "#1"},
				"east": {"uv": [5, 6, 5.5, 9], "texture": "#1"},
				"south": {"uv": [5.5, 6, 6, 9], "texture": "#1"},
				"west": {"uv": [6, 6, 6.5, 9], "texture": "#1"},
				"up": {"uv": [2, 9.5, 1.5, 9], "texture": "#1"},
				"down": {"uv": [9.5, 1.5, 9, 2], "texture": "#1"}
			}
		},
		{
			"from": [3, 4, 2],
			"to": [5, 10, 3],
			"faces": {
				"north": {"uv": [3, 3, 4, 6], "texture": "#1"},
				"east": {"uv": [6.5, 3, 7, 6], "texture": "#1"},
				"south": {"uv": [4, 3, 5, 6], "texture": "#1"},
				"west": {"uv": [6.5, 6, 7, 9], "texture": "#1"},
				"up": {"uv": [9.5, 5.5, 8.5, 5], "texture": "#1"},
				"down": {"uv": [9.5, 5.5, 8.5, 6], "texture": "#1"}
			}
		},
		{
			"from": [5, 4, 5],
			"to": [6, 10, 7],
			"faces": {
				"north": {"uv": [7, 0, 7.5, 3], "texture": "#1"},
				"east": {"uv": [5, 0, 6, 3], "texture": "#1"},
				"south": {"uv": [7, 3, 7.5, 6], "texture": "#1"},
				"west": {"uv": [5, 3, 6, 6], "texture": "#1"},
				"up": {"uv": [9, 7, 8.5, 6], "texture": "#1"},
				"down": {"uv": [9, 7, 8.5, 8], "texture": "#1"}
			}
		},
		{
			"from": [6, 4, 5],
			"to": [7, 10, 7],
			"faces": {
				"north": {"uv": [7, 6, 7.5, 9], "texture": "#1"},
				"east": {"uv": [0, 6, 1, 9], "texture": "#1"},
				"south": {"uv": [7.5, 0, 8, 3], "texture": "#1"},
				"west": {"uv": [6, 0, 7, 3], "texture": "#1"},
				"up": {"uv": [9, 9, 8.5, 8], "texture": "#1"},
				"down": {"uv": [0.5, 9, 0, 10], "texture": "#1"}
			}
		},
		{
			"from": [7, 4, 5],
			"to": [9, 10, 6],
			"faces": {
				"north": {"uv": [1, 6, 2, 9], "texture": "#1"},
				"east": {"uv": [7.5, 3, 8, 6], "texture": "#1"},
				"south": {"uv": [2, 6, 3, 9], "texture": "#1"},
				"west": {"uv": [7.5, 6, 8, 9], "texture": "#1"},
				"up": {"uv": [10, 0.5, 9, 0], "texture": "#1"},
				"down": {"uv": [1.5, 9, 0.5, 9.5], "texture": "#1"}
			}
		},
		{
			"from": [4, 4, 4],
			"to": [9, 10, 5],
			"faces": {
				"north": {"uv": [0, 0, 2.5, 3], "texture": "#1"},
				"east": {"uv": [8, 0, 8.5, 3], "texture": "#1"},
				"south": {"uv": [2.5, 0, 5, 3], "texture": "#1"},
				"west": {"uv": [8, 3, 8.5, 6], "texture": "#1"},
				"up": {"uv": [11, 3.5, 8.5, 3], "texture": "#1"},
				"down": {"uv": [11, 3.5, 8.5, 4], "texture": "#1"}
			}
		},
		{
			"from": [5, 4, 3],
			"to": [8, 10, 4],
			"faces": {
				"north": {"uv": [0, 3, 1.5, 6], "texture": "#1"},
				"east": {"uv": [8, 6, 8.5, 9], "texture": "#1"},
				"south": {"uv": [1.5, 3, 3, 6], "texture": "#1"},
				"west": {"uv": [8.5, 0, 9, 3], "texture": "#1"},
				"up": {"uv": [10, 4.5, 8.5, 4], "texture": "#1"},
				"down": {"uv": [10, 4.5, 8.5, 5], "texture": "#1"}
			}
		},
		{
			"from": [8, 4, 11],
			"to": [9, 10, 12],
			"faces": {
				"north": {"uv": [3, 6, 3.5, 9], "texture": "#1"},
				"east": {"uv": [6, 3, 6.5, 6], "texture": "#1"},
				"south": {"uv": [3.5, 6, 4, 9], "texture": "#1"},
				"west": {"uv": [4, 6, 4.5, 9], "texture": "#1"},
				"up": {"uv": [9.5, 1, 9, 0.5], "texture": "#1"},
				"down": {"uv": [9.5, 1, 9, 1.5], "texture": "#1"}
			}
		},
		{
			"from": [11, 4, 12],
			"to": [12, 10, 13],
			"faces": {
				"north": {"uv": [4.5, 6, 5, 9], "texture": "#1"},
				"east": {"uv": [5, 6, 5.5, 9], "texture": "#1"},
				"south": {"uv": [5.5, 6, 6, 9], "texture": "#1"},
				"west": {"uv": [6, 6, 6.5, 9], "texture": "#1"},
				"up": {"uv": [2, 9.5, 1.5, 9], "texture": "#1"},
				"down": {"uv": [9.5, 1.5, 9, 2], "texture": "#1"}
			}
		},
		{
			"from": [7, 4, 8],
			"to": [9, 10, 9],
			"faces": {
				"north": {"uv": [3, 3, 4, 6], "texture": "#1"},
				"east": {"uv": [6.5, 3, 7, 6], "texture": "#1"},
				"south": {"uv": [4, 3, 5, 6], "texture": "#1"},
				"west": {"uv": [6.5, 6, 7, 9], "texture": "#1"},
				"up": {"uv": [9.5, 5.5, 8.5, 5], "texture": "#1"},
				"down": {"uv": [9.5, 5.5, 8.5, 6], "texture": "#1"}
			}
		},
		{
			"from": [9, 4, 11],
			"to": [10, 10, 13],
			"faces": {
				"north": {"uv": [7, 0, 7.5, 3], "texture": "#1"},
				"east": {"uv": [5, 0, 6, 3], "texture": "#1"},
				"south": {"uv": [7, 3, 7.5, 6], "texture": "#1"},
				"west": {"uv": [5, 3, 6, 6], "texture": "#1"},
				"up": {"uv": [9, 7, 8.5, 6], "texture": "#1"},
				"down": {"uv": [9, 7, 8.5, 8], "texture": "#1"}
			}
		},
		{
			"from": [10, 4, 11],
			"to": [11, 10, 13],
			"faces": {
				"north": {"uv": [7, 6, 7.5, 9], "texture": "#1"},
				"east": {"uv": [0, 6, 1, 9], "texture": "#1"},
				"south": {"uv": [7.5, 0, 8, 3], "texture": "#1"},
				"west": {"uv": [6, 0, 7, 3], "texture": "#1"},
				"up": {"uv": [9, 9, 8.5, 8], "texture": "#1"},
				"down": {"uv": [0.5, 9, 0, 10], "texture": "#1"}
			}
		},
		{
			"from": [11, 4, 11],
			"to": [13, 10, 12],
			"faces": {
				"north": {"uv": [1, 6, 2, 9], "texture": "#1"},
				"east": {"uv": [7.5, 3, 8, 6], "texture": "#1"},
				"south": {"uv": [2, 6, 3, 9], "texture": "#1"},
				"west": {"uv": [7.5, 6, 8, 9], "texture": "#1"},
				"up": {"uv": [10, 0.5, 9, 0], "texture": "#1"},
				"down": {"uv": [1.5, 9, 0.5, 9.5], "texture": "#1"}
			}
		},
		{
			"from": [8, 4, 10],
			"to": [13, 10, 11],
			"faces": {
				"north": {"uv": [0, 0, 2.5, 3], "texture": "#1"},
				"east": {"uv": [8, 0, 8.5, 3], "texture": "#1"},
				"south": {"uv": [2.5, 0, 5, 3], "texture": "#1"},
				"west": {"uv": [8, 3, 8.5, 6], "texture": "#1"},
				"up": {"uv": [11, 3.5, 8.5, 3], "texture": "#1"},
				"down": {"uv": [11, 3.5, 8.5, 4], "texture": "#1"}
			}
		},
		{
			"from": [9, 4, 9],
			"to": [12, 10, 10],
			"faces": {
				"north": {"uv": [0, 3, 1.5, 6], "texture": "#1"},
				"east": {"uv": [8, 6, 8.5, 9], "texture": "#1"},
				"south": {"uv": [1.5, 3, 3, 6], "texture": "#1"},
				"west": {"uv": [8.5, 0, 9, 3], "texture": "#1"},
				"up": {"uv": [10, 4.5, 8.5, 4], "texture": "#1"},
				"down": {"uv": [10, 4.5, 8.5, 5], "texture": "#1"}
			}
		}
	],
	"display": {
		"thirdperson_righthand": {
			"rotation": [0, -105, 0],
			"translation": [0, 2.75, 0],
			"scale": [0.4, 0.4, 0.4]
		},
		"thirdperson_lefthand": {
			"rotation": [0, -120, 0],
			"translation": [0, 3.25, 0],
			"scale": [0.4, 0.4, 0.4]
		},
		"firstperson_righthand": {
			"rotation": [0, -62, 0],
			"translation": [-1.5, 3.5, 0],
			"scale": [0.5, 0.5, 0.5]
		},
		"ground": {
			"scale": [0.4, 0.4, 0.4]
		},
		"gui": {
			"rotation": [15, 0, 0],
			"scale": [0.5, 0.5, 0.5]
		},
		"head": {
			"translation": [0, 11.75, 0],
			"scale": [0.6, 0.6, 0.6]
		}
	},
	"groups": [
		{
			"name": "group",
			"origin": [8, 8, 8],
			"color": 0,
			"children": [0, 1, 2, 3, 4, 5, 6, 7, 8]
		},
		{
			"name": "group",
			"origin": [0, 0, 0],
			"color": 0,
			"children": [
				9,
				10,
				11,
				12,
				13,
				14,
				15,
				16,
				{
					"name": "group",
					"origin": [0, 0, 0],
					"color": 0,
					"children": [17, 18, 19, 20, 21, 22, 23, 24]
				}
			]
		}
	]
}