{
	"credit": "Made with Blockbench",
	"textures": {
		"1": "item/baseball bat"
	},
	"elements": [
		{
			"name": "club0",
			"from": [7, 0, 7],
			"to": [9, 1, 9],
			"faces": {
				"north": {"uv": [6, 0, 8, 1], "texture": "#1"},
				"east": {"uv": [4, 0, 6, 1], "texture": "#1"},
				"south": {"uv": [2, 0, 4, 1], "texture": "#1"},
				"west": {"uv": [0, 0, 2, 1], "texture": "#1"},
				"up": {"uv": [2, 1, 4, 3], "texture": "#1"},
				"down": {"uv": [0, 1, 2, 3], "texture": "#1", "cullface": "down"}
			}
		},
		{
			"name": "club1",
			"from": [7.25, 6, 7.25],
			"to": [8.75, 18.25, 8.75],
			"faces": {
				"north": {"uv": [14.5, 0, 16, 9.25], "texture": "#1"},
				"east": {"uv": [13, 0, 14.5, 9.25], "texture": "#1"},
				"south": {"uv": [11.5, 0, 13, 9.25], "texture": "#1"},
				"west": {"uv": [10, 0, 11.5, 9.25], "texture": "#1"},
				"up": {"uv": [0, 7, 1.5, 8.5], "texture": "#1"},
				"down": {"uv": [1.5, 7, 3, 8.5], "texture": "#1"}
			}
		},
		{
			"name": "club2",
			"from": [7.5, 1, 7.5],
			"to": [8.5, 6, 8.5],
			"faces": {
				"north": {"uv": [0, 3, 1, 7], "texture": "#1"},
				"east": {"uv": [3, 3, 4, 7], "texture": "#1"},
				"south": {"uv": [2, 3, 3, 7], "texture": "#1"},
				"west": {"uv": [1, 3, 2, 7], "texture": "#1"},
				"up": {"uv": [0, 0, 0, 0], "texture": "#1"},
				"down": {"uv": [0, 0, 0, 0], "texture": "#1"}
			}
		}
	],
	"display": {
		"thirdperson_righthand": {
			"translation": [0, 2.5, 0.25]
		},
		"thirdperson_lefthand": {
			"translation": [0, 2.5, 0.25]
		},
		"firstperson_righthand": {
			"translation": [2.25, 4.75, 0]
		},
		"firstperson_lefthand": {
			"translation": [3, 3.75, 0]
		},
		"ground": {
			"rotation": [90, 0, 90]
		},
		"gui": {
			"rotation": [0, 0, 45],
			"translation": [0.5, -0.75, 0]
		},
		"head": {
			"rotation": [-60, 0, 0],
			"translation": [0, 5.25, -9.5]
		},
		"fixed": {
			"rotation": [25, 0, 0],
			"translation": [0, 7, -5.75],
			"scale": [3, 3, 3]
		}
	},
	"groups": [
		{
			"name": "club",
			"origin": [8, 8, 8],
			"color": 0,
			"children": [0, 1, 2]
		}
	]
}