{
	"credit": "Made with Blockbench",
	"texture_size": [64, 64],
	"textures": {
		"0": "item/bandage",
		"particle": "item/bandage"
	},
	"elements": [
		{
			"from": [3, 0, 10],
			"to": [5, 11, 12],
			"faces": {
				"north": {"uv": [5, 2.75, 5.5, 5.5], "texture": "#0"},
				"east": {"uv": [0, 5.5, 0.5, 8.25], "texture": "#0"},
				"south": {"uv": [5.5, 0, 6, 2.75], "texture": "#0"},
				"west": {"uv": [0.5, 5.5, 1, 8.25], "texture": "#0"},
				"up": {"uv": [8.5, 4, 8, 3.5], "texture": "#0"},
				"down": {"uv": [8.5, 4, 8, 4.5], "texture": "#0"}
			}
		},
		{
			"from": [-1, 0, 8],
			"to": [2, 11, 10],
			"faces": {
				"north": {"uv": [2, 2.75, 2.75, 5.5], "texture": "#0"},
				"east": {"uv": [1, 5.5, 1.5, 8.25], "texture": "#0"},
				"south": {"uv": [2.75, 2.75, 3.5, 5.5], "texture": "#0"},
				"west": {"uv": [1.5, 5.5, 2, 8.25], "texture": "#0"},
				"up": {"uv": [8.25, 8, 7.5, 7.5], "texture": "#0"},
				"down": {"uv": [8.75, 0, 8, 0.5], "texture": "#0"}
			}
		},
		{
			"from": [5, 0, 10],
			"to": [7, 11, 13],
			"faces": {
				"north": {"uv": [2, 5.5, 2.5, 8.25], "texture": "#0"},
				"east": {"uv": [3.5, 2.75, 4.25, 5.5], "texture": "#0"},
				"south": {"uv": [2.5, 5.5, 3, 8.25], "texture": "#0"},
				"west": {"uv": [4, 0, 4.75, 2.75], "texture": "#0"},
				"up": {"uv": [8.5, 1.25, 8, 0.5], "texture": "#0"},
				"down": {"uv": [8.5, 1.25, 8, 2], "texture": "#0"}
			}
		},
		{
			"from": [7, 0, 10],
			"to": [9, 11, 13],
			"faces": {
				"north": {"uv": [5.5, 2.75, 6, 5.5], "texture": "#0"},
				"east": {"uv": [4.25, 2.75, 5, 5.5], "texture": "#0"},
				"south": {"uv": [3, 5.5, 3.5, 8.25], "texture": "#0"},
				"west": {"uv": [4.75, 0, 5.5, 2.75], "texture": "#0"},
				"up": {"uv": [8.5, 2.75, 8, 2], "texture": "#0"},
				"down": {"uv": [8.5, 2.75, 8, 3.5], "texture": "#0"}
			}
		},
		{
			"from": [9, 0, 10],
			"to": [11, 11, 12],
			"faces": {
				"north": {"uv": [3.5, 5.5, 4, 8.25], "texture": "#0"},
				"east": {"uv": [4, 5.5, 4.5, 8.25], "texture": "#0"},
				"south": {"uv": [4.5, 5.5, 5, 8.25], "texture": "#0"},
				"west": {"uv": [5, 5.5, 5.5, 8.25], "texture": "#0"},
				"up": {"uv": [8.5, 5, 8, 4.5], "texture": "#0"},
				"down": {"uv": [8.5, 5, 8, 5.5], "texture": "#0"}
			}
		},
		{
			"from": [3, 0, 8],
			"to": [11, 11, 10],
			"faces": {
				"north": {"uv": [0, 0, 2, 2.75], "texture": "#0"},
				"east": {"uv": [5.5, 5.5, 6, 8.25], "texture": "#0"},
				"south": {"uv": [2, 0, 4, 2.75], "texture": "#0"},
				"west": {"uv": [6, 0, 6.5, 2.75], "texture": "#0"},
				"up": {"uv": [9.5, 6, 7.5, 5.5], "texture": "#0"},
				"down": {"uv": [9.5, 6, 7.5, 6.5], "texture": "#0"}
			}
		},
		{
			"from": [8, 0, 6],
			"to": [10, 11, 8],
			"faces": {
				"north": {"uv": [6, 2.75, 6.5, 5.5], "texture": "#0"},
				"east": {"uv": [6, 5.5, 6.5, 8.25], "texture": "#0"},
				"south": {"uv": [6.5, 0, 7, 2.75], "texture": "#0"},
				"west": {"uv": [6.5, 2.75, 7, 5.5], "texture": "#0"},
				"up": {"uv": [8, 8.5, 7.5, 8], "texture": "#0"},
				"down": {"uv": [8.5, 8, 8, 8.5], "texture": "#0"}
			}
		},
		{
			"from": [6, 0, 6],
			"to": [8, 11, 8],
			"faces": {
				"north": {"uv": [6.5, 5.5, 7, 8.25], "texture": "#0"},
				"east": {"uv": [7, 0, 7.5, 2.75], "texture": "#0"},
				"south": {"uv": [7, 2.75, 7.5, 5.5], "texture": "#0"},
				"west": {"uv": [7, 5.5, 7.5, 8.25], "texture": "#0"},
				"up": {"uv": [0.5, 8.75, 0, 8.25], "texture": "#0"},
				"down": {"uv": [1, 8.25, 0.5, 8.75], "texture": "#0"}
			}
		},
		{
			"from": [2, 0, 6],
			"to": [6, 11, 8],
			"faces": {
				"north": {"uv": [0, 2.75, 1, 5.5], "texture": "#0"},
				"east": {"uv": [7.5, 0, 8, 2.75], "texture": "#0"},
				"south": {"uv": [1, 2.75, 2, 5.5], "texture": "#0"},
				"west": {"uv": [7.5, 2.75, 8, 5.5], "texture": "#0"},
				"up": {"uv": [8.5, 7, 7.5, 6.5], "texture": "#0"},
				"down": {"uv": [8.5, 7, 7.5, 7.5], "texture": "#0"}
			}
		}
	],
	"display": {
		"thirdperson_righthand": {
			"translation": [0.75, 1.75, 0],
			"scale": [0.3, 0.3, 0.3]
		},
		"thirdperson_lefthand": {
			"rotation": [0, -90, 0],
			"translation": [2, 0, 0],
			"scale": [0.5, 0.5, 0.5]
		},
		"firstperson_righthand": {
			"rotation": [0, 126, 0],
			"translation": [0.5, 3.25, -1],
			"scale": [0.4, 0.4, 0.4]
		},
		"firstperson_lefthand": {
			"translation": [0, -1.75, 0]
		},
		"ground": {
			"translation": [0, 1.5, 0],
			"scale": [0.4, 0.4, 0.4]
		},
		"gui": {
			"rotation": [162, -21, 0],
			"translation": [1.5, -2.5, 0]
		},
		"head": {
			"rotation": [90, -3, 0],
			"translation": [0, 9, 0],
			"scale": [0.4, 0.4, 0.4]
		}
	},
	"groups": [
		{
			"name": "group",
			"origin": [0, 0, 0],
			"color": 0,
			"children": [0, 1, 2, 3, 4, 5, 6, 7, 8]
		}
	]
}