{
	"credit": "Made with Blockbench",
	"textures": {
		"1": "item/glock"
	},
	"elements": [
		{
			"from": [0, 1.8, 0.7],
			"to": [2.1, 2, 5.7],
			"faces": {
				"north": {"uv": [2, 2, 6, 4.5], "texture": "#1"},
				"east": {"uv": [2, 2, 6, 4.5], "texture": "#1"},
				"south": {"uv": [2, 2, 6, 4.5], "texture": "#1"},
				"west": {"uv": [2, 2, 6, 4.5], "texture": "#1"},
				"up": {"uv": [2, 2, 6, 4.5], "texture": "#1"},
				"down": {"uv": [2, 2, 6, 4.5], "texture": "#1"}
			}
		},
		{
			"from": [0, 2, 0.5],
			"to": [2.1, 2.2, 5.9],
			"faces": {
				"north": {"uv": [2, 2, 6, 4.5], "texture": "#1"},
				"east": {"uv": [2, 2, 6, 4.5], "texture": "#1"},
				"south": {"uv": [2, 2, 6, 4.5], "texture": "#1"},
				"west": {"uv": [2, 2, 6, 4.5], "texture": "#1"},
				"up": {"uv": [2, 2, 6, 4.5], "texture": "#1"},
				"down": {"uv": [2, 2, 6, 4.5], "texture": "#1"}
			}
		},
		{
			"from": [0, 2.2, 0.2],
			"to": [2.1, 2.4, 6],
			"faces": {
				"north": {"uv": [2, 2, 6, 4.5], "texture": "#1"},
				"east": {"uv": [2, 2, 6, 4.5], "texture": "#1"},
				"south": {"uv": [2, 2, 6, 4.5], "texture": "#1"},
				"west": {"uv": [2, 2, 6, 4.5], "texture": "#1"},
				"up": {"uv": [2, 2, 6, 4.5], "texture": "#1"},
				"down": {"uv": [2, 2, 6, 4.5], "texture": "#1"}
			}
		},
		{
			"from": [0, 2.4, 0.1],
			"to": [2.1, 2.6, 6],
			"faces": {
				"north": {"uv": [2, 2, 6, 4.5], "texture": "#1"},
				"east": {"uv": [2, 2, 6, 4.5], "texture": "#1"},
				"south": {"uv": [2, 2, 6, 4.5], "texture": "#1"},
				"west": {"uv": [2, 2, 6, 4.5], "texture": "#1"},
				"up": {"uv": [2, 2, 6, 4.5], "texture": "#1"},
				"down": {"uv": [2, 2, 6, 4.5], "texture": "#1"}
			}
		},
		{
			"from": [0, 2.6, 0.1],
			"to": [2.1, 2.8, 5.9],
			"faces": {
				"north": {"uv": [2, 2, 6, 4.5], "texture": "#1"},
				"east": {"uv": [2, 2, 6, 4.5], "texture": "#1"},
				"south": {"uv": [2, 2, 6, 4.5], "texture": "#1"},
				"west": {"uv": [2, 2, 6, 4.5], "texture": "#1"},
				"up": {"uv": [2, 2, 6, 4.5], "texture": "#1"},
				"down": {"uv": [2, 2, 6, 4.5], "texture": "#1"}
			}
		},
		{
			"from": [0, 2.8, 0.1],
			"to": [2.1, 3, 5.9],
			"faces": {
				"north": {"uv": [2, 2, 6, 4.5], "texture": "#1"},
				"east": {"uv": [2, 2, 6, 4.5], "texture": "#1"},
				"south": {"uv": [2, 2, 6, 4.5], "texture": "#1"},
				"west": {"uv": [2, 2, 6, 4.5], "texture": "#1"},
				"up": {"uv": [2, 2, 6, 4.5], "texture": "#1"},
				"down": {"uv": [2, 2, 6, 4.5], "texture": "#1"}
			}
		},
		{
			"from": [0, 3, 0],
			"to": [2.1, 3.2, 6],
			"faces": {
				"north": {"uv": [2, 2, 6, 4.5], "texture": "#1"},
				"east": {"uv": [2, 2, 6, 4.5], "texture": "#1"},
				"south": {"uv": [2, 2, 6, 4.5], "texture": "#1"},
				"west": {"uv": [2, 2, 6, 4.5], "texture": "#1"},
				"up": {"uv": [2, 2, 6, 4.5], "texture": "#1"},
				"down": {"uv": [2, 2, 6, 4.5], "texture": "#1"}
			}
		},
		{
			"from": [0, 3.2, 0],
			"to": [2.1, 3.4, 6.1],
			"faces": {
				"north": {"uv": [2, 2, 6, 4.5], "texture": "#1"},
				"east": {"uv": [2, 2, 6, 4.5], "texture": "#1"},
				"south": {"uv": [2, 2, 6, 4.5], "texture": "#1"},
				"west": {"uv": [2, 2, 6, 4.5], "texture": "#1"},
				"up": {"uv": [2, 2, 6, 4.5], "texture": "#1"},
				"down": {"uv": [2, 2, 6, 4.5], "texture": "#1"}
			}
		},
		{
			"from": [0, 3.4, 0.1],
			"to": [2.1, 3.6, 6.2],
			"faces": {
				"north": {"uv": [2, 2, 6, 4.5], "texture": "#1"},
				"east": {"uv": [2, 2, 6, 4.5], "texture": "#1"},
				"south": {"uv": [2, 2, 6, 4.5], "texture": "#1"},
				"west": {"uv": [2, 2, 6, 4.5], "texture": "#1"},
				"up": {"uv": [2, 2, 6, 4.5], "texture": "#1"},
				"down": {"uv": [2, 2, 6, 4.5], "texture": "#1"}
			}
		},
		{
			"from": [0, 3.6, 0.2],
			"to": [2.1, 3.8, 6.3],
			"faces": {
				"north": {"uv": [2, 2, 6, 4.5], "texture": "#1"},
				"east": {"uv": [2, 2, 6, 4.5], "texture": "#1"},
				"south": {"uv": [2, 2, 6, 4.5], "texture": "#1"},
				"west": {"uv": [2, 2, 6, 4.5], "texture": "#1"},
				"up": {"uv": [2, 2, 6, 4.5], "texture": "#1"},
				"down": {"uv": [2, 2, 6, 4.5], "texture": "#1"}
			}
		},
		{
			"from": [0, 3.8, 0.3],
			"to": [2.1, 4, 6.3],
			"faces": {
				"north": {"uv": [2, 2, 6, 4.5], "texture": "#1"},
				"east": {"uv": [2, 2, 6, 4.5], "texture": "#1"},
				"south": {"uv": [2, 2, 6, 4.5], "texture": "#1"},
				"west": {"uv": [2, 2, 6, 4.5], "texture": "#1"},
				"up": {"uv": [2, 2, 6, 4.5], "texture": "#1"},
				"down": {"uv": [2, 2, 6, 4.5], "texture": "#1"}
			}
		},
		{
			"from": [0, 4, 0.4],
			"to": [2.1, 4.2, 6.4],
			"faces": {
				"north": {"uv": [2, 2, 6, 4.5], "texture": "#1"},
				"east": {"uv": [2, 2, 6, 4.5], "texture": "#1"},
				"south": {"uv": [2, 2, 6, 4.5], "texture": "#1"},
				"west": {"uv": [2, 2, 6, 4.5], "texture": "#1"},
				"up": {"uv": [2, 2, 6, 4.5], "texture": "#1"},
				"down": {"uv": [2, 2, 6, 4.5], "texture": "#1"}
			}
		},
		{
			"from": [0, 4.2, 0.5],
			"to": [2.1, 4.4, 6.5],
			"faces": {
				"north": {"uv": [2, 2, 6, 4.5], "texture": "#1"},
				"east": {"uv": [2, 2, 6, 4.5], "texture": "#1"},
				"south": {"uv": [2, 2, 6, 4.5], "texture": "#1"},
				"west": {"uv": [2, 2, 6, 4.5], "texture": "#1"},
				"up": {"uv": [2, 2, 6, 4.5], "texture": "#1"},
				"down": {"uv": [2, 2, 6, 4.5], "texture": "#1"}
			}
		},
		{
			"from": [0, 4.4, 0.6],
			"to": [2.1, 4.6, 6.5],
			"faces": {
				"north": {"uv": [2, 2, 6, 4.5], "texture": "#1"},
				"east": {"uv": [2, 2, 6, 4.5], "texture": "#1"},
				"south": {"uv": [2, 2, 6, 4.5], "texture": "#1"},
				"west": {"uv": [2, 2, 6, 4.5], "texture": "#1"},
				"up": {"uv": [2, 2, 6, 4.5], "texture": "#1"},
				"down": {"uv": [2, 2, 6, 4.5], "texture": "#1"}
			}
		},
		{
			"from": [0, 4.6, 0.7],
			"to": [2.1, 4.8, 6.6],
			"faces": {
				"north": {"uv": [2, 2, 6, 4.5], "texture": "#1"},
				"east": {"uv": [2, 2, 6, 4.5], "texture": "#1"},
				"south": {"uv": [2, 2, 6, 4.5], "texture": "#1"},
				"west": {"uv": [2, 2, 6, 4.5], "texture": "#1"},
				"up": {"uv": [2, 2, 6, 4.5], "texture": "#1"},
				"down": {"uv": [2, 2, 6, 4.5], "texture": "#1"}
			}
		},
		{
			"from": [0, 4.8, 0.8],
			"to": [2.1, 5, 6.6],
			"faces": {
				"north": {"uv": [2, 2, 6, 4.5], "texture": "#1"},
				"east": {"uv": [2, 2, 6, 4.5], "texture": "#1"},
				"south": {"uv": [2, 2, 6, 4.5], "texture": "#1"},
				"west": {"uv": [2, 2, 6, 4.5], "texture": "#1"},
				"up": {"uv": [2, 2, 6, 4.5], "texture": "#1"},
				"down": {"uv": [2, 2, 6, 4.5], "texture": "#1"}
			}
		},
		{
			"from": [0, 5, 0.9],
			"to": [2.1, 5.2, 6.7],
			"faces": {
				"north": {"uv": [2, 2, 6, 4.5], "texture": "#1"},
				"east": {"uv": [2, 2, 6, 4.5], "texture": "#1"},
				"south": {"uv": [2, 2, 6, 4.5], "texture": "#1"},
				"west": {"uv": [2, 2, 6, 4.5], "texture": "#1"},
				"up": {"uv": [2, 2, 6, 4.5], "texture": "#1"},
				"down": {"uv": [2, 2, 6, 4.5], "texture": "#1"}
			}
		},
		{
			"from": [0, 5.2, 1],
			"to": [2.1, 5.4, 6.8],
			"faces": {
				"north": {"uv": [2, 2, 6, 4.5], "texture": "#1"},
				"east": {"uv": [2, 2, 6, 4.5], "texture": "#1"},
				"south": {"uv": [2, 2, 6, 4.5], "texture": "#1"},
				"west": {"uv": [2, 2, 6, 4.5], "texture": "#1"},
				"up": {"uv": [2, 2, 6, 4.5], "texture": "#1"},
				"down": {"uv": [2, 2, 6, 4.5], "texture": "#1"}
			}
		},
		{
			"from": [0, 5.4, 1.1],
			"to": [2.1, 5.6, 6.9],
			"faces": {
				"north": {"uv": [2, 2, 6, 4.5], "texture": "#1"},
				"east": {"uv": [2, 2, 6, 4.5], "texture": "#1"},
				"south": {"uv": [2, 2, 6, 4.5], "texture": "#1"},
				"west": {"uv": [2, 2, 6, 4.5], "texture": "#1"},
				"up": {"uv": [2, 2, 6, 4.5], "texture": "#1"},
				"down": {"uv": [2, 2, 6, 4.5], "texture": "#1"}
			}
		},
		{
			"from": [0, 5.6, 1.2],
			"to": [2.1, 5.8, 7],
			"faces": {
				"north": {"uv": [2, 2, 6, 4.5], "texture": "#1"},
				"east": {"uv": [2, 2, 6, 4.5], "texture": "#1"},
				"south": {"uv": [2, 2, 6, 4.5], "texture": "#1"},
				"west": {"uv": [2, 2, 6, 4.5], "texture": "#1"},
				"up": {"uv": [2, 2, 6, 4.5], "texture": "#1"},
				"down": {"uv": [2, 2, 6, 4.5], "texture": "#1"}
			}
		},
		{
			"from": [0, 5.8, 1.3],
			"to": [2.1, 6, 7.1],
			"faces": {
				"north": {"uv": [2, 2, 6, 4.5], "texture": "#1"},
				"east": {"uv": [2, 2, 6, 4.5], "texture": "#1"},
				"south": {"uv": [2, 2, 6, 4.5], "texture": "#1"},
				"west": {"uv": [2, 2, 6, 4.5], "texture": "#1"},
				"up": {"uv": [2, 2, 6, 4.5], "texture": "#1"},
				"down": {"uv": [2, 2, 6, 4.5], "texture": "#1"}
			}
		},
		{
			"from": [0, 6, 1.4],
			"to": [2.1, 6.2, 7.2],
			"faces": {
				"north": {"uv": [2, 2, 6, 4.5], "texture": "#1"},
				"east": {"uv": [2, 2, 6, 4.5], "texture": "#1"},
				"south": {"uv": [2, 2, 6, 4.5], "texture": "#1"},
				"west": {"uv": [2, 2, 6, 4.5], "texture": "#1"},
				"up": {"uv": [2, 2, 6, 4.5], "texture": "#1"},
				"down": {"uv": [2, 2, 6, 4.5], "texture": "#1"}
			}
		},
		{
			"from": [0, 6.2, 1.5],
			"to": [2.1, 6.4, 7.3],
			"faces": {
				"north": {"uv": [2, 2, 6, 4.5], "texture": "#1"},
				"east": {"uv": [2, 2, 6, 4.5], "texture": "#1"},
				"south": {"uv": [2, 2, 6, 4.5], "texture": "#1"},
				"west": {"uv": [2, 2, 6, 4.5], "texture": "#1"},
				"up": {"uv": [2, 2, 6, 4.5], "texture": "#1"},
				"down": {"uv": [2, 2, 6, 4.5], "texture": "#1"}
			}
		},
		{
			"from": [0, 6.4, 1.6],
			"to": [2.1, 6.6, 7.3],
			"faces": {
				"north": {"uv": [2, 2, 6, 4.5], "texture": "#1"},
				"east": {"uv": [2, 2, 6, 4.5], "texture": "#1"},
				"south": {"uv": [2, 2, 6, 4.5], "texture": "#1"},
				"west": {"uv": [2, 2, 6, 4.5], "texture": "#1"},
				"up": {"uv": [2, 2, 6, 4.5], "texture": "#1"},
				"down": {"uv": [2, 2, 6, 4.5], "texture": "#1"}
			}
		},
		{
			"from": [0, 6.6, 1.8],
			"to": [2.1, 6.8, 7.4],
			"faces": {
				"north": {"uv": [2, 2, 6, 4.5], "texture": "#1"},
				"east": {"uv": [2, 2, 6, 4.5], "texture": "#1"},
				"south": {"uv": [2, 2, 6, 4.5], "texture": "#1"},
				"west": {"uv": [2, 2, 6, 4.5], "texture": "#1"},
				"up": {"uv": [2, 2, 6, 4.5], "texture": "#1"},
				"down": {"uv": [2, 2, 6, 4.5], "texture": "#1"}
			}
		},
		{
			"from": [0, 6.8, 1.9],
			"to": [2.1, 7, 7.4],
			"faces": {
				"north": {"uv": [2, 2, 6, 4.5], "texture": "#1"},
				"east": {"uv": [2, 2, 6, 4.5], "texture": "#1"},
				"south": {"uv": [2, 2, 6, 4.5], "texture": "#1"},
				"west": {"uv": [2, 2, 6, 4.5], "texture": "#1"},
				"up": {"uv": [2, 2, 6, 4.5], "texture": "#1"},
				"down": {"uv": [2, 2, 6, 4.5], "texture": "#1"}
			}
		},
		{
			"from": [0, 7, 2],
			"to": [2.1, 7.2, 7.5],
			"faces": {
				"north": {"uv": [2, 2, 6, 4.5], "texture": "#1"},
				"east": {"uv": [2, 2, 6, 4.5], "texture": "#1"},
				"south": {"uv": [2, 2, 6, 4.5], "texture": "#1"},
				"west": {"uv": [2, 2, 6, 4.5], "texture": "#1"},
				"up": {"uv": [2, 2, 6, 4.5], "texture": "#1"},
				"down": {"uv": [2, 2, 6, 4.5], "texture": "#1"}
			}
		},
		{
			"from": [0, 7.2, 2.1],
			"to": [2.1, 7.4, 7.6],
			"faces": {
				"north": {"uv": [2, 2, 6, 4.5], "texture": "#1"},
				"east": {"uv": [2, 2, 6, 4.5], "texture": "#1"},
				"south": {"uv": [2, 2, 6, 4.5], "texture": "#1"},
				"west": {"uv": [2, 2, 6, 4.5], "texture": "#1"},
				"up": {"uv": [2, 2, 6, 4.5], "texture": "#1"},
				"down": {"uv": [2, 2, 6, 4.5], "texture": "#1"}
			}
		},
		{
			"from": [0, 7.4, 2.3],
			"to": [2.1, 7.6, 7.7],
			"faces": {
				"north": {"uv": [2, 2, 6, 4.5], "texture": "#1"},
				"east": {"uv": [2, 2, 6, 4.5], "texture": "#1"},
				"south": {"uv": [2, 2, 6, 4.5], "texture": "#1"},
				"west": {"uv": [2, 2, 6, 4.5], "texture": "#1"},
				"up": {"uv": [2, 2, 6, 4.5], "texture": "#1"},
				"down": {"uv": [2, 2, 6, 4.5], "texture": "#1"}
			}
		},
		{
			"from": [0, 7.6, 2.4],
			"to": [2.1, 7.8, 7.8],
			"faces": {
				"north": {"uv": [2, 2, 6, 4.5], "texture": "#1"},
				"east": {"uv": [2, 2, 6, 4.5], "texture": "#1"},
				"south": {"uv": [2, 2, 6, 4.5], "texture": "#1"},
				"west": {"uv": [2, 2, 6, 4.5], "texture": "#1"},
				"up": {"uv": [2, 2, 6, 4.5], "texture": "#1"},
				"down": {"uv": [2, 2, 6, 4.5], "texture": "#1"}
			}
		},
		{
			"from": [0, 7.8, 2.5],
			"to": [2.1, 8, 7.9],
			"faces": {
				"north": {"uv": [2, 2, 6, 4.5], "texture": "#1"},
				"east": {"uv": [2, 2, 6, 4.5], "texture": "#1"},
				"south": {"uv": [2, 2, 6, 4.5], "texture": "#1"},
				"west": {"uv": [2, 2, 6, 4.5], "texture": "#1"},
				"up": {"uv": [2, 2, 6, 4.5], "texture": "#1"},
				"down": {"uv": [2, 2, 6, 4.5], "texture": "#1"}
			}
		},
		{
			"from": [0, 8, 2.6],
			"to": [2.1, 8.2, 8.2],
			"faces": {
				"north": {"uv": [2, 2, 6, 4.5], "texture": "#1"},
				"east": {"uv": [2, 2, 6, 4.5], "texture": "#1"},
				"south": {"uv": [2, 2, 6, 4.5], "texture": "#1"},
				"west": {"uv": [2, 2, 6, 4.5], "texture": "#1"},
				"up": {"uv": [2, 2, 6, 4.5], "texture": "#1"},
				"down": {"uv": [2, 2, 6, 4.5], "texture": "#1"}
			}
		},
		{
			"from": [0, 8, 8.7],
			"to": [2.1, 8.2, 13.6],
			"faces": {
				"north": {"uv": [2, 2, 6, 4.5], "texture": "#1"},
				"east": {"uv": [2, 2, 6, 4.5], "texture": "#1"},
				"south": {"uv": [2, 2, 6, 4.5], "texture": "#1"},
				"west": {"uv": [2, 2, 6, 4.5], "texture": "#1"},
				"up": {"uv": [2, 2, 6, 4.5], "texture": "#1"},
				"down": {"uv": [2, 2, 6, 4.5], "texture": "#1"}
			}
		},
		{
			"from": [0, 7.9, 9.1],
			"to": [2.1, 8, 13.5],
			"faces": {
				"north": {"uv": [2, 2, 6, 4.5], "texture": "#1"},
				"east": {"uv": [2, 2, 6, 4.5], "texture": "#1"},
				"south": {"uv": [2, 2, 6, 4.5], "texture": "#1"},
				"west": {"uv": [2, 2, 6, 4.5], "texture": "#1"},
				"up": {"uv": [2, 2, 6, 4.5], "texture": "#1"},
				"down": {"uv": [2, 2, 6, 4.5], "texture": "#1"}
			}
		},
		{
			"from": [0, 7.8, 9.7],
			"to": [2.1, 7.9, 12.7],
			"faces": {
				"north": {"uv": [2, 2, 6, 4.5], "texture": "#1"},
				"east": {"uv": [2, 2, 6, 4.5], "texture": "#1"},
				"south": {"uv": [2, 2, 6, 4.5], "texture": "#1"},
				"west": {"uv": [2, 2, 6, 4.5], "texture": "#1"},
				"up": {"uv": [2, 2, 6, 4.5], "texture": "#1"},
				"down": {"uv": [2, 2, 6, 4.5], "texture": "#1"}
			}
		},
		{
			"from": [0, 8.2, 9.5],
			"to": [2.1, 8.3, 13.7],
			"faces": {
				"north": {"uv": [2, 2, 6, 4.5], "texture": "#1"},
				"east": {"uv": [2, 2, 6, 4.5], "texture": "#1"},
				"south": {"uv": [2, 2, 6, 4.5], "texture": "#1"},
				"west": {"uv": [2, 2, 6, 4.5], "texture": "#1"},
				"up": {"uv": [2, 2, 6, 4.5], "texture": "#1"},
				"down": {"uv": [2, 2, 6, 4.5], "texture": "#1"}
			}
		},
		{
			"from": [0, 8.3, 9.5],
			"to": [2.1, 8.4, 13.6],
			"faces": {
				"north": {"uv": [2, 2, 6, 4.5], "texture": "#1"},
				"east": {"uv": [2, 2, 6, 4.5], "texture": "#1"},
				"south": {"uv": [2, 2, 6, 4.5], "texture": "#1"},
				"west": {"uv": [2, 2, 6, 4.5], "texture": "#1"},
				"up": {"uv": [2, 2, 6, 4.5], "texture": "#1"},
				"down": {"uv": [2, 2, 6, 4.5], "texture": "#1"}
			}
		},
		{
			"from": [0, 8.4, 12],
			"to": [2.1, 8.5, 13.6],
			"faces": {
				"north": {"uv": [2, 2, 6, 4.5], "texture": "#1"},
				"east": {"uv": [2, 2, 6, 4.5], "texture": "#1"},
				"south": {"uv": [2, 2, 6, 4.5], "texture": "#1"},
				"west": {"uv": [2, 2, 6, 4.5], "texture": "#1"},
				"up": {"uv": [2, 2, 6, 4.5], "texture": "#1"},
				"down": {"uv": [2, 2, 6, 4.5], "texture": "#1"}
			}
		},
		{
			"from": [0, 8.5, 12.4],
			"to": [2.1, 8.6, 13.5],
			"faces": {
				"north": {"uv": [2, 2, 6, 4.5], "texture": "#1"},
				"east": {"uv": [2, 2, 6, 4.5], "texture": "#1"},
				"south": {"uv": [2, 2, 6, 4.5], "texture": "#1"},
				"west": {"uv": [2, 2, 6, 4.5], "texture": "#1"},
				"up": {"uv": [2, 2, 6, 4.5], "texture": "#1"},
				"down": {"uv": [2, 2, 6, 4.5], "texture": "#1"}
			}
		},
		{
			"from": [0, 8.6, 12.6],
			"to": [2.1, 8.7, 13.5],
			"faces": {
				"north": {"uv": [2, 2, 6, 4.5], "texture": "#1"},
				"east": {"uv": [2, 2, 6, 4.5], "texture": "#1"},
				"south": {"uv": [2, 2, 6, 4.5], "texture": "#1"},
				"west": {"uv": [2, 2, 6, 4.5], "texture": "#1"},
				"up": {"uv": [2, 2, 6, 4.5], "texture": "#1"},
				"down": {"uv": [2, 2, 6, 4.5], "texture": "#1"}
			}
		},
		{
			"from": [0, 8.7, 12.7],
			"to": [2.1, 8.8, 13.5],
			"faces": {
				"north": {"uv": [2, 2, 6, 4.5], "texture": "#1"},
				"east": {"uv": [2, 2, 6, 4.5], "texture": "#1"},
				"south": {"uv": [2, 2, 6, 4.5], "texture": "#1"},
				"west": {"uv": [2, 2, 6, 4.5], "texture": "#1"},
				"up": {"uv": [2, 2, 6, 4.5], "texture": "#1"},
				"down": {"uv": [2, 2, 6, 4.5], "texture": "#1"}
			}
		},
		{
			"from": [0, 8.8, 12.8],
			"to": [2.1, 8.9, 13.5],
			"faces": {
				"north": {"uv": [2, 2, 6, 4.5], "texture": "#1"},
				"east": {"uv": [2, 2, 6, 4.5], "texture": "#1"},
				"south": {"uv": [2, 2, 6, 4.5], "texture": "#1"},
				"west": {"uv": [2, 2, 6, 4.5], "texture": "#1"},
				"up": {"uv": [2, 2, 6, 4.5], "texture": "#1"},
				"down": {"uv": [2, 2, 6, 4.5], "texture": "#1"}
			}
		},
		{
			"from": [0, 8.9, 12.9],
			"to": [2.1, 9, 13.5],
			"faces": {
				"north": {"uv": [2, 2, 6, 4.5], "texture": "#1"},
				"east": {"uv": [2, 2, 6, 4.5], "texture": "#1"},
				"south": {"uv": [2, 2, 6, 4.5], "texture": "#1"},
				"west": {"uv": [2, 2, 6, 4.5], "texture": "#1"},
				"up": {"uv": [2, 2, 6, 4.5], "texture": "#1"},
				"down": {"uv": [2, 2, 6, 4.5], "texture": "#1"}
			}
		},
		{
			"from": [0, 10.1, 12.9],
			"to": [2.1, 10.2, 13.5],
			"faces": {
				"north": {"uv": [2, 2, 6, 4.5], "texture": "#1"},
				"east": {"uv": [2, 2, 6, 4.5], "texture": "#1"},
				"south": {"uv": [2, 2, 6, 4.5], "texture": "#1"},
				"west": {"uv": [2, 2, 6, 4.5], "texture": "#1"},
				"up": {"uv": [2, 2, 6, 4.5], "texture": "#1"},
				"down": {"uv": [2, 2, 6, 4.5], "texture": "#1"}
			}
		},
		{
			"from": [0, 10.2, 12.8],
			"to": [2.1, 10.3, 13.5],
			"faces": {
				"north": {"uv": [2, 2, 6, 4.5], "texture": "#1"},
				"east": {"uv": [2, 2, 6, 4.5], "texture": "#1"},
				"south": {"uv": [2, 2, 6, 4.5], "texture": "#1"},
				"west": {"uv": [2, 2, 6, 4.5], "texture": "#1"},
				"up": {"uv": [2, 2, 6, 4.5], "texture": "#1"},
				"down": {"uv": [2, 2, 6, 4.5], "texture": "#1"}
			}
		},
		{
			"from": [0, 10.3, 12.7],
			"to": [2.1, 10.4, 13.6],
			"faces": {
				"north": {"uv": [2, 2, 6, 4.5], "texture": "#1"},
				"east": {"uv": [2, 2, 6, 4.5], "texture": "#1"},
				"south": {"uv": [2, 2, 6, 4.5], "texture": "#1"},
				"west": {"uv": [2, 2, 6, 4.5], "texture": "#1"},
				"up": {"uv": [2, 2, 6, 4.5], "texture": "#1"},
				"down": {"uv": [2, 2, 6, 4.5], "texture": "#1"}
			}
		},
		{
			"from": [0, 10.4, 12.6],
			"to": [2.1, 10.5, 13.6],
			"faces": {
				"north": {"uv": [2, 2, 6, 4.5], "texture": "#1"},
				"east": {"uv": [2, 2, 6, 4.5], "texture": "#1"},
				"south": {"uv": [2, 2, 6, 4.5], "texture": "#1"},
				"west": {"uv": [2, 2, 6, 4.5], "texture": "#1"},
				"up": {"uv": [2, 2, 6, 4.5], "texture": "#1"},
				"down": {"uv": [2, 2, 6, 4.5], "texture": "#1"}
			}
		},
		{
			"from": [0, 10.5, 12.5],
			"to": [2.1, 10.6, 13.6],
			"faces": {
				"north": {"uv": [2, 2, 6, 4.5], "texture": "#1"},
				"east": {"uv": [2, 2, 6, 4.5], "texture": "#1"},
				"south": {"uv": [2, 2, 6, 4.5], "texture": "#1"},
				"west": {"uv": [2, 2, 6, 4.5], "texture": "#1"},
				"up": {"uv": [2, 2, 6, 4.5], "texture": "#1"},
				"down": {"uv": [2, 2, 6, 4.5], "texture": "#1"}
			}
		},
		{
			"from": [0, 10.6, 12.4],
			"to": [2.1, 10.7, 13.7],
			"faces": {
				"north": {"uv": [2, 2, 6, 4.5], "texture": "#1"},
				"east": {"uv": [2, 2, 6, 4.5], "texture": "#1"},
				"south": {"uv": [2, 2, 6, 4.5], "texture": "#1"},
				"west": {"uv": [2, 2, 6, 4.5], "texture": "#1"},
				"up": {"uv": [2, 2, 6, 4.5], "texture": "#1"},
				"down": {"uv": [2, 2, 6, 4.5], "texture": "#1"}
			}
		},
		{
			"from": [0, 10.7, 12.2],
			"to": [2.1, 10.8, 13.9],
			"faces": {
				"north": {"uv": [2, 2, 6, 4.5], "texture": "#1"},
				"east": {"uv": [2, 2, 6, 4.5], "texture": "#1"},
				"south": {"uv": [2, 2, 6, 4.5], "texture": "#1"},
				"west": {"uv": [2, 2, 6, 4.5], "texture": "#1"},
				"up": {"uv": [2, 2, 6, 4.5], "texture": "#1"},
				"down": {"uv": [2, 2, 6, 4.5], "texture": "#1"}
			}
		},
		{
			"from": [0, 9, 13],
			"to": [2.1, 10.1, 13.4],
			"faces": {
				"north": {"uv": [2, 2, 6, 4.5], "texture": "#1"},
				"east": {"uv": [2, 2, 6, 4.5], "texture": "#1"},
				"south": {"uv": [2, 2, 6, 4.5], "texture": "#1"},
				"west": {"uv": [2, 2, 6, 4.5], "texture": "#1"},
				"up": {"uv": [2, 2, 6, 4.5], "texture": "#1"},
				"down": {"uv": [2, 2, 6, 4.5], "texture": "#1"}
			}
		},
		{
			"from": [0, 8.2, 2.7],
			"to": [2.1, 8.4, 9.5],
			"faces": {
				"north": {"uv": [2, 2, 6, 4.5], "texture": "#1"},
				"east": {"uv": [2, 2, 6, 4.5], "texture": "#1"},
				"south": {"uv": [2, 2, 6, 4.5], "texture": "#1"},
				"west": {"uv": [2, 2, 6, 4.5], "texture": "#1"},
				"up": {"uv": [2, 2, 6, 4.5], "texture": "#1"},
				"down": {"uv": [2, 2, 6, 4.5], "texture": "#1"}
			}
		},
		{
			"from": [0, 8.4, 2.8],
			"to": [2.1, 8.6, 9.2],
			"faces": {
				"north": {"uv": [2, 2, 6, 4.5], "texture": "#1"},
				"east": {"uv": [2, 2, 6, 4.5], "texture": "#1"},
				"south": {"uv": [2, 2, 6, 4.5], "texture": "#1"},
				"west": {"uv": [2, 2, 6, 4.5], "texture": "#1"},
				"up": {"uv": [2, 2, 6, 4.5], "texture": "#1"},
				"down": {"uv": [2, 2, 6, 4.5], "texture": "#1"}
			}
		},
		{
			"from": [0, 8.6, 2.8],
			"to": [2.1, 8.8, 9],
			"faces": {
				"north": {"uv": [2, 2, 6, 4.5], "texture": "#1"},
				"east": {"uv": [2, 2, 6, 4.5], "texture": "#1"},
				"south": {"uv": [2, 2, 6, 4.5], "texture": "#1"},
				"west": {"uv": [2, 2, 6, 4.5], "texture": "#1"},
				"up": {"uv": [2, 2, 6, 4.5], "texture": "#1"},
				"down": {"uv": [2, 2, 6, 4.5], "texture": "#1"}
			}
		},
		{
			"from": [0, 8.8, 2.9],
			"to": [2.1, 9, 8.8],
			"faces": {
				"north": {"uv": [2, 2, 6, 4.5], "texture": "#1"},
				"east": {"uv": [2, 2, 6, 4.5], "texture": "#1"},
				"south": {"uv": [2, 2, 6, 4.5], "texture": "#1"},
				"west": {"uv": [2, 2, 6, 4.5], "texture": "#1"},
				"up": {"uv": [2, 2, 6, 4.5], "texture": "#1"},
				"down": {"uv": [2, 2, 6, 4.5], "texture": "#1"}
			}
		},
		{
			"from": [0, 9, 3],
			"to": [2.1, 9.2, 8.7],
			"faces": {
				"north": {"uv": [2, 2, 6, 4.5], "texture": "#1"},
				"east": {"uv": [2, 2, 6, 4.5], "texture": "#1"},
				"south": {"uv": [2, 2, 6, 4.5], "texture": "#1"},
				"west": {"uv": [2, 2, 6, 4.5], "texture": "#1"},
				"up": {"uv": [2, 2, 6, 4.5], "texture": "#1"},
				"down": {"uv": [2, 2, 6, 4.5], "texture": "#1"}
			}
		},
		{
			"from": [0, 9.2, 3],
			"to": [2.1, 9.4, 8.6],
			"faces": {
				"north": {"uv": [2, 2, 6, 4.5], "texture": "#1"},
				"east": {"uv": [2, 2, 6, 4.5], "texture": "#1"},
				"south": {"uv": [2, 2, 6, 4.5], "texture": "#1"},
				"west": {"uv": [2, 2, 6, 4.5], "texture": "#1"},
				"up": {"uv": [2, 2, 6, 4.5], "texture": "#1"},
				"down": {"uv": [2, 2, 6, 4.5], "texture": "#1"}
			}
		},
		{
			"from": [0, 9.4, 3.1],
			"to": [2.1, 9.6, 8.5],
			"faces": {
				"north": {"uv": [2, 2, 6, 4.5], "texture": "#1"},
				"east": {"uv": [2, 2, 6, 4.5], "texture": "#1"},
				"south": {"uv": [2, 2, 6, 4.5], "texture": "#1"},
				"west": {"uv": [2, 2, 6, 4.5], "texture": "#1"},
				"up": {"uv": [2, 2, 6, 4.5], "texture": "#1"},
				"down": {"uv": [2, 2, 6, 4.5], "texture": "#1"}
			}
		},
		{
			"from": [0, 9.6, 3.2],
			"to": [2.1, 9.8, 8.6],
			"faces": {
				"north": {"uv": [2, 2, 6, 4.5], "texture": "#1"},
				"east": {"uv": [2, 2, 6, 4.5], "texture": "#1"},
				"south": {"uv": [2, 2, 6, 4.5], "texture": "#1"},
				"west": {"uv": [2, 2, 6, 4.5], "texture": "#1"},
				"up": {"uv": [2, 2, 6, 4.5], "texture": "#1"},
				"down": {"uv": [2, 2, 6, 4.5], "texture": "#1"}
			}
		},
		{
			"from": [0, 9.8, 3.2],
			"to": [2.1, 10, 8.7],
			"faces": {
				"north": {"uv": [2, 2, 6, 4.5], "texture": "#1"},
				"east": {"uv": [2, 2, 6, 4.5], "texture": "#1"},
				"south": {"uv": [2, 2, 6, 4.5], "texture": "#1"},
				"west": {"uv": [2, 2, 6, 4.5], "texture": "#1"},
				"up": {"uv": [2, 2, 6, 4.5], "texture": "#1"},
				"down": {"uv": [2, 2, 6, 4.5], "texture": "#1"}
			}
		},
		{
			"from": [0, 10, 3.2],
			"to": [2.1, 10.2, 8.8],
			"faces": {
				"north": {"uv": [2, 2, 6, 4.5], "texture": "#1"},
				"east": {"uv": [2, 2, 6, 4.5], "texture": "#1"},
				"south": {"uv": [2, 2, 6, 4.5], "texture": "#1"},
				"west": {"uv": [2, 2, 6, 4.5], "texture": "#1"},
				"up": {"uv": [2, 2, 6, 4.5], "texture": "#1"},
				"down": {"uv": [2, 2, 6, 4.5], "texture": "#1"}
			}
		},
		{
			"from": [0, 10.2, 3.2],
			"to": [2.1, 10.4, 8.9],
			"faces": {
				"north": {"uv": [2, 2, 6, 4.5], "texture": "#1"},
				"east": {"uv": [2, 2, 6, 4.5], "texture": "#1"},
				"south": {"uv": [2, 2, 6, 4.5], "texture": "#1"},
				"west": {"uv": [2, 2, 6, 4.5], "texture": "#1"},
				"up": {"uv": [2, 2, 6, 4.5], "texture": "#1"},
				"down": {"uv": [2, 2, 6, 4.5], "texture": "#1"}
			}
		},
		{
			"from": [0, 10.4, 3.1],
			"to": [2.1, 10.6, 9],
			"faces": {
				"north": {"uv": [2, 2, 6, 4.5], "texture": "#1"},
				"east": {"uv": [2, 2, 6, 4.5], "texture": "#1"},
				"south": {"uv": [2, 2, 6, 4.5], "texture": "#1"},
				"west": {"uv": [2, 2, 6, 4.5], "texture": "#1"},
				"up": {"uv": [2, 2, 6, 4.5], "texture": "#1"},
				"down": {"uv": [2, 2, 6, 4.5], "texture": "#1"}
			}
		},
		{
			"from": [0, 10.6, 3],
			"to": [2.1, 10.8, 9.1],
			"faces": {
				"north": {"uv": [2, 2, 6, 4.5], "texture": "#1"},
				"east": {"uv": [2, 2, 6, 4.5], "texture": "#1"},
				"south": {"uv": [2, 2, 6, 4.5], "texture": "#1"},
				"west": {"uv": [2, 2, 6, 4.5], "texture": "#1"},
				"up": {"uv": [2, 2, 6, 4.5], "texture": "#1"},
				"down": {"uv": [2, 2, 6, 4.5], "texture": "#1"}
			}
		},
		{
			"from": [0, 10.8, 3],
			"to": [2.1, 11, 16.9],
			"faces": {
				"north": {"uv": [2, 2, 6, 4.5], "texture": "#1"},
				"east": {"uv": [2, 2, 6, 4.5], "texture": "#1"},
				"south": {"uv": [2, 2, 6, 4.5], "texture": "#1"},
				"west": {"uv": [2, 2, 6, 4.5], "texture": "#1"},
				"up": {"uv": [2, 2, 6, 4.5], "texture": "#1"},
				"down": {"uv": [2, 2, 6, 4.5], "texture": "#1"}
			}
		},
		{
			"from": [0, 11, 2.7],
			"to": [2.1, 11.2, 19],
			"faces": {
				"north": {"uv": [2, 2, 6, 4.5], "texture": "#1"},
				"east": {"uv": [2, 2, 6, 4.5], "texture": "#1"},
				"south": {"uv": [2, 2, 6, 4.5], "texture": "#1"},
				"west": {"uv": [2, 2, 6, 4.5], "texture": "#1"},
				"up": {"uv": [2, 2, 6, 4.5], "texture": "#1"},
				"down": {"uv": [2, 2, 6, 4.5], "texture": "#1"}
			}
		},
		{
			"from": [0, 11.2, 2.5],
			"to": [2.1, 11.4, 19.9],
			"faces": {
				"north": {"uv": [2, 2, 6, 4.5], "texture": "#1"},
				"east": {"uv": [2, 2, 6, 4.5], "texture": "#1"},
				"south": {"uv": [2, 2, 6, 4.5], "texture": "#1"},
				"west": {"uv": [2, 2, 6, 4.5], "texture": "#1"},
				"up": {"uv": [2, 2, 6, 4.5], "texture": "#1"},
				"down": {"uv": [2, 2, 6, 4.5], "texture": "#1"}
			}
		},
		{
			"from": [0, 11.4, 2],
			"to": [2.1, 11.6, 20.1],
			"faces": {
				"north": {"uv": [2, 2, 6, 4.5], "texture": "#1"},
				"east": {"uv": [2, 2, 6, 4.5], "texture": "#1"},
				"south": {"uv": [2, 2, 6, 4.5], "texture": "#1"},
				"west": {"uv": [2, 2, 6, 4.5], "texture": "#1"},
				"up": {"uv": [2, 2, 6, 4.5], "texture": "#1"},
				"down": {"uv": [2, 2, 6, 4.5], "texture": "#1"}
			}
		},
		{
			"from": [0, 11.6, 1.6],
			"to": [2.1, 11.8, 20.2],
			"faces": {
				"north": {"uv": [2, 2, 6, 4.5], "texture": "#1"},
				"east": {"uv": [2, 2, 6, 4.5], "texture": "#1"},
				"south": {"uv": [2, 2, 6, 4.5], "texture": "#1"},
				"west": {"uv": [2, 2, 6, 4.5], "texture": "#1"},
				"up": {"uv": [2, 2, 6, 4.5], "texture": "#1"},
				"down": {"uv": [2, 2, 6, 4.5], "texture": "#1"}
			}
		},
		{
			"from": [0, 11.8, 1.5],
			"to": [2.1, 12, 20.2],
			"faces": {
				"north": {"uv": [2, 2, 6, 4.5], "texture": "#1"},
				"east": {"uv": [2, 2, 6, 4.5], "texture": "#1"},
				"south": {"uv": [2, 2, 6, 4.5], "texture": "#1"},
				"west": {"uv": [2, 2, 6, 4.5], "texture": "#1"},
				"up": {"uv": [2, 2, 6, 4.5], "texture": "#1"},
				"down": {"uv": [2, 2, 6, 4.5], "texture": "#1"}
			}
		},
		{
			"from": [0, 12, 1.7],
			"to": [2.1, 12.2, 20.2],
			"faces": {
				"north": {"uv": [2, 2, 6, 4.5], "texture": "#1"},
				"east": {"uv": [2, 2, 6, 4.5], "texture": "#1"},
				"south": {"uv": [2, 2, 6, 4.5], "texture": "#1"},
				"west": {"uv": [2, 2, 6, 4.5], "texture": "#1"},
				"up": {"uv": [2, 2, 6, 4.5], "texture": "#1"},
				"down": {"uv": [2, 2, 6, 4.5], "texture": "#1"}
			}
		},
		{
			"from": [0, 12.2, 1.8],
			"to": [2.1, 12.4, 20.2],
			"faces": {
				"north": {"uv": [2, 2, 6, 4.5], "texture": "#1"},
				"east": {"uv": [2, 2, 6, 4.5], "texture": "#1"},
				"south": {"uv": [2, 2, 6, 4.5], "texture": "#1"},
				"west": {"uv": [2, 2, 6, 4.5], "texture": "#1"},
				"up": {"uv": [2, 2, 6, 4.5], "texture": "#1"},
				"down": {"uv": [2, 2, 6, 4.5], "texture": "#1"}
			}
		},
		{
			"from": [0, 12.4, 1.8],
			"to": [2.1, 12.6, 20.2],
			"faces": {
				"north": {"uv": [2, 2, 6, 4.5], "texture": "#1"},
				"east": {"uv": [2, 2, 6, 4.5], "texture": "#1"},
				"south": {"uv": [2, 2, 6, 4.5], "texture": "#1"},
				"west": {"uv": [2, 2, 6, 4.5], "texture": "#1"},
				"up": {"uv": [2, 2, 6, 4.5], "texture": "#1"},
				"down": {"uv": [2, 2, 6, 4.5], "texture": "#1"}
			}
		},
		{
			"from": [0, 12.6, 1.8],
			"to": [2.1, 14.8, 20.2],
			"faces": {
				"north": {"uv": [2, 2, 6, 4.5], "texture": "#1"},
				"east": {"uv": [2, 2, 6, 4.5], "texture": "#1"},
				"south": {"uv": [2, 2, 6, 4.5], "texture": "#1"},
				"west": {"uv": [2, 2, 6, 4.5], "texture": "#1"},
				"up": {"uv": [2, 2, 6, 4.5], "texture": "#1"},
				"down": {"uv": [2, 2, 6, 4.5], "texture": "#1"}
			}
		},
		{
			"from": [0.7, 9.4, 9.1],
			"to": [1.4, 10.8, 9.4],
			"faces": {
				"north": {"uv": [10.5, 3.5, 12.5, 6.5], "texture": "#1"},
				"east": {"uv": [10.5, 3.5, 12.5, 6.5], "texture": "#1"},
				"south": {"uv": [10.5, 3.5, 12.5, 6.5], "texture": "#1"},
				"west": {"uv": [10.5, 3.5, 12.5, 6.5], "texture": "#1"},
				"up": {"uv": [10.5, 3.5, 12.5, 6.5], "texture": "#1"},
				"down": {"uv": [10.5, 3.5, 12.5, 6.5], "texture": "#1"}
			}
		},
		{
			"from": [1.3, 14.8, 2.7],
			"to": [2.1, 15, 3.1],
			"faces": {
				"north": {"uv": [10.5, 3.5, 12.5, 6.5], "texture": "#1"},
				"east": {"uv": [10.5, 3.5, 12.5, 6.5], "texture": "#1"},
				"south": {"uv": [10.5, 3.5, 12.5, 6.5], "texture": "#1"},
				"west": {"uv": [10.5, 3.5, 12.5, 6.5], "texture": "#1"},
				"up": {"uv": [10.5, 3.5, 12.5, 6.5], "texture": "#1"},
				"down": {"uv": [10.5, 3.5, 12.5, 6.5], "texture": "#1"}
			}
		},
		{
			"from": [0, 14.8, 2.7],
			"to": [0.8, 15, 3.1],
			"faces": {
				"north": {"uv": [10.5, 3.5, 12.5, 6.5], "texture": "#1"},
				"east": {"uv": [10.5, 3.5, 12.5, 6.5], "texture": "#1"},
				"south": {"uv": [10.5, 3.5, 12.5, 6.5], "texture": "#1"},
				"west": {"uv": [10.5, 3.5, 12.5, 6.5], "texture": "#1"},
				"up": {"uv": [10.5, 3.5, 12.5, 6.5], "texture": "#1"},
				"down": {"uv": [10.5, 3.5, 12.5, 6.5], "texture": "#1"}
			}
		},
		{
			"from": [0.7, 14.8, 19.2],
			"to": [1.4, 15, 19.6],
			"faces": {
				"north": {"uv": [10.5, 3.5, 12.5, 6.5], "texture": "#1"},
				"east": {"uv": [10.5, 3.5, 12.5, 6.5], "texture": "#1"},
				"south": {"uv": [10.5, 3.5, 12.5, 6.5], "texture": "#1"},
				"west": {"uv": [10.5, 3.5, 12.5, 6.5], "texture": "#1"},
				"up": {"uv": [10.5, 3.5, 12.5, 6.5], "texture": "#1"},
				"down": {"uv": [10.5, 3.5, 12.5, 6.5], "texture": "#1"}
			}
		},
		{
			"from": [0.8, 13.05, 10.6],
			"to": [1.3, 14.25, 20.6],
			"faces": {
				"north": {"uv": [10.5, 3.5, 12.5, 6.5], "texture": "#1"},
				"east": {"uv": [10.5, 3.5, 12.5, 6.5], "texture": "#1"},
				"south": {"uv": [10.5, 3.5, 12.5, 6.5], "texture": "#1"},
				"west": {"uv": [10.5, 3.5, 12.5, 6.5], "texture": "#1"},
				"up": {"uv": [10.5, 3.5, 12.5, 6.5], "texture": "#1"},
				"down": {"uv": [10.5, 3.5, 12.5, 6.5], "texture": "#1"}
			}
		},
		{
			"from": [0.8, 13.05, 10.6],
			"to": [1.3, 14.25, 20.6],
			"rotation": {"angle": -45, "axis": "z", "origin": [1.05, 13.65, 20.4]},
			"faces": {
				"north": {"uv": [10.5, 3.5, 12.5, 6.5], "texture": "#1"},
				"east": {"uv": [10.5, 3.5, 12.5, 6.5], "texture": "#1"},
				"south": {"uv": [10.5, 3.5, 12.5, 6.5], "texture": "#1"},
				"west": {"uv": [10.5, 3.5, 12.5, 6.5], "texture": "#1"},
				"up": {"uv": [10.5, 3.5, 12.5, 6.5], "texture": "#1"},
				"down": {"uv": [10.5, 3.5, 12.5, 6.5], "texture": "#1"}
			}
		},
		{
			"from": [0.45, 13.4, 10.6],
			"to": [1.65, 13.9, 20.6],
			"rotation": {"angle": 0, "axis": "z", "origin": [1.05, 13.65, 20.4]},
			"faces": {
				"north": {"uv": [10.5, 3.5, 12.5, 6.5], "rotation": 90, "texture": "#1"},
				"east": {"uv": [10.5, 3.5, 12.5, 6.5], "rotation": 90, "texture": "#1"},
				"south": {"uv": [10.5, 3.5, 12.5, 6.5], "rotation": 90, "texture": "#1"},
				"west": {"uv": [10.5, 3.5, 12.5, 6.5], "rotation": 90, "texture": "#1"},
				"up": {"uv": [10.5, 3.5, 12.5, 6.5], "rotation": 90, "texture": "#1"},
				"down": {"uv": [10.5, 3.5, 12.5, 6.5], "rotation": 90, "texture": "#1"}
			}
		},
		{
			"from": [0.45, 13.4, 10.6],
			"to": [1.65, 13.9, 20.6],
			"rotation": {"angle": -45, "axis": "z", "origin": [1.05, 13.65, 20.4]},
			"faces": {
				"north": {"uv": [10.5, 3.5, 12.5, 6.5], "rotation": 90, "texture": "#1"},
				"east": {"uv": [10.5, 3.5, 12.5, 6.5], "rotation": 90, "texture": "#1"},
				"south": {"uv": [10.5, 3.5, 12.5, 6.5], "rotation": 90, "texture": "#1"},
				"west": {"uv": [10.5, 3.5, 12.5, 6.5], "rotation": 90, "texture": "#1"},
				"up": {"uv": [10.5, 3.5, 12.5, 6.5], "rotation": 90, "texture": "#1"},
				"down": {"uv": [10.5, 3.5, 12.5, 6.5], "rotation": 90, "texture": "#1"}
			}
		},
		{
			"from": [0.7, 8.5, 9.4],
			"to": [1.4, 9.4, 9.7],
			"rotation": {"angle": -45, "axis": "x", "origin": [0.5, 9.1, 9.25]},
			"faces": {
				"north": {"uv": [10.5, 3.5, 12.5, 6.5], "texture": "#1"},
				"east": {"uv": [10.5, 3.5, 12.5, 6.5], "texture": "#1"},
				"south": {"uv": [10.5, 3.5, 12.5, 6.5], "texture": "#1"},
				"west": {"uv": [10.5, 3.5, 12.5, 6.5], "texture": "#1"},
				"up": {"uv": [10.5, 3.5, 12.5, 6.5], "texture": "#1"},
				"down": {"uv": [10.5, 3.5, 12.5, 6.5], "texture": "#1"}
			}
		},
		{
			"from": [-0.1, 12.7, 4.1],
			"to": [2.2, 14.7, 4.3],
			"faces": {
				"north": {"uv": [10.5, 3.5, 12.5, 6.5], "texture": "#1"},
				"east": {"uv": [10.5, 3.5, 12.5, 6.5], "texture": "#1"},
				"south": {"uv": [10.5, 3.5, 12.5, 6.5], "texture": "#1"},
				"west": {"uv": [10.5, 3.5, 12.5, 6.5], "texture": "#1"},
				"up": {"uv": [10.5, 3.5, 12.5, 6.5], "texture": "#1"},
				"down": {"uv": [10.5, 3.5, 12.5, 6.5], "texture": "#1"}
			}
		},
		{
			"from": [0.1, 12.7, 1.7],
			"to": [2, 14.7, 2],
			"faces": {
				"north": {"uv": [10.5, 3.5, 12.5, 6.5], "texture": "#1"},
				"east": {"uv": [10.5, 3.5, 12.5, 6.5], "texture": "#1"},
				"south": {"uv": [10.5, 3.5, 12.5, 6.5], "texture": "#1"},
				"west": {"uv": [10.5, 3.5, 12.5, 6.5], "texture": "#1"},
				"up": {"uv": [10.5, 3.5, 12.5, 6.5], "texture": "#1"},
				"down": {"uv": [10.5, 3.5, 12.5, 6.5], "texture": "#1"}
			}
		},
		{
			"from": [-0.1, 12.7, 4.4],
			"to": [2.2, 14.7, 4.6],
			"faces": {
				"north": {"uv": [10.5, 3.5, 12.5, 6.5], "texture": "#1"},
				"east": {"uv": [10.5, 3.5, 12.5, 6.5], "texture": "#1"},
				"south": {"uv": [10.5, 3.5, 12.5, 6.5], "texture": "#1"},
				"west": {"uv": [10.5, 3.5, 12.5, 6.5], "texture": "#1"},
				"up": {"uv": [10.5, 3.5, 12.5, 6.5], "texture": "#1"},
				"down": {"uv": [10.5, 3.5, 12.5, 6.5], "texture": "#1"}
			}
		},
		{
			"from": [-0.1, 12.7, 5],
			"to": [2.2, 14.7, 5.2],
			"faces": {
				"north": {"uv": [10.5, 3.5, 12.5, 6.5], "texture": "#1"},
				"east": {"uv": [10.5, 3.5, 12.5, 6.5], "texture": "#1"},
				"south": {"uv": [10.5, 3.5, 12.5, 6.5], "texture": "#1"},
				"west": {"uv": [10.5, 3.5, 12.5, 6.5], "texture": "#1"},
				"up": {"uv": [10.5, 3.5, 12.5, 6.5], "texture": "#1"},
				"down": {"uv": [10.5, 3.5, 12.5, 6.5], "texture": "#1"}
			}
		},
		{
			"from": [-0.1, 12.7, 4.7],
			"to": [2.2, 14.7, 4.9],
			"faces": {
				"north": {"uv": [10.5, 3.5, 12.5, 6.5], "texture": "#1"},
				"east": {"uv": [10.5, 3.5, 12.5, 6.5], "texture": "#1"},
				"south": {"uv": [10.5, 3.5, 12.5, 6.5], "texture": "#1"},
				"west": {"uv": [10.5, 3.5, 12.5, 6.5], "texture": "#1"},
				"up": {"uv": [10.5, 3.5, 12.5, 6.5], "texture": "#1"},
				"down": {"uv": [10.5, 3.5, 12.5, 6.5], "texture": "#1"}
			}
		},
		{
			"from": [-0.1, 12.7, 6.2],
			"to": [2.2, 14.7, 6.4],
			"faces": {
				"north": {"uv": [10.5, 3.5, 12.5, 6.5], "texture": "#1"},
				"east": {"uv": [10.5, 3.5, 12.5, 6.5], "texture": "#1"},
				"south": {"uv": [10.5, 3.5, 12.5, 6.5], "texture": "#1"},
				"west": {"uv": [10.5, 3.5, 12.5, 6.5], "texture": "#1"},
				"up": {"uv": [10.5, 3.5, 12.5, 6.5], "texture": "#1"},
				"down": {"uv": [10.5, 3.5, 12.5, 6.5], "texture": "#1"}
			}
		},
		{
			"from": [-0.1, 12.7, 5.9],
			"to": [2.2, 14.7, 6.1],
			"faces": {
				"north": {"uv": [10.5, 3.5, 12.5, 6.5], "texture": "#1"},
				"east": {"uv": [10.5, 3.5, 12.5, 6.5], "texture": "#1"},
				"south": {"uv": [10.5, 3.5, 12.5, 6.5], "texture": "#1"},
				"west": {"uv": [10.5, 3.5, 12.5, 6.5], "texture": "#1"},
				"up": {"uv": [10.5, 3.5, 12.5, 6.5], "texture": "#1"},
				"down": {"uv": [10.5, 3.5, 12.5, 6.5], "texture": "#1"}
			}
		},
		{
			"from": [-0.1, 12.7, 5.3],
			"to": [2.2, 14.7, 5.5],
			"faces": {
				"north": {"uv": [10.5, 3.5, 12.5, 6.5], "texture": "#1"},
				"east": {"uv": [10.5, 3.5, 12.5, 6.5], "texture": "#1"},
				"south": {"uv": [10.5, 3.5, 12.5, 6.5], "texture": "#1"},
				"west": {"uv": [10.5, 3.5, 12.5, 6.5], "texture": "#1"},
				"up": {"uv": [10.5, 3.5, 12.5, 6.5], "texture": "#1"},
				"down": {"uv": [10.5, 3.5, 12.5, 6.5], "texture": "#1"}
			}
		},
		{
			"from": [-0.1, 12.7, 5.6],
			"to": [2.2, 14.7, 5.8],
			"faces": {
				"north": {"uv": [10.5, 3.5, 12.5, 6.5], "texture": "#1"},
				"east": {"uv": [10.5, 3.5, 12.5, 6.5], "texture": "#1"},
				"south": {"uv": [10.5, 3.5, 12.5, 6.5], "texture": "#1"},
				"west": {"uv": [10.5, 3.5, 12.5, 6.5], "texture": "#1"},
				"up": {"uv": [10.5, 3.5, 12.5, 6.5], "texture": "#1"},
				"down": {"uv": [10.5, 3.5, 12.5, 6.5], "texture": "#1"}
			}
		},
		{
			"from": [0.3, 1.37796, 1.32996],
			"to": [1.8, 1.87796, 6.12996],
			"rotation": {"angle": 0, "axis": "x", "origin": [1.05, 5.22796, 3.82996]},
			"faces": {
				"north": {"uv": [10.5, 3.5, 12.5, 6.5], "texture": "#1"},
				"east": {"uv": [10.5, 3.5, 12.5, 6.5], "texture": "#1"},
				"south": {"uv": [10.5, 3.5, 12.5, 6.5], "texture": "#1"},
				"west": {"uv": [10.5, 3.5, 12.5, 6.5], "texture": "#1"},
				"up": {"uv": [10.5, 3.5, 12.5, 6.5], "texture": "#1"},
				"down": {"uv": [10.5, 3.5, 12.5, 6.5], "texture": "#1"}
			}
		}
	],
	"display": {
		"thirdperson_righthand": {
			"rotation": [0, -180, 0],
			"translation": [-2.75, 0, 0.75],
			"scale": [0.4, 0.4, 0.4]
		},
		"thirdperson_lefthand": {
			"rotation": [0, -180, 0],
			"translation": [3, 0.5, 1],
			"scale": [0.4, 0.4, 0.4]
		},
		"firstperson_righthand": {
			"rotation": [0, -180, 0],
			"translation": [-4.5, 4, 3.25],
			"scale": [0.4, 0.4, 0.4]
		},
		"firstperson_lefthand": {
			"rotation": [0, -180, 0],
			"translation": [4.25, 1.5, 2.5],
			"scale": [0.4, 0.4, 0.4]
		},
		"ground": {
			"rotation": [1, -1, 70],
			"translation": [2.5, 0.5, 0],
			"scale": [0.5, 0.5, 0.5]
		},
		"gui": {
			"rotation": [-90, -51.5, -90],
			"translation": [0.25, -2, 0],
			"scale": [0.8, 0.8, 0.8]
		},
		"head": {
			"rotation": [41, 0, 0],
			"translation": [-3.25, -25.75, -0.25],
			"scale": [0.5, 0.5, 0.5]
		},
		"fixed": {
			"rotation": [0, -90, 0],
			"translation": [2.5, 0, 6]
		}
	},
	"groups": [
		{
			"name": "polimero",
			"origin": [8, 8, 8],
			"color": 0,
			"children": [
				0,
				1,
				2,
				3,
				4,
				5,
				6,
				7,
				8,
				9,
				10,
				11,
				12,
				13,
				14,
				15,
				16,
				17,
				18,
				19,
				20,
				21,
				22,
				23,
				24,
				25,
				26,
				27,
				28,
				29,
				30,
				31,
				32,
				33,
				34,
				35,
				36,
				37,
				38,
				39,
				40,
				41,
				42,
				43,
				44,
				45,
				46,
				47,
				48,
				49,
				50,
				51,
				52,
				53,
				54,
				55,
				56,
				57,
				58,
				59,
				60,
				61,
				62,
				63,
				64,
				65,
				66,
				67,
				68,
				69,
				70,
				71,
				72,
				73
			]
		},
		{
			"name": "gold",
			"origin": [8, 8, 8],
			"color": 0,
			"children": [74, 75, 76, 77, 78, 79, 80, 81, 82, 83, 84, 85, 86, 87, 88, 89, 90, 91, 92]
		}
	]
}