{
	"credit": "Made with Blockbench",
	"textures": {
		"0": "block/Bomb texture",
		"particle": "block/Bomb texture"
	},
	"elements": [
		{
			"from": [1, -1, 4],
			"to": [15, 0, 13],
			"rotation": {"angle": 0, "axis": "z", "origin": [0, 0, -0.9]},
			"faces": {
				"north": {"uv": [14, 1, 15, 2], "rotation": 90, "texture": "#0"},
				"east": {"uv": [14, 1, 15, 2], "rotation": 90, "texture": "#0"},
				"south": {"uv": [14, 1, 15, 2], "rotation": 90, "texture": "#0"},
				"west": {"uv": [14, 1, 15, 2], "rotation": 90, "texture": "#0"},
				"up": {"uv": [14, 1, 15, 2], "rotation": 90, "texture": "#0"},
				"down": {"uv": [14, 1, 15, 2], "rotation": 90, "texture": "#0"}
			}
		},
		{
			"from": [1, -1, 3],
			"to": [15, 2, 4],
			"rotation": {"angle": 0, "axis": "z", "origin": [0, 0, -0.9]},
			"faces": {
				"north": {"uv": [14, 2, 15, 1], "rotation": 180, "texture": "#0"},
				"east": {"uv": [14, 2, 15, 1], "rotation": 180, "texture": "#0"},
				"south": {"uv": [14, 2, 15, 1], "rotation": 180, "texture": "#0"},
				"west": {"uv": [14, 2, 15, 1], "rotation": 180, "texture": "#0"},
				"up": {"uv": [14, 2, 15, 1], "rotation": 180, "texture": "#0"},
				"down": {"uv": [14, 2, 15, 1], "rotation": 180, "texture": "#0"}
			}
		},
		{
			"from": [1, -1, 13],
			"to": [15, 2, 14],
			"rotation": {"angle": 0, "axis": "z", "origin": [0, 0, -0.9]},
			"faces": {
				"north": {"uv": [15, 1, 16, 0], "rotation": 90, "texture": "#0"},
				"east": {"uv": [15, 1, 16, 0], "rotation": 90, "texture": "#0"},
				"south": {"uv": [15, 1, 16, 0], "rotation": 90, "texture": "#0"},
				"west": {"uv": [15, 1, 16, 0], "rotation": 90, "texture": "#0"},
				"up": {"uv": [15, 1, 16, 0], "rotation": 90, "texture": "#0"},
				"down": {"uv": [15, 1, 16, 0], "rotation": 90, "texture": "#0"}
			}
		},
		{
			"from": [0, -1, 4],
			"to": [1, 2, 13],
			"rotation": {"angle": 0, "axis": "z", "origin": [0, 0, -0.9]},
			"faces": {
				"north": {"uv": [15, 2, 16, 1], "rotation": 90, "texture": "#0"},
				"east": {"uv": [15, 2, 16, 1], "rotation": 90, "texture": "#0"},
				"south": {"uv": [15, 2, 16, 1], "rotation": 90, "texture": "#0"},
				"west": {"uv": [15, 2, 16, 1], "rotation": 90, "texture": "#0"},
				"up": {"uv": [15, 2, 16, 1], "rotation": 90, "texture": "#0"},
				"down": {"uv": [15, 2, 16, 1], "rotation": 90, "texture": "#0"}
			}
		},
		{
			"from": [15, -1, 4],
			"to": [16, 2, 13],
			"rotation": {"angle": 0, "axis": "z", "origin": [0, 0, -0.9]},
			"faces": {
				"north": {"uv": [14, 2, 15, 1], "rotation": 90, "texture": "#0"},
				"east": {"uv": [14, 2, 15, 1], "rotation": 90, "texture": "#0"},
				"south": {"uv": [14, 2, 15, 1], "rotation": 90, "texture": "#0"},
				"west": {"uv": [14, 2, 15, 1], "rotation": 90, "texture": "#0"},
				"up": {"uv": [14, 2, 15, 1], "rotation": 90, "texture": "#0"},
				"down": {"uv": [14, 2, 15, 1], "rotation": 90, "texture": "#0"}
			}
		},
		{
			"from": [0, -1, 3],
			"to": [1, 2, 4],
			"rotation": {"angle": 0, "axis": "z", "origin": [0, 0, -0.9]},
			"faces": {
				"north": {"uv": [14, 1, 15, 2], "rotation": 270, "texture": "#0"},
				"east": {"uv": [14, 1, 15, 2], "rotation": 270, "texture": "#0"},
				"south": {"uv": [14, 1, 15, 2], "rotation": 270, "texture": "#0"},
				"west": {"uv": [14, 1, 15, 2], "rotation": 270, "texture": "#0"},
				"up": {"uv": [14, 1, 15, 2], "rotation": 270, "texture": "#0"},
				"down": {"uv": [14, 1, 15, 2], "rotation": 270, "texture": "#0"}
			}
		},
		{
			"from": [0, -1, 13],
			"to": [1, 2, 14],
			"rotation": {"angle": 0, "axis": "z", "origin": [0, 0, -0.9]},
			"faces": {
				"north": {"uv": [13, 1, 14, 2], "rotation": 90, "texture": "#0"},
				"east": {"uv": [13, 1, 14, 2], "rotation": 90, "texture": "#0"},
				"south": {"uv": [13, 1, 14, 2], "rotation": 90, "texture": "#0"},
				"west": {"uv": [13, 1, 14, 2], "rotation": 90, "texture": "#0"},
				"up": {"uv": [13, 1, 14, 2], "rotation": 90, "texture": "#0"},
				"down": {"uv": [13, 1, 14, 2], "rotation": 90, "texture": "#0"}
			}
		},
		{
			"from": [15, -1, 13],
			"to": [16, 2, 14],
			"rotation": {"angle": 0, "axis": "z", "origin": [0, 0, -0.9]},
			"faces": {
				"north": {"uv": [16, 0, 16, 1], "rotation": 90, "texture": "#0"},
				"east": {"uv": [16, 0, 16, 1], "rotation": 90, "texture": "#0"},
				"south": {"uv": [16, 0, 16, 1], "rotation": 90, "texture": "#0"},
				"west": {"uv": [16, 0, 16, 1], "rotation": 90, "texture": "#0"},
				"up": {"uv": [16, 0, 16, 1], "rotation": 90, "texture": "#0"},
				"down": {"uv": [16, 0, 16, 1], "rotation": 90, "texture": "#0"}
			}
		},
		{
			"from": [15, -1, 3],
			"to": [16, 2, 4],
			"rotation": {"angle": 0, "axis": "z", "origin": [0, 0, -0.9]},
			"faces": {
				"north": {"uv": [14, 0, 15, 1], "rotation": 270, "texture": "#0"},
				"east": {"uv": [14, 0, 15, 1], "rotation": 270, "texture": "#0"},
				"south": {"uv": [14, 0, 15, 1], "rotation": 270, "texture": "#0"},
				"west": {"uv": [14, 0, 15, 1], "rotation": 270, "texture": "#0"},
				"up": {"uv": [14, 0, 15, 1], "rotation": 270, "texture": "#0"},
				"down": {"uv": [14, 0, 15, 1], "rotation": 270, "texture": "#0"}
			}
		},
		{
			"from": [0, 2, 3],
			"to": [16, 3, 14],
			"faces": {
				"north": {"uv": [15, 0, 16, 1], "texture": "#0"},
				"east": {"uv": [15, 0, 16, 1], "texture": "#0"},
				"south": {"uv": [15, 0, 16, 1], "texture": "#0"},
				"west": {"uv": [15, 0, 16, 1], "texture": "#0"},
				"up": {"uv": [15, 0, 16, 1], "texture": "#0"},
				"down": {"uv": [15, 0, 16, 1], "texture": "#0"}
			}
		},
		{
			"from": [13, 3, 6],
			"to": [14, 3.2, 11.1],
			"faces": {
				"north": {"uv": [2, 2, 3, 3], "texture": "#0"},
				"east": {"uv": [0, 0, 5, 1], "texture": "#0"},
				"south": {"uv": [2, 3, 3, 4], "texture": "#0"},
				"west": {"uv": [0, 1, 5, 2], "texture": "#0"},
				"up": {"uv": [1, 7, 0, 2], "texture": "#0"},
				"down": {"uv": [2, 2, 1, 7], "texture": "#0"}
			}
		},
		{
			"from": [14, 3, 5],
			"to": [15, 3.1, 12],
			"faces": {
				"north": {"uv": [8, 0, 9, 2], "texture": "#0"},
				"east": {"uv": [8, 0, 9, 2], "texture": "#0"},
				"south": {"uv": [8, 0, 9, 2], "texture": "#0"},
				"west": {"uv": [8, 0, 9, 2], "texture": "#0"},
				"up": {"uv": [8, 0, 9, 2], "texture": "#0"},
				"down": {"uv": [8, 0, 9, 2], "texture": "#0"}
			}
		},
		{
			"from": [12.1, 3, 5],
			"to": [13.1, 3.1, 12],
			"faces": {
				"north": {"uv": [8, 0, 9, 2], "texture": "#0"},
				"east": {"uv": [8, 0, 9, 2], "texture": "#0"},
				"south": {"uv": [8, 0, 9, 2], "texture": "#0"},
				"west": {"uv": [8, 0, 9, 2], "texture": "#0"},
				"up": {"uv": [8, 0, 9, 2], "texture": "#0"},
				"down": {"uv": [8, 0, 9, 2], "texture": "#0"}
			}
		},
		{
			"from": [13.1, 3, 11],
			"to": [14.1, 3.1, 12],
			"faces": {
				"north": {"uv": [8, 0, 9, 2], "texture": "#0"},
				"east": {"uv": [8, 0, 9, 2], "texture": "#0"},
				"south": {"uv": [8, 0, 9, 2], "texture": "#0"},
				"west": {"uv": [8, 0, 9, 2], "texture": "#0"},
				"up": {"uv": [8, 0, 9, 2], "texture": "#0"},
				"down": {"uv": [8, 0, 9, 2], "texture": "#0"}
			}
		},
		{
			"from": [13.1, 3, 5],
			"to": [14, 3.1, 6],
			"faces": {
				"north": {"uv": [8, 0, 9, 2], "texture": "#0"},
				"east": {"uv": [8, 0, 9, 2], "texture": "#0"},
				"south": {"uv": [8, 0, 9, 2], "texture": "#0"},
				"west": {"uv": [8, 0, 9, 2], "texture": "#0"},
				"up": {"uv": [8, 0, 9, 2], "texture": "#0"},
				"down": {"uv": [8, 0, 9, 2], "texture": "#0"}
			}
		},
		{
			"from": [11.1, 3, 5],
			"to": [12.1, 3.1, 12],
			"faces": {
				"north": {"uv": [6, 0, 7, 1], "texture": "#0"},
				"east": {"uv": [6, 0, 7, 1], "texture": "#0"},
				"south": {"uv": [6, 0, 7, 1], "texture": "#0"},
				"west": {"uv": [6, 0, 7, 1], "texture": "#0"},
				"up": {"uv": [6, 0, 7, 1], "texture": "#0"},
				"down": {"uv": [6, 0, 7, 1], "texture": "#0"}
			}
		},
		{
			"from": [11.2, 3.1, 9.9],
			"to": [12, 3.8, 10.6],
			"faces": {
				"north": {"uv": [10, 0, 10.7, 0.7], "texture": "#0"},
				"east": {"uv": [10, 0, 10.7, 0.7], "texture": "#0"},
				"south": {"uv": [10, 0, 10.7, 0.7], "texture": "#0"},
				"west": {"uv": [10, 0, 10.7, 0.7], "texture": "#0"},
				"up": {"uv": [10, 0, 10.7, 0.7], "texture": "#0"},
				"down": {"uv": [10, 0, 10.7, 0.7], "texture": "#0"}
			}
		},
		{
			"from": [11.2, 3.1, 10.8],
			"to": [12, 3.8, 11.5],
			"faces": {
				"north": {"uv": [10, 0, 10.7, 1.7], "texture": "#0"},
				"east": {"uv": [10, 0, 10.7, 1.7], "texture": "#0"},
				"south": {"uv": [10, 0, 10.7, 1.7], "texture": "#0"},
				"west": {"uv": [10, 0, 10.7, 1.7], "texture": "#0"},
				"up": {"uv": [10, 0, 10.7, 1.7], "texture": "#0"},
				"down": {"uv": [10, 0, 10.7, 1.7], "texture": "#0"}
			}
		},
		{
			"from": [11.4, 3.2, 5.5],
			"to": [11.8, 3.6, 5.9],
			"faces": {
				"north": {"uv": [6, 1, 6.6, 1.8], "texture": "#0"},
				"east": {"uv": [6, 1, 6.6, 1.8], "texture": "#0"},
				"south": {"uv": [6, 1, 6.6, 1.8], "texture": "#0"},
				"west": {"uv": [6, 1, 6.6, 1.8], "texture": "#0"},
				"up": {"uv": [6, 1, 6.6, 1.8], "texture": "#0"},
				"down": {"uv": [6, 1, 6.6, 1.8], "texture": "#0"}
			}
		},
		{
			"from": [13.1, 2.6, 2.1],
			"to": [13.3, 2.9, 2.4],
			"faces": {
				"north": {"uv": [6, 1, 6.6, 1.8], "texture": "#0"},
				"east": {"uv": [6, 1, 6.6, 1.8], "texture": "#0"},
				"south": {"uv": [6, 1, 6.6, 1.8], "texture": "#0"},
				"west": {"uv": [6, 1, 6.6, 1.8], "texture": "#0"},
				"up": {"uv": [6, 1, 6.6, 1.8], "texture": "#0"},
				"down": {"uv": [6, 1, 6.6, 1.8], "texture": "#0"}
			}
		},
		{
			"from": [11.4, 3.1, 6.5],
			"to": [11.9, 3.4, 7],
			"color": 0,
			"faces": {
				"north": {"uv": [0, 0, 0.5, 0.3], "texture": "#missing"},
				"east": {"uv": [0, 0, 0.5, 0.3], "texture": "#missing"},
				"south": {"uv": [0, 0, 0.5, 0.3], "texture": "#missing"},
				"west": {"uv": [0, 0, 0.5, 0.3], "texture": "#missing"},
				"up": {"uv": [0, 0, 0.5, 0.5], "texture": "#missing"},
				"down": {"uv": [0, 0, 0.5, 0.5], "texture": "#missing"}
			}
		},
		{
			"from": [9, 1.7, 1.6],
			"to": [15.2, 2.7, 3],
			"faces": {
				"north": {"uv": [14.8, 5, 16, 6], "texture": "#0"},
				"east": {"uv": [14.8, 5, 16, 6], "texture": "#0"},
				"south": {"uv": [14.8, 5, 16, 6], "texture": "#0"},
				"west": {"uv": [14.8, 5, 16, 6], "texture": "#0"},
				"up": {"uv": [14.8, 5, 16, 6], "texture": "#0"},
				"down": {"uv": [14.8, 5, 16, 6], "texture": "#0"}
			}
		},
		{
			"from": [10, 7.9, 1.8],
			"to": [12.7, 8.1, 3],
			"rotation": {"angle": -22.5, "axis": "z", "origin": [0, 0, 0]},
			"faces": {
				"north": {"uv": [14.7, 7.1, 16, 8], "texture": "#0"},
				"east": {"uv": [14.7, 7.1, 16, 8], "texture": "#0"},
				"south": {"uv": [14.7, 7.1, 16, 8], "texture": "#0"},
				"west": {"uv": [14.7, 7.1, 16, 8], "texture": "#0"},
				"up": {"uv": [14.7, 7.1, 16, 8], "texture": "#0"},
				"down": {"uv": [14.7, 7.1, 16, 8], "texture": "#0"}
			}
		},
		{
			"from": [11.3, 7.4, 1.8],
			"to": [12.1, 8, 2],
			"rotation": {"angle": -22.5, "axis": "z", "origin": [0, 0, 0]},
			"faces": {
				"north": {"uv": [15, 7, 15.8, 7.8], "texture": "#0"},
				"east": {"uv": [15, 7, 15.8, 7.8], "texture": "#0"},
				"south": {"uv": [15, 7, 15.8, 7.8], "texture": "#0"},
				"west": {"uv": [15, 7, 15.8, 7.8], "texture": "#0"},
				"up": {"uv": [15, 7, 15.8, 7.8], "texture": "#0"},
				"down": {"uv": [15, 7, 15.8, 7.8], "texture": "#0"}
			}
		},
		{
			"from": [11.3, 7.4, 2.8],
			"to": [12.1, 8, 3],
			"rotation": {"angle": -22.5, "axis": "z", "origin": [0, 0, 0]},
			"faces": {
				"north": {"uv": [15, 7, 15.8, 7.8], "texture": "#0"},
				"east": {"uv": [15, 7, 15.8, 7.8], "texture": "#0"},
				"south": {"uv": [15, 7, 15.8, 7.8], "texture": "#0"},
				"west": {"uv": [15, 7, 15.8, 7.8], "texture": "#0"},
				"up": {"uv": [15, 7, 15.8, 7.8], "texture": "#0"},
				"down": {"uv": [15, 7, 15.8, 7.8], "texture": "#0"}
			}
		},
		{
			"from": [15.7, 1.7, 4.1],
			"to": [17.5, 2.4, 4.7],
			"faces": {
				"north": {"uv": [15, 7, 15.8, 7.6], "texture": "#0"},
				"east": {"uv": [15, 7, 15.8, 7.6], "texture": "#0"},
				"south": {"uv": [15, 7, 15.8, 7.6], "texture": "#0"},
				"west": {"uv": [15, 7, 15.8, 7.6], "texture": "#0"},
				"up": {"uv": [15, 7, 15.8, 7.6], "texture": "#0"},
				"down": {"uv": [15, 7, 15.8, 7.6], "texture": "#0"}
			}
		},
		{
			"from": [17.4, 2, 4.3],
			"to": [18.1, 2.2, 4.5],
			"faces": {
				"north": {"uv": [15, 8, 15.7, 7.2], "texture": "#0"},
				"east": {"uv": [15, 8, 15.7, 7.2], "texture": "#0"},
				"south": {"uv": [15, 8, 15.7, 7.2], "texture": "#0"},
				"west": {"uv": [15, 8, 15.7, 7.2], "texture": "#0"},
				"up": {"uv": [15, 8, 15.7, 7.2], "texture": "#0"},
				"down": {"uv": [15, 8, 15.7, 7.2], "texture": "#0"}
			}
		},
		{
			"from": [18, 2, 4.4],
			"to": [19.1, 2.1, 4.5],
			"faces": {
				"north": {"uv": [15, 8, 15.7, 7.2], "texture": "#0"},
				"east": {"uv": [15, 8, 15.7, 7.2], "texture": "#0"},
				"south": {"uv": [15, 8, 15.7, 7.2], "texture": "#0"},
				"west": {"uv": [15, 8, 15.7, 7.2], "texture": "#0"},
				"up": {"uv": [15, 8, 15.7, 7.2], "texture": "#0"},
				"down": {"uv": [15, 8, 15.7, 7.2], "texture": "#0"}
			}
		},
		{
			"from": [15.1, 3.7, 7.7],
			"to": [16.2, 3.8, 7.8],
			"faces": {
				"north": {"uv": [15, 8, 15.7, 7.2], "texture": "#0"},
				"east": {"uv": [15, 8, 15.7, 7.2], "texture": "#0"},
				"south": {"uv": [15, 8, 15.7, 7.2], "texture": "#0"},
				"west": {"uv": [15, 8, 15.7, 7.2], "texture": "#0"},
				"up": {"uv": [15, 8, 15.7, 7.2], "texture": "#0"},
				"down": {"uv": [15, 8, 15.7, 7.2], "texture": "#0"}
			}
		},
		{
			"from": [9.1, 3.7, 11.9],
			"to": [14.3, 3.8, 12],
			"faces": {
				"north": {"uv": [15, 8, 15.7, 7.2], "texture": "#0"},
				"east": {"uv": [15, 8, 15.7, 7.2], "texture": "#0"},
				"south": {"uv": [15, 8, 15.7, 7.2], "texture": "#0"},
				"west": {"uv": [15, 8, 15.7, 7.2], "texture": "#0"},
				"up": {"uv": [15, 8, 15.7, 7.2], "texture": "#0"},
				"down": {"uv": [15, 8, 15.7, 7.2], "texture": "#0"}
			}
		},
		{
			"from": [3.8, 3.7, 16.2],
			"to": [5.3, 3.8, 16.3],
			"rotation": {"angle": 45, "axis": "y", "origin": [0, 0, 0]},
			"faces": {
				"north": {"uv": [15, 8, 15.7, 7.2], "texture": "#0"},
				"east": {"uv": [15, 8, 15.7, 7.2], "texture": "#0"},
				"south": {"uv": [15, 8, 15.7, 7.2], "texture": "#0"},
				"west": {"uv": [15, 8, 15.7, 7.2], "texture": "#0"},
				"up": {"uv": [15, 8, 15.7, 7.2], "texture": "#0"},
				"down": {"uv": [15, 8, 15.7, 7.2], "texture": "#0"}
			}
		},
		{
			"from": [14.2, 3.7, 8.7],
			"to": [14.3, 3.8, 12],
			"faces": {
				"north": {"uv": [15, 8, 15.7, 7.2], "texture": "#0"},
				"east": {"uv": [15, 8, 15.7, 7.2], "texture": "#0"},
				"south": {"uv": [15, 8, 15.7, 7.2], "texture": "#0"},
				"west": {"uv": [15, 8, 15.7, 7.2], "texture": "#0"},
				"up": {"uv": [15, 8, 15.7, 7.2], "rotation": 270, "texture": "#0"},
				"down": {"uv": [15, 8, 15.7, 7.2], "rotation": 90, "texture": "#0"}
			}
		},
		{
			"from": [9.1, 3.7, 11.2],
			"to": [9.2, 3.8, 11.9],
			"faces": {
				"north": {"uv": [15, 8, 15.7, 7.2], "texture": "#0"},
				"east": {"uv": [15, 8, 15.7, 7.2], "texture": "#0"},
				"south": {"uv": [15, 8, 15.7, 7.2], "texture": "#0"},
				"west": {"uv": [15, 8, 15.7, 7.2], "texture": "#0"},
				"up": {"uv": [15, 8, 15.7, 7.2], "rotation": 90, "texture": "#0"},
				"down": {"uv": [15, 8, 15.7, 7.2], "rotation": 270, "texture": "#0"}
			}
		},
		{
			"from": [8.2, 3.8, 11],
			"to": [8.3, 3.9, 12.4],
			"faces": {
				"north": {"uv": [15, 10, 15.7, 9.2], "texture": "#0"},
				"east": {"uv": [15, 10, 15.7, 9.2], "texture": "#0"},
				"south": {"uv": [15, 10, 15.7, 9.2], "texture": "#0"},
				"west": {"uv": [15, 10, 15.7, 9.2], "texture": "#0"},
				"up": {"uv": [15, 10, 15.7, 9.2], "texture": "#0"},
				"down": {"uv": [15, 10, 15.7, 9.2], "texture": "#0"}
			}
		},
		{
			"from": [9.1, -0.9, 11.4],
			"to": [9.2, -0.8, 11.8],
			"rotation": {"angle": -22.5, "axis": "x", "origin": [0, 0, 0]},
			"faces": {
				"north": {"uv": [15, 8, 15.7, 7.2], "texture": "#0"},
				"east": {"uv": [15, 8, 15.7, 7.2], "texture": "#0"},
				"south": {"uv": [15, 8, 15.7, 7.2], "texture": "#0"},
				"west": {"uv": [15, 8, 15.7, 7.2], "texture": "#0"},
				"up": {"uv": [15, 8, 15.7, 7.2], "rotation": 90, "texture": "#0"},
				"down": {"uv": [15, 8, 15.7, 7.2], "rotation": 270, "texture": "#0"}
			}
		},
		{
			"from": [9.1, 6.7, 8.6],
			"to": [9.2, 7.5, 8.7],
			"rotation": {"angle": 22.5, "axis": "x", "origin": [0, 0, 0]},
			"faces": {
				"north": {"uv": [15, 8, 15.7, 7.2], "rotation": 270, "texture": "#0"},
				"east": {"uv": [15, 8, 15.7, 7.2], "rotation": 90, "texture": "#0"},
				"south": {"uv": [15, 8, 15.7, 7.2], "rotation": 270, "texture": "#0"},
				"west": {"uv": [15, 8, 15.7, 7.2], "rotation": 270, "texture": "#0"},
				"up": {"uv": [15, 8, 15.7, 7.2], "texture": "#0"},
				"down": {"uv": [15, 8, 15.7, 7.2], "rotation": 180, "texture": "#0"}
			}
		},
		{
			"from": [8.2, 7, 8.7],
			"to": [8.3, 7.8, 8.8],
			"rotation": {"angle": 22.5, "axis": "x", "origin": [0, 0, 0]},
			"faces": {
				"north": {"uv": [15, 10, 15.7, 9.2], "rotation": 270, "texture": "#0"},
				"east": {"uv": [15, 10, 15.7, 9.2], "rotation": 270, "texture": "#0"},
				"south": {"uv": [15, 10, 15.7, 9.2], "rotation": 270, "texture": "#0"},
				"west": {"uv": [15, 10, 15.7, 9.2], "rotation": 270, "texture": "#0"},
				"up": {"uv": [15, 10, 15.7, 9.2], "rotation": 270, "texture": "#0"},
				"down": {"uv": [15, 10, 15.7, 9.2], "rotation": 270, "texture": "#0"}
			}
		},
		{
			"from": [7.3, 7, 8.7],
			"to": [7.4, 7.8, 8.8],
			"rotation": {"angle": 22.5, "axis": "x", "origin": [0, 0, 0]},
			"faces": {
				"north": {"uv": [15, 12, 15.7, 11.2], "rotation": 270, "texture": "#0"},
				"east": {"uv": [15, 12, 15.7, 11.2], "rotation": 270, "texture": "#0"},
				"south": {"uv": [15, 12, 15.7, 11.2], "rotation": 270, "texture": "#0"},
				"west": {"uv": [15, 12, 15.7, 11.2], "rotation": 270, "texture": "#0"},
				"up": {"uv": [15, 12, 15.7, 11.2], "rotation": 270, "texture": "#0"},
				"down": {"uv": [15, 12, 15.7, 11.2], "rotation": 270, "texture": "#0"}
			}
		},
		{
			"from": [16.6, 2, -10.4],
			"to": [17.5, 2.1, -10.3],
			"rotation": {"angle": -45, "axis": "y", "origin": [0, 0, 0]},
			"faces": {
				"north": {"uv": [15, 8, 15.7, 7.2], "texture": "#0"},
				"east": {"uv": [15, 8, 15.7, 7.2], "texture": "#0"},
				"south": {"uv": [15, 8, 15.7, 7.2], "texture": "#0"},
				"west": {"uv": [15, 8, 15.7, 7.2], "texture": "#0"},
				"up": {"uv": [15, 8, 15.7, 7.2], "texture": "#0"},
				"down": {"uv": [15, 8, 15.7, 7.2], "texture": "#0"}
			}
		},
		{
			"from": [18, 2, 11.1],
			"to": [19.1, 2.1, 11.2],
			"rotation": {"angle": 0, "axis": "y", "origin": [0, 0, 6.7]},
			"faces": {
				"north": {"uv": [15, 10, 15.7, 9.2], "texture": "#0"},
				"east": {"uv": [15, 10, 15.7, 9.2], "texture": "#0"},
				"south": {"uv": [15, 10, 15.7, 9.2], "texture": "#0"},
				"west": {"uv": [15, 10, 15.7, 9.2], "texture": "#0"},
				"up": {"uv": [15, 10, 15.7, 9.2], "texture": "#0"},
				"down": {"uv": [15, 10, 15.7, 9.2], "texture": "#0"}
			}
		},
		{
			"from": [16.6, 2, -3.7],
			"to": [17.5, 2.1, -3.6],
			"rotation": {"angle": -45, "axis": "y", "origin": [0, 0, 6.7]},
			"faces": {
				"north": {"uv": [15, 10, 15.7, 9.2], "texture": "#0"},
				"east": {"uv": [15, 10, 15.7, 9.2], "texture": "#0"},
				"south": {"uv": [15, 10, 15.7, 9.2], "texture": "#0"},
				"west": {"uv": [15, 10, 15.7, 9.2], "texture": "#0"},
				"up": {"uv": [15, 10, 15.7, 9.2], "texture": "#0"},
				"down": {"uv": [15, 10, 15.7, 9.2], "texture": "#0"}
			}
		},
		{
			"from": [16.2, 2, 12.2],
			"to": [16.3, 2.1, 13],
			"rotation": {"angle": 22.5, "axis": "y", "origin": [0, 0, 0]},
			"faces": {
				"north": {"uv": [15, 8, 15.7, 7.2], "texture": "#0"},
				"east": {"uv": [15, 8, 15.7, 7.2], "texture": "#0"},
				"south": {"uv": [15, 8, 15.7, 7.2], "texture": "#0"},
				"west": {"uv": [15, 8, 15.7, 7.2], "texture": "#0"},
				"up": {"uv": [15, 8, 15.7, 7.2], "rotation": 90, "texture": "#0"},
				"down": {"uv": [15, 8, 15.7, 7.2], "rotation": 270, "texture": "#0"}
			}
		},
		{
			"from": [13.6, 2, 18.3],
			"to": [13.7, 2.1, 19.2],
			"rotation": {"angle": 22.5, "axis": "y", "origin": [0, 0, 0]},
			"faces": {
				"north": {"uv": [15, 10, 15.7, 9.2], "texture": "#0"},
				"east": {"uv": [15, 10, 15.7, 9.2], "texture": "#0"},
				"south": {"uv": [15, 10, 15.7, 9.2], "texture": "#0"},
				"west": {"uv": [15, 10, 15.7, 9.2], "texture": "#0"},
				"up": {"uv": [15, 10, 15.7, 9.2], "texture": "#0"},
				"down": {"uv": [15, 10, 15.7, 9.2], "texture": "#0"}
			}
		},
		{
			"from": [8.2, 3.8, 12.4],
			"to": [17.2, 3.9, 12.5],
			"faces": {
				"north": {"uv": [15, 10, 15.7, 9.2], "texture": "#0"},
				"east": {"uv": [15, 10, 15.7, 9.2], "texture": "#0"},
				"south": {"uv": [15, 10, 15.7, 9.2], "texture": "#0"},
				"west": {"uv": [15, 10, 15.7, 9.2], "texture": "#0"},
				"up": {"uv": [15, 10, 15.7, 9.2], "rotation": 90, "texture": "#0"},
				"down": {"uv": [15, 10, 15.7, 9.2], "rotation": 270, "texture": "#0"}
			}
		},
		{
			"from": [7.3, 3.8, 14.2],
			"to": [17.2, 3.9, 14.3],
			"faces": {
				"north": {"uv": [15, 12, 15.7, 11.2], "texture": "#0"},
				"east": {"uv": [15, 12, 15.7, 11.2], "texture": "#0"},
				"south": {"uv": [15, 12, 15.7, 11.2], "texture": "#0"},
				"west": {"uv": [15, 12, 15.7, 11.2], "texture": "#0"},
				"up": {"uv": [15, 12, 15.7, 11.2], "texture": "#0"},
				"down": {"uv": [15, 12, 15.7, 11.2], "texture": "#0"}
			}
		},
		{
			"from": [18.9, 2, 12.4],
			"to": [19.9, 2.1, 12.5],
			"faces": {
				"north": {"uv": [15, 10, 15.7, 9.2], "texture": "#0"},
				"east": {"uv": [15, 10, 15.7, 9.2], "texture": "#0"},
				"south": {"uv": [15, 10, 15.7, 9.2], "texture": "#0"},
				"west": {"uv": [15, 10, 15.7, 9.2], "texture": "#0"},
				"up": {"uv": [15, 10, 15.7, 9.2], "rotation": 90, "texture": "#0"},
				"down": {"uv": [15, 10, 15.7, 9.2], "rotation": 270, "texture": "#0"}
			}
		},
		{
			"from": [9.4, 14.8, 12.4],
			"to": [12, 14.9, 12.5],
			"rotation": {"angle": -45, "axis": "z", "origin": [0, 0, 0]},
			"faces": {
				"north": {"uv": [15, 10, 15.7, 9.2], "texture": "#0"},
				"east": {"uv": [15, 10, 15.7, 9.2], "texture": "#0"},
				"south": {"uv": [15, 10, 15.7, 9.2], "texture": "#0"},
				"west": {"uv": [15, 10, 15.7, 9.2], "texture": "#0"},
				"up": {"uv": [15, 10, 15.7, 9.2], "rotation": 90, "texture": "#0"},
				"down": {"uv": [15, 10, 15.7, 9.2], "rotation": 270, "texture": "#0"}
			}
		},
		{
			"from": [18, 2, 12.9],
			"to": [19.1, 2.1, 13],
			"rotation": {"angle": 0, "axis": "y", "origin": [0, 0, 8.5]},
			"faces": {
				"north": {"uv": [15, 12, 15.7, 11.2], "texture": "#0"},
				"east": {"uv": [15, 12, 15.7, 11.2], "texture": "#0"},
				"south": {"uv": [15, 12, 15.7, 11.2], "texture": "#0"},
				"west": {"uv": [15, 12, 15.7, 11.2], "texture": "#0"},
				"up": {"uv": [15, 12, 15.7, 11.2], "texture": "#0"},
				"down": {"uv": [15, 12, 15.7, 11.2], "texture": "#0"}
			}
		},
		{
			"from": [16.6, 2, -1.9],
			"to": [17.5, 2.1, -1.8],
			"rotation": {"angle": -45, "axis": "y", "origin": [0, 0, 8.5]},
			"faces": {
				"north": {"uv": [15, 12, 15.7, 11.2], "texture": "#0"},
				"east": {"uv": [15, 12, 15.7, 11.2], "texture": "#0"},
				"south": {"uv": [15, 12, 15.7, 11.2], "texture": "#0"},
				"west": {"uv": [15, 12, 15.7, 11.2], "texture": "#0"},
				"up": {"uv": [15, 12, 15.7, 11.2], "texture": "#0"},
				"down": {"uv": [15, 12, 15.7, 11.2], "texture": "#0"}
			}
		},
		{
			"from": [13.6, 2, 20.1],
			"to": [13.7, 2.1, 21],
			"rotation": {"angle": 22.5, "axis": "y", "origin": [0, 0, 1.8]},
			"faces": {
				"north": {"uv": [15, 12, 15.7, 11.2], "texture": "#0"},
				"east": {"uv": [15, 12, 15.7, 11.2], "texture": "#0"},
				"south": {"uv": [15, 12, 15.7, 11.2], "texture": "#0"},
				"west": {"uv": [15, 12, 15.7, 11.2], "texture": "#0"},
				"up": {"uv": [15, 12, 15.7, 11.2], "texture": "#0"},
				"down": {"uv": [15, 12, 15.7, 11.2], "texture": "#0"}
			}
		},
		{
			"from": [7.3, 3.8, 11],
			"to": [7.4, 3.9, 14.2],
			"rotation": {"angle": 0, "axis": "y", "origin": [0, 0, 1.8]},
			"faces": {
				"north": {"uv": [15, 12, 15.7, 11.2], "texture": "#0"},
				"east": {"uv": [15, 12, 15.7, 11.2], "texture": "#0"},
				"south": {"uv": [15, 12, 15.7, 11.2], "texture": "#0"},
				"west": {"uv": [15, 12, 15.7, 11.2], "texture": "#0"},
				"up": {"uv": [15, 12, 15.7, 11.2], "texture": "#0"},
				"down": {"uv": [15, 12, 15.7, 11.2], "texture": "#0"}
			}
		},
		{
			"from": [18.9, 2, 14.2],
			"to": [19.9, 2.1, 14.3],
			"rotation": {"angle": 0, "axis": "y", "origin": [0, 0, 1.8]},
			"faces": {
				"north": {"uv": [15, 12, 15.7, 11.2], "rotation": 90, "texture": "#0"},
				"east": {"uv": [15, 12, 15.7, 11.2], "rotation": 90, "texture": "#0"},
				"south": {"uv": [15, 12, 15.7, 11.2], "rotation": 90, "texture": "#0"},
				"west": {"uv": [15, 12, 15.7, 11.2], "rotation": 90, "texture": "#0"},
				"up": {"uv": [15, 12, 15.7, 11.2], "rotation": 90, "texture": "#0"},
				"down": {"uv": [15, 12, 15.7, 11.2], "rotation": 90, "texture": "#0"}
			}
		},
		{
			"from": [9.4, 14.8, 14.2],
			"to": [12, 14.9, 14.3],
			"rotation": {"angle": -45, "axis": "z", "origin": [0, 0, 1.8]},
			"faces": {
				"north": {"uv": [15, 12, 15.7, 11.2], "rotation": 90, "texture": "#0"},
				"east": {"uv": [15, 12, 15.7, 11.2], "rotation": 90, "texture": "#0"},
				"south": {"uv": [15, 12, 15.7, 11.2], "rotation": 90, "texture": "#0"},
				"west": {"uv": [15, 12, 15.7, 11.2], "rotation": 90, "texture": "#0"},
				"up": {"uv": [15, 12, 15.7, 11.2], "rotation": 90, "texture": "#0"},
				"down": {"uv": [15, 12, 15.7, 11.2], "rotation": 90, "texture": "#0"}
			}
		},
		{
			"from": [19.9, 2, 5.7],
			"to": [20, 2.1, 6.4],
			"faces": {
				"north": {"uv": [15, 8, 15.7, 7.2], "texture": "#0"},
				"east": {"uv": [15, 8, 15.7, 7.2], "texture": "#0"},
				"south": {"uv": [15, 8, 15.7, 7.2], "texture": "#0"},
				"west": {"uv": [15, 8, 15.7, 7.2], "texture": "#0"},
				"up": {"uv": [15, 8, 15.7, 7.2], "rotation": 90, "texture": "#0"},
				"down": {"uv": [15, 8, 15.7, 7.2], "rotation": 270, "texture": "#0"}
			}
		},
		{
			"from": [20.8, 2, -1.8],
			"to": [20.9, 2.1, -1.2],
			"rotation": {"angle": -22.5, "axis": "y", "origin": [0, 0, 0]},
			"faces": {
				"north": {"uv": [15, 8, 15.7, 7.2], "texture": "#0"},
				"east": {"uv": [15, 8, 15.7, 7.2], "texture": "#0"},
				"south": {"uv": [15, 8, 15.7, 7.2], "texture": "#0"},
				"west": {"uv": [15, 8, 15.7, 7.2], "texture": "#0"},
				"up": {"uv": [15, 8, 15.7, 7.2], "rotation": 90, "texture": "#0"},
				"down": {"uv": [15, 8, 15.7, 7.2], "rotation": 270, "texture": "#0"}
			}
		},
		{
			"from": [18.7, 2, -9.2],
			"to": [18.8, 2.1, -8.6],
			"rotation": {"angle": -45, "axis": "y", "origin": [0, 0, 0]},
			"faces": {
				"north": {"uv": [15, 8, 15.7, 7.2], "texture": "#0"},
				"east": {"uv": [15, 8, 15.7, 7.2], "texture": "#0"},
				"south": {"uv": [15, 8, 15.7, 7.2], "texture": "#0"},
				"west": {"uv": [15, 8, 15.7, 7.2], "texture": "#0"},
				"up": {"uv": [15, 8, 15.7, 7.2], "rotation": 90, "texture": "#0"},
				"down": {"uv": [15, 8, 15.7, 7.2], "rotation": 270, "texture": "#0"}
			}
		},
		{
			"from": [14.6, 2, 14],
			"to": [15.2, 2.1, 14.1],
			"rotation": {"angle": 22.5, "axis": "y", "origin": [0, 0, 0]},
			"faces": {
				"north": {"uv": [15, 8, 15.7, 7.2], "texture": "#0"},
				"east": {"uv": [15, 8, 15.7, 7.2], "texture": "#0"},
				"south": {"uv": [15, 8, 15.7, 7.2], "texture": "#0"},
				"west": {"uv": [15, 8, 15.7, 7.2], "texture": "#0"},
				"up": {"uv": [15, 8, 15.7, 7.2], "rotation": 180, "texture": "#0"},
				"down": {"uv": [15, 8, 15.7, 7.2], "rotation": 180, "texture": "#0"}
			}
		},
		{
			"from": [14.2, 2, 14],
			"to": [14.8, 2.1, 14.1],
			"rotation": {"angle": 22.5, "axis": "y", "origin": [0, 0, 0]},
			"faces": {
				"north": {"uv": [15, 8, 15.7, 7.2], "texture": "#0"},
				"east": {"uv": [15, 8, 15.7, 7.2], "texture": "#0"},
				"south": {"uv": [15, 8, 15.7, 7.2], "texture": "#0"},
				"west": {"uv": [15, 8, 15.7, 7.2], "texture": "#0"},
				"up": {"uv": [15, 8, 15.7, 7.2], "rotation": 180, "texture": "#0"},
				"down": {"uv": [15, 8, 15.7, 7.2], "rotation": 180, "texture": "#0"}
			}
		},
		{
			"from": [13.6, 2, 14],
			"to": [14.2, 2.1, 14.1],
			"rotation": {"angle": 22.5, "axis": "y", "origin": [0, 0, 0]},
			"faces": {
				"north": {"uv": [15, 8, 15.7, 7.2], "texture": "#0"},
				"east": {"uv": [15, 8, 15.7, 7.2], "texture": "#0"},
				"south": {"uv": [15, 8, 15.7, 7.2], "texture": "#0"},
				"west": {"uv": [15, 8, 15.7, 7.2], "texture": "#0"},
				"up": {"uv": [15, 8, 15.7, 7.2], "rotation": 180, "texture": "#0"},
				"down": {"uv": [15, 8, 15.7, 7.2], "rotation": 180, "texture": "#0"}
			}
		},
		{
			"from": [8.8, 14, 7.7],
			"to": [11.3, 14.1, 7.8],
			"rotation": {"angle": -45, "axis": "z", "origin": [0, 0, 0]},
			"faces": {
				"north": {"uv": [15, 8, 15.7, 7.2], "texture": "#0"},
				"east": {"uv": [15, 8, 15.7, 7.2], "texture": "#0"},
				"south": {"uv": [15, 8, 15.7, 7.2], "texture": "#0"},
				"west": {"uv": [15, 8, 15.7, 7.2], "texture": "#0"},
				"up": {"uv": [15, 8, 15.7, 7.2], "rotation": 180, "texture": "#0"},
				"down": {"uv": [15, 8, 15.7, 7.2], "rotation": 180, "texture": "#0"}
			}
		},
		{
			"from": [15.7, 1.7, 10.8],
			"to": [17.5, 2.4, 11.4],
			"faces": {
				"north": {"uv": [14, 9, 15.8, 9.6], "texture": "#0"},
				"east": {"uv": [14, 9, 15.8, 9.6], "texture": "#0"},
				"south": {"uv": [14, 9, 15.8, 9.6], "texture": "#0"},
				"west": {"uv": [14, 9, 15.8, 9.6], "texture": "#0"},
				"up": {"uv": [14, 9, 15.8, 9.6], "texture": "#0"},
				"down": {"uv": [14, 9, 15.8, 9.6], "texture": "#0"}
			}
		},
		{
			"from": [17.4, 2, 11],
			"to": [18.1, 2.2, 11.2],
			"faces": {
				"north": {"uv": [14.4, 9, 16, 9.8], "texture": "#0"},
				"east": {"uv": [14.4, 9, 16, 9.8], "texture": "#0"},
				"south": {"uv": [14.4, 9, 16, 9.8], "texture": "#0"},
				"west": {"uv": [14.4, 9, 16, 9.8], "texture": "#0"},
				"up": {"uv": [14.4, 9, 16, 9.8], "texture": "#0"},
				"down": {"uv": [14.4, 9, 16, 9.8], "texture": "#0"}
			}
		},
		{
			"from": [15.7, 1.7, 12.6],
			"to": [17.5, 2.4, 13.2],
			"faces": {
				"north": {"uv": [15, 11, 15.6, 11.7], "texture": "#0"},
				"east": {"uv": [15, 11, 15.6, 11.7], "texture": "#0"},
				"south": {"uv": [15, 11, 15.6, 11.7], "texture": "#0"},
				"west": {"uv": [15, 11, 15.6, 11.7], "texture": "#0"},
				"up": {"uv": [15, 11, 15.6, 11.7], "texture": "#0"},
				"down": {"uv": [15, 11, 15.6, 11.7], "texture": "#0"}
			}
		},
		{
			"from": [17.4, 2, 12.8],
			"to": [18.1, 2.2, 13],
			"faces": {
				"north": {"uv": [14.8, 11, 16, 11.8], "texture": "#0"},
				"east": {"uv": [14.8, 11, 16, 11.8], "texture": "#0"},
				"south": {"uv": [14.8, 11, 16, 11.8], "texture": "#0"},
				"west": {"uv": [14.8, 11, 16, 11.8], "texture": "#0"},
				"up": {"uv": [14.8, 11, 16, 11.8], "texture": "#0"},
				"down": {"uv": [14.8, 11, 16, 11.8], "texture": "#0"}
			}
		},
		{
			"from": [4, 3, 5],
			"to": [11.1, 3.1, 11],
			"faces": {
				"north": {"uv": [14.9, 5.2, 16, 6], "texture": "#0"},
				"east": {"uv": [14.9, 5.2, 16, 6], "texture": "#0"},
				"south": {"uv": [14.9, 5.2, 16, 6], "texture": "#0"},
				"west": {"uv": [14.9, 5.2, 16, 6], "texture": "#0"},
				"up": {"uv": [14.9, 5.2, 16, 6], "texture": "#0"},
				"down": {"uv": [14.9, 5.2, 16, 6], "texture": "#0"}
			}
		},
		{
			"from": [4.7, 3.1, 5.8],
			"to": [10.8, 3.3, 10.6],
			"faces": {
				"north": {"uv": [15, 9, 15.6, 10], "texture": "#0"},
				"east": {"uv": [15, 9, 15.6, 10], "texture": "#0"},
				"south": {"uv": [15, 9, 15.6, 10], "texture": "#0"},
				"west": {"uv": [15, 9, 15.6, 10], "texture": "#0"},
				"up": {"uv": [15, 9, 15.6, 10], "texture": "#0"},
				"down": {"uv": [15, 9, 15.6, 10], "texture": "#0"}
			}
		},
		{
			"from": [9.8, 3.1, 6.4],
			"to": [10.6, 3.6, 7.2],
			"faces": {
				"north": {"uv": [14, 13, 14.8, 13.8], "texture": "#0"},
				"east": {"uv": [14, 13, 14.8, 13.8], "texture": "#0"},
				"south": {"uv": [14, 13, 14.8, 13.8], "texture": "#0"},
				"west": {"uv": [14, 13, 14.8, 13.8], "texture": "#0"},
				"up": {"uv": [14, 13, 14.8, 13.8], "texture": "#0"},
				"down": {"uv": [14, 13, 14.8, 13.8], "texture": "#0"}
			}
		},
		{
			"from": [9.8, 3.1, 7.8],
			"to": [10.6, 3.6, 8.6],
			"faces": {
				"north": {"uv": [15, 13, 15.8, 13.8], "texture": "#0"},
				"east": {"uv": [15, 13, 15.8, 13.8], "texture": "#0"},
				"south": {"uv": [15, 13, 15.8, 13.8], "texture": "#0"},
				"west": {"uv": [15, 13, 15.8, 13.8], "texture": "#0"},
				"up": {"uv": [15, 13, 15.8, 13.8], "texture": "#0"},
				"down": {"uv": [15, 13, 15.8, 13.8], "texture": "#0"}
			}
		},
		{
			"from": [8.4, 3.1, 7.8],
			"to": [9.2, 3.6, 8.6],
			"faces": {
				"north": {"uv": [15, 13, 15.8, 13.8], "texture": "#0"},
				"east": {"uv": [15, 13, 15.8, 13.8], "texture": "#0"},
				"south": {"uv": [15, 13, 15.8, 13.8], "texture": "#0"},
				"west": {"uv": [15, 13, 15.8, 13.8], "texture": "#0"},
				"up": {"uv": [15, 13, 15.8, 13.8], "texture": "#0"},
				"down": {"uv": [15, 13, 15.8, 13.8], "texture": "#0"}
			}
		},
		{
			"from": [8.4, 3.1, 6.4],
			"to": [9.2, 3.6, 7.2],
			"faces": {
				"north": {"uv": [15, 13, 15.8, 13.8], "texture": "#0"},
				"east": {"uv": [15, 13, 15.8, 13.8], "texture": "#0"},
				"south": {"uv": [15, 13, 15.8, 13.8], "texture": "#0"},
				"west": {"uv": [15, 13, 15.8, 13.8], "texture": "#0"},
				"up": {"uv": [15, 13, 15.8, 13.8], "texture": "#0"},
				"down": {"uv": [15, 13, 15.8, 13.8], "texture": "#0"}
			}
		},
		{
			"from": [7, 3.1, 6.4],
			"to": [7.8, 3.6, 7.2],
			"faces": {
				"north": {"uv": [15.2, 13, 16, 13.8], "texture": "#0"},
				"east": {"uv": [15.2, 13, 16, 13.8], "texture": "#0"},
				"south": {"uv": [15.2, 13, 16, 13.8], "texture": "#0"},
				"west": {"uv": [15.2, 13, 16, 13.8], "texture": "#0"},
				"up": {"uv": [15.2, 13, 16, 13.8], "texture": "#0"},
				"down": {"uv": [15.2, 13, 16, 13.8], "texture": "#0"}
			}
		},
		{
			"from": [5.5, 3.1, 6.4],
			"to": [6.3, 3.6, 7.2],
			"faces": {
				"north": {"uv": [14, 13, 14.8, 13.8], "texture": "#0"},
				"east": {"uv": [14, 13, 14.8, 13.8], "texture": "#0"},
				"south": {"uv": [14, 13, 14.8, 13.8], "texture": "#0"},
				"west": {"uv": [14, 13, 14.8, 13.8], "texture": "#0"},
				"up": {"uv": [14, 13, 14.8, 13.8], "texture": "#0"},
				"down": {"uv": [14, 13, 14.8, 13.8], "texture": "#0"}
			}
		},
		{
			"from": [5.5, 3.1, 7.8],
			"to": [6.3, 3.6, 8.6],
			"faces": {
				"north": {"uv": [14, 13, 14.8, 13.8], "texture": "#0"},
				"east": {"uv": [14, 13, 14.8, 13.8], "texture": "#0"},
				"south": {"uv": [14, 13, 14.8, 13.8], "texture": "#0"},
				"west": {"uv": [14, 13, 14.8, 13.8], "texture": "#0"},
				"up": {"uv": [14, 13, 14.8, 13.8], "texture": "#0"},
				"down": {"uv": [14, 13, 14.8, 13.8], "texture": "#0"}
			}
		},
		{
			"from": [5.5, 3.1, 9.2],
			"to": [6.3, 3.6, 10],
			"faces": {
				"north": {"uv": [14.2, 13, 16, 13.8], "texture": "#0"},
				"east": {"uv": [14.2, 13, 16, 13.8], "texture": "#0"},
				"south": {"uv": [14.2, 13, 16, 13.8], "texture": "#0"},
				"west": {"uv": [14.2, 13, 16, 13.8], "texture": "#0"},
				"up": {"uv": [14.2, 13, 16, 13.8], "texture": "#0"},
				"down": {"uv": [14.2, 13, 16, 13.8], "texture": "#0"}
			}
		},
		{
			"from": [7, 3.1, 7.8],
			"to": [7.8, 3.6, 8.6],
			"faces": {
				"north": {"uv": [14.2, 13, 16, 13.8], "texture": "#0"},
				"east": {"uv": [14.2, 13, 16, 13.8], "texture": "#0"},
				"south": {"uv": [14.2, 13, 16, 13.8], "texture": "#0"},
				"west": {"uv": [14.2, 13, 16, 13.8], "texture": "#0"},
				"up": {"uv": [14.2, 13, 16, 13.8], "texture": "#0"},
				"down": {"uv": [14.2, 13, 16, 13.8], "texture": "#0"}
			}
		},
		{
			"from": [7, 3.1, 9.2],
			"to": [7.8, 3.6, 10],
			"faces": {
				"north": {"uv": [15, 13, 15.8, 13.8], "texture": "#0"},
				"east": {"uv": [15, 13, 15.8, 13.8], "texture": "#0"},
				"south": {"uv": [15, 13, 15.8, 13.8], "texture": "#0"},
				"west": {"uv": [15, 13, 15.8, 13.8], "texture": "#0"},
				"up": {"uv": [15, 13, 15.8, 13.8], "texture": "#0"},
				"down": {"uv": [15, 13, 15.8, 13.8], "texture": "#0"}
			}
		},
		{
			"from": [9.8, 3.1, 9.2],
			"to": [10.6, 3.6, 10],
			"faces": {
				"north": {"uv": [15.2, 13, 16, 13.8], "texture": "#0"},
				"east": {"uv": [15.2, 13, 16, 13.8], "texture": "#0"},
				"south": {"uv": [15.2, 13, 16, 13.8], "texture": "#0"},
				"west": {"uv": [15.2, 13, 16, 13.8], "texture": "#0"},
				"up": {"uv": [15.2, 13, 16, 13.8], "texture": "#0"},
				"down": {"uv": [15.2, 13, 16, 13.8], "texture": "#0"}
			}
		},
		{
			"from": [8.4, 3.1, 9.2],
			"to": [9.2, 3.6, 10],
			"faces": {
				"north": {"uv": [15.2, 13, 16, 13.8], "texture": "#0"},
				"east": {"uv": [15.2, 13, 16, 13.8], "texture": "#0"},
				"south": {"uv": [15.2, 13, 16, 13.8], "texture": "#0"},
				"west": {"uv": [15.2, 13, 16, 13.8], "texture": "#0"},
				"up": {"uv": [15.2, 13, 16, 13.8], "texture": "#0"},
				"down": {"uv": [15.2, 13, 16, 13.8], "texture": "#0"}
			}
		},
		{
			"from": [12.4, 3.1, 10],
			"to": [12.8, 3.4, 11],
			"faces": {
				"north": {"uv": [14, 9, 15, 10], "texture": "#0"},
				"east": {"uv": [14, 9, 15, 10], "texture": "#0"},
				"south": {"uv": [14, 9, 15, 10], "texture": "#0"},
				"west": {"uv": [14, 9, 15, 10], "texture": "#0"},
				"up": {"uv": [14, 9, 15, 10], "texture": "#0"},
				"down": {"uv": [14, 9, 15, 10], "texture": "#0"}
			}
		},
		{
			"from": [12.5, 3.4, 10.1],
			"to": [12.7, 3.6, 10.9],
			"faces": {
				"north": {"uv": [14, 9, 15, 10], "texture": "#0"},
				"east": {"uv": [14, 9, 15, 10], "texture": "#0"},
				"south": {"uv": [14, 9, 15, 10], "texture": "#0"},
				"west": {"uv": [14, 9, 15, 10], "texture": "#0"},
				"up": {"uv": [14, 9, 15, 10], "texture": "#0"},
				"down": {"uv": [14, 9, 15, 10], "texture": "#0"}
			}
		},
		{
			"from": [1, 3, 3],
			"to": [3.6, 3.1, 14],
			"faces": {
				"north": {"uv": [8.5, 0, 8, 1], "texture": "#0"},
				"east": {"uv": [8.5, 0, 8, 1], "texture": "#0"},
				"south": {"uv": [8.5, 0, 8, 1], "texture": "#0"},
				"west": {"uv": [8.5, 0, 8, 1], "texture": "#0"},
				"up": {"uv": [8.5, 0, 8, 1], "texture": "#0"},
				"down": {"uv": [8.5, 0, 8, 1], "texture": "#0"}
			}
		},
		{
			"from": [1, -1.1, 3],
			"to": [3.6, -1, 14],
			"faces": {
				"north": {"uv": [8.5, 0, 8, 1], "texture": "#0"},
				"east": {"uv": [8.5, 0, 8, 1], "texture": "#0"},
				"south": {"uv": [8.5, 0, 8, 1], "texture": "#0"},
				"west": {"uv": [8.5, 0, 8, 1], "texture": "#0"},
				"up": {"uv": [8.5, 0, 8, 1], "texture": "#0"},
				"down": {"uv": [8.5, 0, 8, 1], "texture": "#0"}
			}
		},
		{
			"from": [1, -1, 14],
			"to": [3.6, 3.1, 14.1],
			"faces": {
				"north": {"uv": [8, 0, 8.6, 1.1], "texture": "#0"},
				"east": {"uv": [8, 0, 8.6, 1.1], "texture": "#0"},
				"south": {"uv": [8, 0, 8.6, 1.1], "texture": "#0"},
				"west": {"uv": [8, 0, 8.6, 1.1], "texture": "#0"},
				"up": {"uv": [8, 0, 8.6, 1.1], "texture": "#0"},
				"down": {"uv": [8, 0, 8.6, 1.1], "texture": "#0"}
			}
		},
		{
			"from": [1, -1, 2.9],
			"to": [3.6, 3.1, 3],
			"faces": {
				"north": {"uv": [8, 0, 8.6, 1.1], "texture": "#0"},
				"east": {"uv": [8, 0, 8.6, 1.1], "texture": "#0"},
				"south": {"uv": [8, 0, 8.6, 1.1], "texture": "#0"},
				"west": {"uv": [8, 0, 8.6, 1.1], "texture": "#0"},
				"up": {"uv": [8, 0, 8.6, 1.1], "texture": "#0"},
				"down": {"uv": [8, 0, 8.6, 1.1], "texture": "#0"}
			}
		}
	],
	"gui_light": "front",
	"display": {
		"thirdperson_righthand": {
			"translation": [0, 2.5, 0],
			"scale": [0.3, 0.3, 0.3]
		},
		"firstperson_righthand": {
			"rotation": [65, 92, 0],
			"translation": [-2.5, 3.75, 4],
			"scale": [0.3, 0.3, 0.3]
		},
		"ground": {
			"translation": [0, -1, 0],
			"scale": [0.3, 0.3, 0.3]
		},
		"gui": {
			"rotation": [0, 90, 90]
		},
		"head": {
			"rotation": [-90, -90, 0],
			"translation": [0, -13, -6],
			"scale": [0.3, 0.3, 0.3]
		},
		"fixed": {
			"rotation": [0, -90, 90],
			"translation": [0, 0, -3.5],
			"scale": [0.5, 0.5, 0.5]
		}
	},
	"groups": [
		{
			"name": "bomb",
			"origin": [0, 0, 0],
			"color": 0,
			"children": [
				0,
				1,
				2,
				3,
				4,
				5,
				6,
				7,
				8,
				9,
				10,
				11,
				12,
				13,
				14,
				15,
				16,
				17,
				18,
				19,
				20,
				21,
				22,
				23,
				24,
				25,
				26,
				27,
				28,
				29,
				30,
				31,
				32,
				33,
				34,
				35,
				36,
				37,
				38,
				39,
				40,
				41,
				42,
				43,
				44,
				45,
				46,
				47,
				48,
				49,
				50,
				51,
				52,
				53,
				54,
				55,
				56,
				57,
				58,
				59,
				60,
				61,
				62,
				63,
				64,
				65,
				66,
				67,
				68,
				69,
				70,
				71,
				72,
				73,
				74,
				75,
				76,
				77,
				78,
				79,
				80,
				81,
				82,
				83
			]
		}
	]
}