{
	"credit": "Made with Blockbench",
	"textures": {
		"1": "item/knife"
	},
	"elements": [
		{
			"name": "Voxels",
			"from": [6.0952, 4.5714, -14.4762],
			"to": [9.90472, 5.3333, -12.95239],
			"faces": {
				"north": {"uv": [7.5, 10.75, 6.25, 11], "texture": "#1"},
				"east": {"uv": [16, 11.25, 15.5, 11.5], "texture": "#1"},
				"south": {"uv": [6.25, 11, 7.5, 11.25], "texture": "#1"},
				"west": {"uv": [5.75, 10.25, 6.25, 10.5], "texture": "#1"},
				"up": {"uv": [12.5, 13.25, 13.75, 12.75], "texture": "#1"},
				"down": {"uv": [1.5, 0, 2.75, 0.5], "texture": "#1"}
			}
		},
		{
			"name": "Voxels",
			"from": [6.0952, 5.3333, -14.4762],
			"to": [6.85711, 9.90473, -12.19049],
			"faces": {
				"north": {"uv": [5.75, 7.25, 5.5, 8.75], "texture": "#1"},
				"east": {"uv": [2.75, 6.25, 2, 7.75], "texture": "#1"},
				"south": {"uv": [5.5, 5.75, 5.75, 7.25], "texture": "#1"},
				"west": {"uv": [2, 7.75, 2.75, 9.25], "texture": "#1"},
				"up": {"uv": [11.25, 11, 11.5, 10.25], "texture": "#1"},
				"down": {"uv": [11.5, 10.25, 11.75, 11], "texture": "#1"}
			}
		},
		{
			"name": "Voxels",
			"from": [6.0952, 5.3333, -9.9048],
			"to": [9.90472, 6.0952, -9.14289],
			"faces": {
				"north": {"uv": [13, 11.25, 11.75, 11.5], "texture": "#1"},
				"east": {"uv": [10.5, 9.25, 10.25, 9.5], "texture": "#1"},
				"south": {"uv": [10.5, 11.25, 11.75, 11.5], "texture": "#1"},
				"west": {"uv": [10.5, 9.5, 10.75, 9.75], "texture": "#1"},
				"up": {"uv": [13, 11.5, 14.25, 11.25], "texture": "#1"},
				"down": {"uv": [14.25, 11.25, 15.5, 11.5], "texture": "#1"}
			}
		},
		{
			"name": "Voxels",
			"from": [6.0952, 5.3333, -9.1429],
			"to": [6.85711, 9.90473, -7.61909],
			"faces": {
				"north": {"uv": [5.5, 5.25, 5.25, 6.75], "texture": "#1"},
				"east": {"uv": [5, 10, 4.5, 11.5], "texture": "#1"},
				"south": {"uv": [3.5, 1.25, 3.75, 2.75], "texture": "#1"},
				"west": {"uv": [4.5, 5.5, 5, 7], "texture": "#1"},
				"up": {"uv": [6.5, 9.75, 6.75, 9.25], "texture": "#1"},
				"down": {"uv": [6.75, 9.25, 7, 9.75], "texture": "#1"}
			}
		},
		{
			"name": "Voxels",
			"from": [6.0952, 5.3333, 0.7619],
			"to": [9.90472, 10.66663, 1.52381],
			"faces": {
				"north": {"uv": [14, 14.25, 12.75, 16], "texture": "#1"},
				"east": {"uv": [5.25, 2.25, 5, 4], "texture": "#1"},
				"south": {"uv": [11.5, 14.25, 12.75, 16], "texture": "#1"},
				"west": {"uv": [5.25, 6.75, 5.5, 8.5], "texture": "#1"},
				"up": {"uv": [14, 14.5, 15.25, 14.25], "texture": "#1"},
				"down": {"uv": [9.25, 11.25, 10.5, 11.5], "texture": "#1"}
			}
		},
		{
			"name": "Voxels",
			"from": [6.0952, 6.0952, -12.1905],
			"to": [6.85711, 9.90472, -9.14288],
			"faces": {
				"north": {"uv": [5.75, 2, 5.5, 3.25], "texture": "#1"},
				"east": {"uv": [3.75, 5.25, 2.75, 6.5], "texture": "#1"},
				"south": {"uv": [5.5, 3.25, 5.75, 4.5], "texture": "#1"},
				"west": {"uv": [2.75, 11.5, 3.75, 12.75], "texture": "#1"},
				"up": {"uv": [9, 11.25, 9.25, 10.25], "texture": "#1"},
				"down": {"uv": [8.75, 10.25, 9, 11.25], "texture": "#1"}
			}
		},
		{
			"name": "Voxels",
			"from": [6.0952, 6.0952, -7.619],
			"to": [6.85711, 9.90472, 0.76195],
			"faces": {
				"north": {"uv": [5.75, 4.5, 5.5, 5.75], "texture": "#1"},
				"east": {"uv": [8.75, 14.75, 6, 16], "texture": "#1"},
				"south": {"uv": [3.5, 0, 3.75, 1.25], "texture": "#1"},
				"west": {"uv": [8.75, 14.75, 11.5, 16], "texture": "#1"},
				"up": {"uv": [4.75, 2.75, 5, 0], "texture": "#1"},
				"down": {"uv": [4.75, 2.75, 5, 5.5], "texture": "#1"}
			}
		},
		{
			"name": "Voxels",
			"from": [6.8571, 3.8095, -14.4762],
			"to": [9.14282, 4.57141, -12.95239],
			"faces": {
				"north": {"uv": [15.25, 11.75, 14.5, 12], "texture": "#1"},
				"east": {"uv": [16, 13.25, 15.5, 13.5], "texture": "#1"},
				"south": {"uv": [8.5, 11.5, 9.25, 11.75], "texture": "#1"},
				"west": {"uv": [15.5, 11, 16, 11.25], "texture": "#1"},
				"up": {"uv": [10, 13.25, 10.75, 12.75], "texture": "#1"},
				"down": {"uv": [0.75, 0, 1.5, 0.5], "texture": "#1"}
			}
		},
		{
			"name": "Voxels",
			"from": [6.8571, 4.5714, -15.2381],
			"to": [9.14282, 9.90473, -14.4762],
			"faces": {
				"north": {"uv": [2.75, 11, 2, 12.75], "texture": "#1"},
				"east": {"uv": [5.25, 4, 5, 5.75], "texture": "#1"},
				"south": {"uv": [0.75, 0.5, 1.5, 2.25], "texture": "#1"},
				"west": {"uv": [5, 5.75, 5.25, 7.5], "texture": "#1"},
				"up": {"uv": [6.5, 10, 7.25, 9.75], "texture": "#1"},
				"down": {"uv": [8.75, 9.75, 9.5, 10], "texture": "#1"}
			}
		},
		{
			"name": "Voxels",
			"from": [6.8571, 4.5714, -12.9524],
			"to": [9.14282, 6.09521, -12.19049],
			"faces": {
				"north": {"uv": [10.75, 11.5, 10, 12], "texture": "#1"},
				"east": {"uv": [6.5, 0.25, 6.25, 0.75], "texture": "#1"},
				"south": {"uv": [10.75, 11.5, 11.5, 12], "texture": "#1"},
				"west": {"uv": [6.25, 0.75, 6.5, 1.25], "texture": "#1"},
				"up": {"uv": [14.75, 10.25, 15.5, 10], "texture": "#1"},
				"down": {"uv": [11.75, 10, 12.5, 10.25], "texture": "#1"}
			}
		},
		{
			"name": "Voxels",
			"from": [6.8571, 4.5714, -9.9048],
			"to": [9.14282, 5.3333, -7.61908],
			"faces": {
				"north": {"uv": [14.75, 10, 14, 10.25], "texture": "#1"},
				"east": {"uv": [11.75, 10, 11, 10.25], "texture": "#1"},
				"south": {"uv": [13.25, 10, 14, 10.25], "texture": "#1"},
				"west": {"uv": [12.5, 10, 13.25, 10.25], "texture": "#1"},
				"up": {"uv": [10.75, 12.75, 11.5, 12], "texture": "#1"},
				"down": {"uv": [3.75, 0, 4.5, 0.75], "texture": "#1"}
			}
		},
		{
			"name": "Voxels",
			"from": [6.8571, 4.5714, 0.7619],
			"to": [9.14282, 5.3333, 1.52381],
			"faces": {
				"north": {"uv": [9.5, 10, 8.75, 10.25], "texture": "#1"},
				"east": {"uv": [13, 9.5, 12.75, 9.75], "texture": "#1"},
				"south": {"uv": [6.5, 10, 7.25, 10.25], "texture": "#1"},
				"west": {"uv": [13, 9.25, 13.25, 9.5], "texture": "#1"},
				"up": {"uv": [9.5, 10.25, 10.25, 10], "texture": "#1"},
				"down": {"uv": [10.25, 10, 11, 10.25], "texture": "#1"}
			}
		},
		{
			"name": "Voxels",
			"from": [6.8571, 5.3333, -12.1905],
			"to": [9.14282, 6.0952, -9.90478],
			"faces": {
				"north": {"uv": [14.5, 10.25, 13.75, 10.5], "texture": "#1"},
				"east": {"uv": [14.5, 10.5, 13.75, 10.75], "texture": "#1"},
				"south": {"uv": [13, 10.25, 13.75, 10.5], "texture": "#1"},
				"west": {"uv": [7.75, 11.5, 8.5, 11.75], "texture": "#1"},
				"up": {"uv": [9.25, 12.75, 10, 12], "texture": "#1"},
				"down": {"uv": [2, 5.5, 2.75, 6.25], "texture": "#1"}
			}
		},
		{
			"name": "Voxels",
			"from": [6.8571, 5.3333, -8.381],
			"to": [9.90472, 6.0952, -7.61909],
			"faces": {
				"north": {"uv": [10.25, 11, 9.25, 11.25], "texture": "#1"},
				"east": {"uv": [10, 9.5, 9.75, 9.75], "texture": "#1"},
				"south": {"uv": [9.25, 10.75, 10.25, 11], "texture": "#1"},
				"west": {"uv": [10.5, 9.25, 10.75, 9.5], "texture": "#1"},
				"up": {"uv": [7.5, 10.5, 8.5, 10.25], "texture": "#1"},
				"down": {"uv": [7.5, 10.5, 8.5, 10.75], "texture": "#1"}
			}
		},
		{
			"name": "Voxels",
			"from": [6.8571, 5.3333, -7.619],
			"to": [9.14282, 6.0952, 0.76195],
			"faces": {
				"north": {"uv": [13.75, 10.5, 13, 10.75], "texture": "#1"},
				"east": {"uv": [8.75, 14.5, 6, 14.75], "texture": "#1"},
				"south": {"uv": [12.25, 10.5, 13, 10.75], "texture": "#1"},
				"west": {"uv": [8.75, 14.25, 11.5, 14.5], "texture": "#1"},
				"up": {"uv": [0.75, 8.5, 1.5, 5.75], "texture": "#1"},
				"down": {"uv": [0.75, 8.5, 1.5, 11.25], "texture": "#1"}
			}
		},
		{
			"name": "Voxels",
			"from": [6.8571, 5.3333, 1.5238],
			"to": [9.14282, 10.66663, 2.28571],
			"faces": {
				"north": {"uv": [1.5, 4, 0.75, 5.75], "texture": "#1"},
				"east": {"uv": [5.25, 0.5, 5, 2.25], "texture": "#1"},
				"south": {"uv": [2, 9.25, 2.75, 11], "texture": "#1"},
				"west": {"uv": [5.25, 8.5, 5.5, 10.25], "texture": "#1"},
				"up": {"uv": [12.25, 11.25, 13, 11], "texture": "#1"},
				"down": {"uv": [6, 11.5, 6.75, 11.75], "texture": "#1"}
			}
		},
		{
			"name": "Voxels",
			"from": [6.8571, 5.3333, 3.0476],
			"to": [9.14282, 10.66663, 12.19046],
			"faces": {
				"north": {"uv": [1.5, 2.25, 0.75, 4], "texture": "#1"},
				"east": {"uv": [6, 14.25, 3, 16], "texture": "#1"},
				"south": {"uv": [15.25, 14.25, 16, 16], "texture": "#1"},
				"west": {"uv": [0, 14.25, 3, 16], "texture": "#1"},
				"up": {"uv": [0, 4.25, 0.75, 1.25], "texture": "#1"},
				"down": {"uv": [0.75, 11.25, 1.5, 14.25], "texture": "#1"}
			}
		},
		{
			"name": "Voxels",
			"from": [6.8571, 6.0952, -4.5714],
			"to": [9.90472, 6.85711, -2.28568],
			"faces": {
				"north": {"uv": [10.25, 10.5, 9.25, 10.75], "texture": "#1"},
				"east": {"uv": [8.75, 10, 8, 10.25], "texture": "#1"},
				"south": {"uv": [9.25, 10.25, 10.25, 10.5], "texture": "#1"},
				"west": {"uv": [15.25, 11.5, 16, 11.75], "texture": "#1"},
				"up": {"uv": [6.75, 12.75, 7.75, 12], "texture": "#1"},
				"down": {"uv": [11.5, 13, 12.5, 13.75], "texture": "#1"}
			}
		},
		{
			"name": "Voxels",
			"from": [6.8571, 6.0952, -1.5238],
			"to": [9.90472, 6.85711, 0.00001],
			"faces": {
				"north": {"uv": [12.25, 11, 11.25, 11.25], "texture": "#1"},
				"east": {"uv": [16, 13.5, 15.5, 13.75], "texture": "#1"},
				"south": {"uv": [15, 14, 16, 14.25], "texture": "#1"},
				"west": {"uv": [15.5, 10.75, 16, 11], "texture": "#1"},
				"up": {"uv": [14.75, 13.25, 15.75, 12.75], "texture": "#1"},
				"down": {"uv": [13.75, 12.75, 14.75, 13.25], "texture": "#1"}
			}
		},
		{
			"name": "Voxels",
			"from": [6.8571, 6.0952, 2.2857],
			"to": [9.14282, 9.90472, 3.04761],
			"faces": {
				"north": {"uv": [4.5, 3.25, 3.75, 4.5], "texture": "#1"},
				"east": {"uv": [6.5, 6.5, 6.25, 7.75], "texture": "#1"},
				"south": {"uv": [5.25, 11.5, 6, 12.75], "texture": "#1"},
				"west": {"uv": [5.75, 0.25, 6, 1.5], "texture": "#1"},
				"up": {"uv": [14.75, 10.75, 15.5, 10.5], "texture": "#1"},
				"down": {"uv": [7.25, 10, 8, 10.25], "texture": "#1"}
			}
		},
		{
			"name": "Voxels",
			"from": [6.8571, 6.0952, 12.1905],
			"to": [9.14282, 10.66663, 16.00002],
			"faces": {
				"north": {"uv": [3.5, 1.25, 2.75, 2.75], "texture": "#1"},
				"east": {"uv": [15.25, 14.5, 14, 16], "texture": "#1"},
				"south": {"uv": [3.75, 11.25, 4.5, 12.75], "texture": "#1"},
				"west": {"uv": [1.5, 12.75, 2.75, 14.25], "texture": "#1"},
				"up": {"uv": [3.75, 2, 4.5, 0.75], "texture": "#1"},
				"down": {"uv": [4.5, 11.5, 5.25, 12.75], "texture": "#1"}
			}
		},
		{
			"name": "Voxels",
			"from": [6.8571, 6.0952, 16],
			"to": [9.14282, 9.90472, 19.80952],
			"faces": {
				"north": {"uv": [4.5, 7, 3.75, 8.25], "texture": "#1"},
				"east": {"uv": [2.75, 0.5, 1.5, 1.75], "texture": "#1"},
				"south": {"uv": [3.75, 5.75, 4.5, 7], "texture": "#1"},
				"west": {"uv": [1.5, 1.75, 2.75, 3], "texture": "#1"},
				"up": {"uv": [2.75, 1.25, 3.5, 0], "texture": "#1"},
				"down": {"uv": [3.75, 2, 4.5, 3.25], "texture": "#1"}
			}
		},
		{
			"name": "Voxels",
			"from": [6.8571, 6.8571, 19.8095],
			"to": [9.14282, 9.90472, 24.38093],
			"faces": {
				"north": {"uv": [11.5, 12.75, 10.75, 13.75], "texture": "#1"},
				"east": {"uv": [5.75, 12.75, 4.25, 13.75], "texture": "#1"},
				"south": {"uv": [6, 11.75, 6.75, 12.75], "texture": "#1"},
				"west": {"uv": [2.75, 12.75, 4.25, 13.75], "texture": "#1"},
				"up": {"uv": [3.75, 9.75, 4.5, 8.25], "texture": "#1"},
				"down": {"uv": [3.75, 9.75, 4.5, 11.25], "texture": "#1"}
			}
		},
		{
			"name": "Voxels",
			"from": [6.8571, 6.8571, 24.381],
			"to": [9.14282, 9.14282, 25.90481],
			"faces": {
				"north": {"uv": [12.25, 12, 11.5, 12.75], "texture": "#1"},
				"east": {"uv": [3.75, 6.5, 3.25, 7.25], "texture": "#1"},
				"south": {"uv": [12.25, 12, 13, 12.75], "texture": "#1"},
				"west": {"uv": [5.75, 10.5, 6.25, 11.25], "texture": "#1"},
				"up": {"uv": [9.25, 12, 10, 11.5], "texture": "#1"},
				"down": {"uv": [6.75, 11.5, 7.5, 12], "texture": "#1"}
			}
		},
		{
			"name": "Voxels",
			"from": [6.8571, 7.619, 25.9048],
			"to": [9.14282, 9.14281, 28.19051],
			"faces": {
				"north": {"uv": [12.25, 11.5, 11.5, 12], "texture": "#1"},
				"east": {"uv": [14.5, 11.5, 13.75, 12], "texture": "#1"},
				"south": {"uv": [12.25, 11.5, 13, 12], "texture": "#1"},
				"west": {"uv": [13, 11.5, 13.75, 12], "texture": "#1"},
				"up": {"uv": [13.75, 12.75, 14.5, 12], "texture": "#1"},
				"down": {"uv": [13, 12, 13.75, 12.75], "texture": "#1"}
			}
		},
		{
			"name": "Voxels",
			"from": [6.8571, 8.381, 28.1905],
			"to": [9.14282, 9.1429, 30.47621],
			"faces": {
				"north": {"uv": [15.5, 10.75, 14.75, 11], "texture": "#1"},
				"east": {"uv": [13.75, 10.75, 13, 11], "texture": "#1"},
				"south": {"uv": [13.75, 10.75, 14.5, 11], "texture": "#1"},
				"west": {"uv": [13.75, 11, 14.5, 11.25], "texture": "#1"},
				"up": {"uv": [10, 12.75, 10.75, 12], "texture": "#1"},
				"down": {"uv": [14.5, 12, 15.25, 12.75], "texture": "#1"}
			}
		},
		{
			"name": "Voxels",
			"from": [6.8571, 9.1429, -14.4762],
			"to": [9.90472, 9.9048, -13.7143],
			"faces": {
				"north": {"uv": [8.5, 11, 7.5, 11.25], "texture": "#1"},
				"east": {"uv": [11.5, 9.25, 11.25, 9.5], "texture": "#1"},
				"south": {"uv": [7.5, 10.75, 8.5, 11], "texture": "#1"},
				"west": {"uv": [12.75, 9.75, 13, 10], "texture": "#1"},
				"up": {"uv": [11.5, 13, 12.5, 12.75], "texture": "#1"},
				"down": {"uv": [15, 13.75, 16, 14], "texture": "#1"}
			}
		},
		{
			"name": "Voxels",
			"from": [6.8571, 9.9048, -14.4762],
			"to": [9.14282, 10.6667, 0.7619],
			"faces": {
				"north": {"uv": [8.75, 9.75, 8, 10], "texture": "#1"},
				"east": {"uv": [10.75, 13.5, 5.75, 13.75], "texture": "#1"},
				"south": {"uv": [7.25, 9.75, 8, 10], "texture": "#1"},
				"west": {"uv": [5.75, 13.25, 10.75, 13.5], "texture": "#1"},
				"up": {"uv": [0, 14.25, 0.75, 9.25], "texture": "#1"},
				"down": {"uv": [0, 4.25, 0.75, 9.25], "texture": "#1"}
			}
		},
		{
			"name": "Voxels",
			"from": [6.8571, 10.6667, 0.7619],
			"to": [9.14282, 11.4286, 1.52381],
			"faces": {
				"north": {"uv": [13.75, 11, 13, 11.25], "texture": "#1"},
				"east": {"uv": [12.75, 9.25, 12.5, 9.5], "texture": "#1"},
				"south": {"uv": [12.25, 10.75, 13, 11], "texture": "#1"},
				"west": {"uv": [12.5, 9.5, 12.75, 9.75], "texture": "#1"},
				"up": {"uv": [12.25, 10.5, 13, 10.25], "texture": "#1"},
				"down": {"uv": [14.5, 11.5, 15.25, 11.75], "texture": "#1"}
			}
		},
		{
			"name": "Voxels",
			"from": [7.619, 2.2857, 0],
			"to": [8.38091, 3.04761, 1.52381],
			"faces": {
				"north": {"uv": [13.5, 9.5, 13.25, 9.75], "texture": "#1"},
				"east": {"uv": [10, 9.75, 9.5, 10], "texture": "#1"},
				"south": {"uv": [13.25, 9.25, 13.5, 9.5], "texture": "#1"},
				"west": {"uv": [15.5, 10, 16, 10.25], "texture": "#1"},
				"up": {"uv": [7.25, 9.75, 7.5, 9.25], "texture": "#1"},
				"down": {"uv": [7, 9.25, 7.25, 9.75], "texture": "#1"}
			}
		},
		{
			"name": "Voxels",
			"from": [7.619, 3.0476, 0.7619],
			"to": [8.38091, 4.57141, 1.52381],
			"faces": {
				"north": {"uv": [16, 12.75, 15.75, 13.25], "texture": "#1"},
				"east": {"uv": [15.75, 10.25, 15.5, 10.75], "texture": "#1"},
				"south": {"uv": [7.5, 11.5, 7.75, 12], "texture": "#1"},
				"west": {"uv": [5, 0, 5.25, 0.5], "texture": "#1"},
				"up": {"uv": [14.5, 10.5, 14.75, 10.25], "texture": "#1"},
				"down": {"uv": [13.75, 9.25, 14, 9.5], "texture": "#1"}
			}
		},
		{
			"name": "Voxels",
			"from": [7.619, 4.5714, 1.5238],
			"to": [8.38091, 5.3333, 2.28571],
			"faces": {
				"north": {"uv": [11.5, 9.75, 11.25, 10], "texture": "#1"},
				"east": {"uv": [12.75, 9.75, 12.5, 10], "texture": "#1"},
				"south": {"uv": [12, 9.75, 12.25, 10], "texture": "#1"},
				"west": {"uv": [12.25, 9.75, 12.5, 10], "texture": "#1"},
				"up": {"uv": [11, 10, 11.25, 9.75], "texture": "#1"},
				"down": {"uv": [5.75, 0, 6, 0.25], "texture": "#1"}
			}
		},
		{
			"name": "Voxels",
			"from": [7.619, 4.5714, 3.0476],
			"to": [8.38091, 5.3333, 25.14284],
			"faces": {
				"north": {"uv": [14.75, 9.75, 14.5, 10], "texture": "#1"},
				"east": {"uv": [10, 14, 2.75, 14.25], "texture": "#1"},
				"south": {"uv": [14.75, 9.75, 15, 10], "texture": "#1"},
				"west": {"uv": [2.75, 13.75, 10, 14], "texture": "#1"},
				"up": {"uv": [1.5, 12.75, 1.75, 5.5], "texture": "#1"},
				"down": {"uv": [1.75, 5.5, 2, 12.75], "texture": "#1"}
			}
		},
		{
			"name": "Voxels",
			"from": [7.619, 5.3333, 2.2857],
			"to": [8.38091, 6.0952, 3.04761],
			"faces": {
				"north": {"uv": [15.5, 9.75, 15.25, 10], "texture": "#1"},
				"east": {"uv": [9, 9.5, 8.75, 9.75], "texture": "#1"},
				"south": {"uv": [15.5, 9.75, 15.75, 10], "texture": "#1"},
				"west": {"uv": [15.75, 9.75, 16, 10], "texture": "#1"},
				"up": {"uv": [15, 10, 15.25, 9.75], "texture": "#1"},
				"down": {"uv": [9.25, 9.25, 9.5, 9.5], "texture": "#1"}
			}
		},
		{
			"name": "Voxels",
			"from": [7.619, 5.3333, 12.1905],
			"to": [8.38091, 6.0952, 27.42859],
			"faces": {
				"north": {"uv": [9, 9.25, 8.75, 9.5], "texture": "#1"},
				"east": {"uv": [15, 13.75, 10, 14], "texture": "#1"},
				"south": {"uv": [9, 9.5, 9.25, 9.75], "texture": "#1"},
				"west": {"uv": [10, 14, 15, 14.25], "texture": "#1"},
				"up": {"uv": [2.75, 11.5, 3, 6.5], "texture": "#1"},
				"down": {"uv": [3, 6.5, 3.25, 11.5], "texture": "#1"}
			}
		},
		{
			"name": "Voxels",
			"from": [7.619, 6.0952, 19.8095],
			"to": [8.38091, 6.85711, 28.95236],
			"faces": {
				"north": {"uv": [9.25, 9.25, 9, 9.5], "texture": "#1"},
				"east": {"uv": [15.5, 13.5, 12.5, 13.75], "texture": "#1"},
				"south": {"uv": [9.25, 9.5, 9.5, 9.75], "texture": "#1"},
				"west": {"uv": [12.5, 13.25, 15.5, 13.5], "texture": "#1"},
				"up": {"uv": [4.5, 10, 4.75, 7], "texture": "#1"},
				"down": {"uv": [4.75, 7, 5, 10], "texture": "#1"}
			}
		},
		{
			"name": "Voxels",
			"from": [7.619, 6.8571, 25.9048],
			"to": [8.38091, 7.61901, 29.71432],
			"faces": {
				"north": {"uv": [9.75, 9.5, 9.5, 9.75], "texture": "#1"},
				"east": {"uv": [7.5, 10.25, 6.25, 10.5], "texture": "#1"},
				"south": {"uv": [9.5, 9.25, 9.75, 9.5], "texture": "#1"},
				"west": {"uv": [6.25, 10.5, 7.5, 10.75], "texture": "#1"},
				"up": {"uv": [5.75, 2.75, 6, 1.5], "texture": "#1"},
				"down": {"uv": [5.75, 9, 6, 10.25], "texture": "#1"}
			}
		},
		{
			"name": "Voxels",
			"from": [7.619, 7.619, 28.1905],
			"to": [8.38091, 8.38091, 30.47621],
			"faces": {
				"north": {"uv": [10, 9.25, 9.75, 9.5], "texture": "#1"},
				"east": {"uv": [15.5, 10.25, 14.75, 10.5], "texture": "#1"},
				"south": {"uv": [10, 9.5, 10.25, 9.75], "texture": "#1"},
				"west": {"uv": [14.75, 11, 15.5, 11.25], "texture": "#1"},
				"up": {"uv": [14.5, 11.25, 14.75, 10.5], "texture": "#1"},
				"down": {"uv": [12, 10.25, 12.25, 11], "texture": "#1"}
			}
		},
		{
			"name": "Voxels",
			"from": [7.619, 8.381, 30.4762],
			"to": [8.38091, 9.90481, 31.23811],
			"faces": {
				"north": {"uv": [16, 10.25, 15.75, 10.75], "texture": "#1"},
				"east": {"uv": [6.5, 1.75, 6.25, 2.25], "texture": "#1"},
				"south": {"uv": [6.25, 1.25, 6.5, 1.75], "texture": "#1"},
				"west": {"uv": [6.25, 2.25, 6.5, 2.75], "texture": "#1"},
				"up": {"uv": [10.25, 9.75, 10.5, 9.5], "texture": "#1"},
				"down": {"uv": [10, 9.25, 10.25, 9.5], "texture": "#1"}
			}
		},
		{
			"name": "Voxels",
			"from": [7.619, 9.1429, 24.381],
			"to": [8.38091, 9.9048, 30.47624],
			"faces": {
				"north": {"uv": [11.25, 9.5, 11, 9.75], "texture": "#1"},
				"east": {"uv": [9.25, 11.25, 7.25, 11.5], "texture": "#1"},
				"south": {"uv": [11, 9.25, 11.25, 9.5], "texture": "#1"},
				"west": {"uv": [5.25, 11.25, 7.25, 11.5], "texture": "#1"},
				"up": {"uv": [5, 9.5, 5.25, 7.5], "texture": "#1"},
				"down": {"uv": [5, 9.5, 5.25, 11.5], "texture": "#1"}
			}
		},
		{
			"name": "Voxels",
			"from": [7.619, 9.9048, 2.2857],
			"to": [8.38091, 10.6667, 3.04761],
			"faces": {
				"north": {"uv": [12, 9.25, 11.75, 9.5], "texture": "#1"},
				"east": {"uv": [12.5, 9.25, 12.25, 9.5], "texture": "#1"},
				"south": {"uv": [12, 9.5, 12.25, 9.75], "texture": "#1"},
				"west": {"uv": [12.25, 9.5, 12.5, 9.75], "texture": "#1"},
				"up": {"uv": [11.75, 9.75, 12, 9.5], "texture": "#1"},
				"down": {"uv": [11.25, 9.5, 11.5, 9.75], "texture": "#1"}
			}
		},
		{
			"name": "Voxels",
			"from": [7.619, 9.9048, 16],
			"to": [8.38091, 10.6667, 24.38095],
			"faces": {
				"north": {"uv": [13, 9.25, 12.75, 9.5], "texture": "#1"},
				"east": {"uv": [11.5, 14.5, 8.75, 14.75], "texture": "#1"},
				"south": {"uv": [13, 9.5, 13.25, 9.75], "texture": "#1"},
				"west": {"uv": [6, 14.25, 8.75, 14.5], "texture": "#1"},
				"up": {"uv": [4.5, 5.5, 4.75, 2.75], "texture": "#1"},
				"down": {"uv": [4.5, 0, 4.75, 2.75], "texture": "#1"}
			}
		},
		{
			"name": "Voxels",
			"from": [7.619, 10.6667, 1.5238],
			"to": [8.38091, 11.4286, 2.28571],
			"faces": {
				"north": {"uv": [14, 9.5, 13.75, 9.75], "texture": "#1"},
				"east": {"uv": [14.5, 9.25, 14.25, 9.5], "texture": "#1"},
				"south": {"uv": [12, 9.25, 12.25, 9.5], "texture": "#1"},
				"west": {"uv": [14.25, 9.5, 14.5, 9.75], "texture": "#1"},
				"up": {"uv": [13.5, 9.5, 13.75, 9.25], "texture": "#1"},
				"down": {"uv": [13.5, 9.5, 13.75, 9.75], "texture": "#1"}
			}
		},
		{
			"name": "Voxels",
			"from": [7.619, 10.6667, 3.0476],
			"to": [8.38091, 11.4286, 15.99998],
			"faces": {
				"north": {"uv": [6.25, 0, 6, 0.25], "texture": "#1"},
				"east": {"uv": [10, 13, 5.75, 13.25], "texture": "#1"},
				"south": {"uv": [6.25, 0, 6.5, 0.25], "texture": "#1"},
				"west": {"uv": [5.75, 12.75, 10, 13], "texture": "#1"},
				"up": {"uv": [3.5, 11.5, 3.75, 7.25], "texture": "#1"},
				"down": {"uv": [3.25, 7.25, 3.5, 11.5], "texture": "#1"}
			}
		},
		{
			"name": "Voxels",
			"from": [7.619, 11.4286, 0.7619],
			"to": [8.38091, 13.71431, 1.52381],
			"faces": {
				"north": {"uv": [6.5, 5.75, 6.25, 6.5], "texture": "#1"},
				"east": {"uv": [5.75, 0, 5.5, 0.75], "texture": "#1"},
				"south": {"uv": [6.25, 5, 6.5, 5.75], "texture": "#1"},
				"west": {"uv": [6.25, 4.25, 6.5, 5], "texture": "#1"},
				"up": {"uv": [11.75, 10, 12, 9.75], "texture": "#1"},
				"down": {"uv": [11.5, 9.75, 11.75, 10], "texture": "#1"}
			}
		},
		{
			"name": "Voxels",
			"from": [7.619, 12.9524, 1.5238],
			"to": [8.38091, 13.7143, 2.28571],
			"faces": {
				"north": {"uv": [13.75, 9.75, 13.5, 10], "texture": "#1"},
				"east": {"uv": [14.5, 9.75, 14.25, 10], "texture": "#1"},
				"south": {"uv": [13.75, 9.75, 14, 10], "texture": "#1"},
				"west": {"uv": [14, 9.75, 14.25, 10], "texture": "#1"},
				"up": {"uv": [13.25, 10, 13.5, 9.75], "texture": "#1"},
				"down": {"uv": [13, 9.75, 13.25, 10], "texture": "#1"}
			}
		},
		{
			"name": "Voxels",
			"from": [9.1429, 5.3333, -14.4762],
			"to": [9.9048, 9.14282, -12.19049],
			"faces": {
				"north": {"uv": [6.25, 9, 6, 10.25], "texture": "#1"},
				"east": {"uv": [4.5, 4.5, 3.75, 5.75], "texture": "#1"},
				"south": {"uv": [6, 7.75, 6.25, 9], "texture": "#1"},
				"west": {"uv": [0, 0, 0.75, 1.25], "texture": "#1"},
				"up": {"uv": [6.25, 3.5, 6.5, 2.75], "texture": "#1"},
				"down": {"uv": [6.25, 3.5, 6.5, 4.25], "texture": "#1"}
			}
		},
		{
			"name": "Voxels",
			"from": [9.1429, 5.3333, -9.1429],
			"to": [9.9048, 9.90473, -8.38099],
			"faces": {
				"north": {"uv": [5.75, 8.75, 5.5, 10.25], "texture": "#1"},
				"east": {"uv": [5.5, 3.75, 5.25, 5.25], "texture": "#1"},
				"south": {"uv": [5.25, 0.75, 5.5, 2.25], "texture": "#1"},
				"west": {"uv": [5.25, 2.25, 5.5, 3.75], "texture": "#1"},
				"up": {"uv": [8.5, 9.5, 8.75, 9.25], "texture": "#1"},
				"down": {"uv": [8.5, 9.5, 8.75, 9.75], "texture": "#1"}
			}
		},
		{
			"name": "Voxels",
			"from": [9.1429, 6.0952, -12.1905],
			"to": [9.9048, 9.90472, -9.14288],
			"faces": {
				"north": {"uv": [6.25, 0.25, 6, 1.5], "texture": "#1"},
				"east": {"uv": [3.75, 4, 2.75, 5.25], "texture": "#1"},
				"south": {"uv": [6.25, 9, 6.5, 10.25], "texture": "#1"},
				"west": {"uv": [2.75, 2.75, 3.75, 4], "texture": "#1"},
				"up": {"uv": [8.5, 11.25, 8.75, 10.25], "texture": "#1"},
				"down": {"uv": [15.75, 11.75, 16, 12.75], "texture": "#1"}
			}
		},
		{
			"name": "Voxels",
			"from": [9.1429, 6.0952, -8.381],
			"to": [9.9048, 9.90472, -4.57148],
			"faces": {
				"north": {"uv": [6, 2.75, 5.75, 4], "texture": "#1"},
				"east": {"uv": [2.75, 4.25, 1.5, 5.5], "texture": "#1"},
				"south": {"uv": [5.75, 7.75, 6, 9], "texture": "#1"},
				"west": {"uv": [1.5, 3, 2.75, 4.25], "texture": "#1"},
				"up": {"uv": [5.5, 2, 5.75, 0.75], "texture": "#1"},
				"down": {"uv": [6.25, 7.75, 6.5, 9], "texture": "#1"}
			}
		},
		{
			"name": "Voxels",
			"from": [9.1429, 6.0952, -2.2857],
			"to": [9.9048, 9.90472, -1.52379],
			"faces": {
				"north": {"uv": [6, 6.5, 5.75, 7.75], "texture": "#1"},
				"east": {"uv": [6.25, 6.5, 6, 7.75], "texture": "#1"},
				"south": {"uv": [5.75, 5.25, 6, 6.5], "texture": "#1"},
				"west": {"uv": [5.75, 4, 6, 5.25], "texture": "#1"},
				"up": {"uv": [10.75, 9.5, 11, 9.25], "texture": "#1"},
				"down": {"uv": [10.75, 9.5, 11, 9.75], "texture": "#1"}
			}
		},
		{
			"name": "Voxels",
			"from": [9.1429, 6.0952, 0],
			"to": [9.9048, 9.90472, 0.7619],
			"faces": {
				"north": {"uv": [6.25, 5.25, 6, 6.5], "texture": "#1"},
				"east": {"uv": [6.25, 1.5, 6, 2.75], "texture": "#1"},
				"south": {"uv": [6, 4, 6.25, 5.25], "texture": "#1"},
				"west": {"uv": [6, 2.75, 6.25, 4], "texture": "#1"},
				"up": {"uv": [11.5, 9.5, 11.75, 9.25], "texture": "#1"},
				"down": {"uv": [11.5, 9.5, 11.75, 9.75], "texture": "#1"}
			}
		},
		{
			"name": "Voxels",
			"from": [9.1429, 6.8571, -4.5714],
			"to": [9.9048, 9.90472, -2.28568],
			"faces": {
				"north": {"uv": [10.5, 10.25, 10.25, 11.25], "texture": "#1"},
				"east": {"uv": [9.25, 11.75, 8.5, 12.75], "texture": "#1"},
				"south": {"uv": [10.5, 10.25, 10.75, 11.25], "texture": "#1"},
				"west": {"uv": [7.75, 11.75, 8.5, 12.75], "texture": "#1"},
				"up": {"uv": [5.25, 0.75, 5.5, 0], "texture": "#1"},
				"down": {"uv": [11.75, 10.25, 12, 11], "texture": "#1"}
			}
		},
		{
			"name": "Voxels",
			"from": [9.1429, 6.8571, -1.5238],
			"to": [9.9048, 9.90472, 0.00001],
			"faces": {
				"north": {"uv": [11, 10.25, 10.75, 11.25], "texture": "#1"},
				"east": {"uv": [15.75, 11.75, 15.25, 12.75], "texture": "#1"},
				"south": {"uv": [11, 10.25, 11.25, 11.25], "texture": "#1"},
				"west": {"uv": [5.25, 10.25, 5.75, 11.25], "texture": "#1"},
				"up": {"uv": [7.75, 9.75, 8, 9.25], "texture": "#1"},
				"down": {"uv": [7.5, 9.25, 7.75, 9.75], "texture": "#1"}
			}
		},
		{
			"name": "Voxels",
			"from": [9.1429, 9.1429, -13.7143],
			"to": [9.9048, 9.9048, -12.19049],
			"faces": {
				"north": {"uv": [14.25, 9.5, 14, 9.75], "texture": "#1"},
				"east": {"uv": [11, 9.75, 10.5, 10], "texture": "#1"},
				"south": {"uv": [14, 9.25, 14.25, 9.5], "texture": "#1"},
				"west": {"uv": [10, 9.75, 10.5, 10], "texture": "#1"},
				"up": {"uv": [8.25, 9.75, 8.5, 9.25], "texture": "#1"},
				"down": {"uv": [8, 9.25, 8.25, 9.75], "texture": "#1"}
			}
		}
	],
	"display": {
		"thirdperson_righthand": {
			"rotation": [-79, 0, 180],
			"translation": [0, 2, 2.3913],
			"scale": [0.226, 0.226, 0.226]
		},
		"thirdperson_lefthand": {
			"rotation": [-79, 0, 180],
			"translation": [0, 2, 2.3913],
			"scale": [0.226, 0.226, 0.226]
		},
		"firstperson_righthand": {
			"rotation": [-90, 0, -184],
			"translation": [4.8701, 4.1758, -4.172],
			"scale": [0.4434, 0.4434, 0.4434]
		},
		"firstperson_lefthand": {
			"rotation": [-90, 0, -184],
			"translation": [4.8701, 4.1758, -4.172],
			"scale": [0.4434, 0.4434, 0.4434]
		},
		"ground": {
			"rotation": [90, -90, 0],
			"scale": [0.2369, 0.2369, 0.2369]
		},
		"gui": {
			"rotation": [-93, 45, 82],
			"scale": [0.3739, 0.3739, 0.3739]
		},
		"head": {
			"rotation": [43, 0, 0],
			"translation": [0, 5.5652, -6.26],
			"scale": [0.6173, 0.6173, 0.6173]
		},
		"fixed": {
			"rotation": [-74, 0, -89],
			"translation": [0, -4.5, -3.75],
			"scale": [0.5, 0.5, 0.5]
		}
	}
}