{
	"credit": "Made with Blockbench",
	"textures": {
		"0": "block/HYPERPC",
		"1": "block/matrix",
		"particle": "block/HYPERPC"
	},
	"elements": [
		{
			"name": "hexadecagon",
			"from": [7.5, 7.80109, 7],
			"to": [13, 8.19891, 9],
			"rotation": {"angle": -45, "axis": "x", "origin": [8, 8, 8]},
			"faces": {
				"north": {"uv": [3, 0, 5.5, 1.5], "texture": "#0"},
				"east": {"uv": [3, 0, 4.5, 1.5], "texture": "#0"},
				"south": {"uv": [3, 0, 4.5, 1.5], "texture": "#0"},
				"west": {"uv": [3, 0, 5.5, 2.5], "texture": "#0"},
				"up": {"uv": [3, 0, 4.5, 1.5], "texture": "#0"},
				"down": {"uv": [4, 0, 5.5, 1.5], "texture": "#0"}
			}
		},
		{
			"name": "hexadecagon",
			"from": [7.5, 7.80109, 7],
			"to": [13, 8.19891, 9],
			"rotation": {"angle": -22.5, "axis": "x", "origin": [8, 8, 8]},
			"faces": {
				"north": {"uv": [3, 0, 5.5, 1.5], "texture": "#0"},
				"east": {"uv": [3, 0, 4.5, 1.5], "texture": "#0"},
				"south": {"uv": [3, 0, 4.5, 1.5], "texture": "#0"},
				"west": {"uv": [3, 0, 5.5, 2.5], "texture": "#0"},
				"up": {"uv": [3, 0, 4.5, 1.5], "texture": "#0"},
				"down": {"uv": [4, 0, 5.5, 1.5], "texture": "#0"}
			}
		},
		{
			"name": "hexadecagon",
			"from": [7.5, 7.80109, 7],
			"to": [13, 8.19891, 9],
			"faces": {
				"north": {"uv": [3, 0, 5.5, 1.5], "texture": "#0"},
				"east": {"uv": [3, 0, 4.5, 1.5], "texture": "#0"},
				"south": {"uv": [3, 0, 4.5, 1.5], "texture": "#0"},
				"west": {"uv": [3, 0, 5.5, 2.5], "texture": "#0"},
				"up": {"uv": [3, 0, 4.5, 1.5], "texture": "#0"},
				"down": {"uv": [4, 0, 5.5, 1.5], "texture": "#0"}
			}
		},
		{
			"name": "hexadecagon",
			"from": [7.5, 7.80109, 7],
			"to": [13, 8.19891, 9],
			"rotation": {"angle": 22.5, "axis": "x", "origin": [8, 8, 8]},
			"faces": {
				"north": {"uv": [3, 0, 5.5, 1.5], "texture": "#0"},
				"east": {"uv": [3, 0, 4.5, 1.5], "texture": "#0"},
				"south": {"uv": [3, 0, 4.5, 1.5], "texture": "#0"},
				"west": {"uv": [3, 0, 5.5, 2.5], "texture": "#0"},
				"up": {"uv": [3, 0, 4.5, 1.5], "texture": "#0"},
				"down": {"uv": [4, 0, 5.5, 1.5], "texture": "#0"}
			}
		},
		{
			"name": "hexadecagon",
			"from": [7.5, 7.80109, 7],
			"to": [13, 8.19891, 9],
			"rotation": {"angle": 45, "axis": "x", "origin": [8, 8, 8]},
			"faces": {
				"north": {"uv": [3, 0, 5.5, 1.5], "texture": "#0"},
				"east": {"uv": [3, 0, 4.5, 1.5], "texture": "#0"},
				"south": {"uv": [3, 0, 4.5, 1.5], "texture": "#0"},
				"west": {"uv": [3, 0, 5.5, 2.5], "texture": "#0"},
				"up": {"uv": [3, 0, 4.5, 1.5], "texture": "#0"},
				"down": {"uv": [4, 0, 5.5, 1.5], "texture": "#0"}
			}
		},
		{
			"name": "hexadecagon",
			"from": [7.5, 7, 7.80109],
			"to": [13, 9, 8.19891],
			"rotation": {"angle": -22.5, "axis": "x", "origin": [8, 8, 8]},
			"faces": {
				"north": {"uv": [3, 0, 5.5, 1.5], "texture": "#0"},
				"east": {"uv": [3, 0, 4.5, 1.5], "texture": "#0"},
				"south": {"uv": [3, 0, 4.5, 1.5], "texture": "#0"},
				"west": {"uv": [3, 0, 5.5, 2.5], "texture": "#0"},
				"up": {"uv": [3, 0, 4.5, 1.5], "texture": "#0"},
				"down": {"uv": [4, 0, 5.5, 1.5], "texture": "#0"}
			}
		},
		{
			"name": "hexadecagon",
			"from": [7.5, 7, 7.80109],
			"to": [13, 9, 8.19891],
			"faces": {
				"north": {"uv": [3, 0, 5.5, 1.5], "texture": "#0"},
				"east": {"uv": [3, 0, 4.5, 1.5], "texture": "#0"},
				"south": {"uv": [3, 0, 4.5, 1.5], "texture": "#0"},
				"west": {"uv": [3, 0, 5.5, 2.5], "texture": "#0"},
				"up": {"uv": [3, 0, 4.5, 1.5], "texture": "#0"},
				"down": {"uv": [4, 0, 5.5, 1.5], "texture": "#0"}
			}
		},
		{
			"name": "hexadecagon",
			"from": [7.5, 7, 7.80109],
			"to": [13, 9, 8.19891],
			"rotation": {"angle": 22.5, "axis": "x", "origin": [8, 8, 8]},
			"faces": {
				"north": {"uv": [3, 0, 5.5, 1.5], "texture": "#0"},
				"east": {"uv": [3, 0, 4.5, 1.5], "texture": "#0"},
				"south": {"uv": [3, 0, 4.5, 1.5], "texture": "#0"},
				"west": {"uv": [3, 0, 5.5, 2.5], "texture": "#0"},
				"up": {"uv": [3, 0, 4.5, 1.5], "texture": "#0"},
				"down": {"uv": [4, 0, 5.5, 1.5], "texture": "#0"}
			}
		},
		{
			"name": "hexadecagon",
			"from": [6.5, 7.75136, 6.75],
			"to": [13.15, 8.24864, 7.15],
			"rotation": {"angle": 22.5, "axis": "x", "origin": [8, 8, 8]},
			"faces": {
				"north": {"uv": [0, 3, 2.5, 4.5], "texture": "#0"},
				"east": {"uv": [0, 3, 1.5, 5.5], "texture": "#0"},
				"south": {"uv": [0, 3, 1.5, 5.5], "texture": "#0"},
				"west": {"uv": [0, 3, 1.5, 4.5], "texture": "#0"},
				"up": {"uv": [0, 3, 1.5, 4.5], "texture": "#0"},
				"down": {"uv": [0, 3, 1.5, 4.5], "texture": "#0"}
			}
		},
		{
			"name": "hexadecagon",
			"from": [6.5, 7.75136, 6.75],
			"to": [13.15, 8.24864, 7.15],
			"rotation": {"angle": 45, "axis": "x", "origin": [8, 8, 8]},
			"faces": {
				"north": {"uv": [0, 3, 2.5, 4.5], "texture": "#0"},
				"east": {"uv": [0, 3, 1.5, 5.5], "texture": "#0"},
				"south": {"uv": [0, 3, 1.5, 5.5], "texture": "#0"},
				"west": {"uv": [0, 3, 1.5, 4.5], "texture": "#0"},
				"up": {"uv": [0, 3, 1.5, 4.5], "texture": "#0"},
				"down": {"uv": [0, 3, 1.5, 4.5], "texture": "#0"}
			}
		},
		{
			"name": "hexadecagon",
			"from": [6.5, 7.75136, 8.85],
			"to": [13.15, 8.24864, 9.25],
			"rotation": {"angle": -45, "axis": "x", "origin": [8, 8, 8]},
			"faces": {
				"north": {"uv": [0, 3, 2.5, 4.5], "texture": "#0"},
				"east": {"uv": [0, 3, 1.5, 5.5], "texture": "#0"},
				"south": {"uv": [0, 3, 1.5, 5.5], "texture": "#0"},
				"west": {"uv": [0, 3, 1.5, 4.5], "texture": "#0"},
				"up": {"uv": [0, 3, 1.5, 4.5], "texture": "#0"},
				"down": {"uv": [0, 3, 1.5, 4.5], "texture": "#0"}
			}
		},
		{
			"name": "hexadecagon",
			"from": [6.5, 7.75136, 8.85],
			"to": [13.15, 8.24864, 9.25],
			"rotation": {"angle": -22.5, "axis": "x", "origin": [8, 8, 8]},
			"faces": {
				"north": {"uv": [0, 3, 2.5, 4.5], "texture": "#0"},
				"east": {"uv": [0, 3, 1.5, 5.5], "texture": "#0"},
				"south": {"uv": [0, 3, 1.5, 5.5], "texture": "#0"},
				"west": {"uv": [0, 3, 1.5, 4.5], "texture": "#0"},
				"up": {"uv": [0, 3, 1.5, 4.5], "texture": "#0"},
				"down": {"uv": [0, 3, 1.5, 4.5], "texture": "#0"}
			}
		},
		{
			"name": "hexadecagon",
			"from": [6.5, 8.85, 7.75136],
			"to": [13.15, 9.25, 8.24864],
			"rotation": {"angle": -22.5, "axis": "x", "origin": [8, 8, 8]},
			"faces": {
				"north": {"uv": [0, 3, 2.5, 4.5], "texture": "#0"},
				"east": {"uv": [0, 3, 1.5, 5.5], "texture": "#0"},
				"south": {"uv": [0, 3, 1.5, 5.5], "texture": "#0"},
				"west": {"uv": [0, 3, 1.5, 4.5], "texture": "#0"},
				"up": {"uv": [0, 3, 1.5, 4.5], "texture": "#0"},
				"down": {"uv": [0, 3, 1.5, 4.5], "texture": "#0"}
			}
		},
		{
			"name": "hexadecagon",
			"from": [6.5, 8.85, 7.75136],
			"to": [13.15, 9.25, 8.24864],
			"faces": {
				"north": {"uv": [0, 3, 2.5, 4.5], "texture": "#0"},
				"east": {"uv": [0, 3, 1.5, 5.5], "texture": "#0"},
				"south": {"uv": [0, 3, 1.5, 5.5], "texture": "#0"},
				"west": {"uv": [0, 3, 1.5, 4.5], "texture": "#0"},
				"up": {"uv": [0, 3, 1.5, 4.5], "texture": "#0"},
				"down": {"uv": [0, 3, 1.5, 4.5], "texture": "#0"}
			}
		},
		{
			"name": "hexadecagon",
			"from": [6.5, 8.85, 7.75136],
			"to": [13.15, 9.25, 8.24864],
			"rotation": {"angle": 22.5, "axis": "x", "origin": [8, 8, 8]},
			"faces": {
				"north": {"uv": [0, 3, 2.5, 4.5], "texture": "#0"},
				"east": {"uv": [0, 3, 1.5, 5.5], "texture": "#0"},
				"south": {"uv": [0, 3, 1.5, 5.5], "texture": "#0"},
				"west": {"uv": [0, 3, 1.5, 4.5], "texture": "#0"},
				"up": {"uv": [0, 3, 1.5, 4.5], "texture": "#0"},
				"down": {"uv": [0, 3, 1.5, 4.5], "texture": "#0"}
			}
		},
		{
			"name": "hexadecagon",
			"from": [7, 7.80208, 7.005],
			"to": [8, 8.19792, 7.405],
			"rotation": {"angle": -45, "axis": "x", "origin": [7.5, 8, 8]},
			"faces": {
				"north": {"uv": [4, 0, 5.5, 2.5], "texture": "#0"},
				"east": {"uv": [3, 0, 5.5, 1.5], "texture": "#0"},
				"south": {"uv": [3, 0, 5.5, 1.5], "texture": "#0"},
				"west": {"uv": [3, 0, 4.5, 1.5], "texture": "#0"},
				"up": {"uv": [4, 0, 5.5, 1.5], "texture": "#0"},
				"down": {"uv": [3, 0, 4.5, 1.5], "texture": "#0"}
			}
		},
		{
			"name": "hexadecagon",
			"from": [7, 7.80208, 7.005],
			"to": [8, 8.19792, 7.405],
			"rotation": {"angle": -22.5, "axis": "x", "origin": [7.5, 8, 8]},
			"faces": {
				"north": {"uv": [4, 0, 5.5, 2.5], "texture": "#0"},
				"east": {"uv": [3, 0, 5.5, 1.5], "texture": "#0"},
				"south": {"uv": [3, 0, 5.5, 1.5], "texture": "#0"},
				"west": {"uv": [3, 0, 4.5, 1.5], "texture": "#0"},
				"up": {"uv": [4, 0, 5.5, 1.5], "texture": "#0"},
				"down": {"uv": [3, 0, 4.5, 1.5], "texture": "#0"}
			}
		},
		{
			"name": "hexadecagon",
			"from": [7, 7.80208, 7.005],
			"to": [8, 8.19792, 7.405],
			"faces": {
				"north": {"uv": [4, 0, 5.5, 2.5], "texture": "#0"},
				"east": {"uv": [3, 0, 5.5, 1.5], "texture": "#0"},
				"south": {"uv": [3, 0, 5.5, 1.5], "texture": "#0"},
				"west": {"uv": [3, 0, 4.5, 1.5], "texture": "#0"},
				"up": {"uv": [4, 0, 5.5, 1.5], "texture": "#0"},
				"down": {"uv": [3, 0, 4.5, 1.5], "texture": "#0"}
			}
		},
		{
			"name": "hexadecagon",
			"from": [7, 7.80208, 7.005],
			"to": [8, 8.19792, 7.405],
			"rotation": {"angle": 22.5, "axis": "x", "origin": [7.5, 8, 8]},
			"faces": {
				"north": {"uv": [4, 0, 5.5, 2.5], "texture": "#0"},
				"east": {"uv": [3, 0, 5.5, 1.5], "texture": "#0"},
				"south": {"uv": [3, 0, 5.5, 1.5], "texture": "#0"},
				"west": {"uv": [3, 0, 4.5, 1.5], "texture": "#0"},
				"up": {"uv": [4, 0, 5.5, 1.5], "texture": "#0"},
				"down": {"uv": [3, 0, 4.5, 1.5], "texture": "#0"}
			}
		},
		{
			"name": "hexadecagon",
			"from": [7, 7.80208, 7.005],
			"to": [8, 8.19792, 7.405],
			"rotation": {"angle": 45, "axis": "x", "origin": [7.5, 8, 8]},
			"faces": {
				"north": {"uv": [4, 0, 5.5, 2.5], "texture": "#0"},
				"east": {"uv": [3, 0, 5.5, 1.5], "texture": "#0"},
				"south": {"uv": [3, 0, 5.5, 1.5], "texture": "#0"},
				"west": {"uv": [3, 0, 4.5, 1.5], "texture": "#0"},
				"up": {"uv": [4, 0, 5.5, 1.5], "texture": "#0"},
				"down": {"uv": [3, 0, 4.5, 1.5], "texture": "#0"}
			}
		},
		{
			"name": "hexadecagon",
			"from": [7, 7.80208, 8.595],
			"to": [8, 8.19792, 8.995],
			"rotation": {"angle": -45, "axis": "x", "origin": [7.5, 8, 8]},
			"faces": {
				"north": {"uv": [4, 0, 5.5, 2.5], "texture": "#0"},
				"east": {"uv": [3, 0, 5.5, 1.5], "texture": "#0"},
				"south": {"uv": [3, 0, 5.5, 1.5], "texture": "#0"},
				"west": {"uv": [3, 0, 4.5, 1.5], "texture": "#0"},
				"up": {"uv": [4, 0, 5.5, 1.5], "texture": "#0"},
				"down": {"uv": [3, 0, 4.5, 1.5], "texture": "#0"}
			}
		},
		{
			"name": "hexadecagon",
			"from": [7, 7.80208, 8.595],
			"to": [8, 8.19792, 8.995],
			"rotation": {"angle": -22.5, "axis": "x", "origin": [7.5, 8, 8]},
			"faces": {
				"north": {"uv": [4, 0, 5.5, 2.5], "texture": "#0"},
				"east": {"uv": [3, 0, 5.5, 1.5], "texture": "#0"},
				"south": {"uv": [3, 0, 5.5, 1.5], "texture": "#0"},
				"west": {"uv": [3, 0, 4.5, 1.5], "texture": "#0"},
				"up": {"uv": [4, 0, 5.5, 1.5], "texture": "#0"},
				"down": {"uv": [3, 0, 4.5, 1.5], "texture": "#0"}
			}
		},
		{
			"name": "hexadecagon",
			"from": [7, 7.80208, 8.595],
			"to": [8, 8.19792, 8.995],
			"faces": {
				"north": {"uv": [4, 0, 5.5, 2.5], "texture": "#0"},
				"east": {"uv": [3, 0, 5.5, 1.5], "texture": "#0"},
				"south": {"uv": [3, 0, 5.5, 1.5], "texture": "#0"},
				"west": {"uv": [3, 0, 4.5, 1.5], "texture": "#0"},
				"up": {"uv": [4, 0, 5.5, 1.5], "texture": "#0"},
				"down": {"uv": [3, 0, 4.5, 1.5], "texture": "#0"}
			}
		},
		{
			"name": "hexadecagon",
			"from": [7, 7.80208, 8.595],
			"to": [8, 8.19792, 8.995],
			"rotation": {"angle": 22.5, "axis": "x", "origin": [7.5, 8, 8]},
			"faces": {
				"north": {"uv": [4, 0, 5.5, 2.5], "texture": "#0"},
				"east": {"uv": [3, 0, 5.5, 1.5], "texture": "#0"},
				"south": {"uv": [3, 0, 5.5, 1.5], "texture": "#0"},
				"west": {"uv": [3, 0, 4.5, 1.5], "texture": "#0"},
				"up": {"uv": [4, 0, 5.5, 1.5], "texture": "#0"},
				"down": {"uv": [3, 0, 4.5, 1.5], "texture": "#0"}
			}
		},
		{
			"name": "hexadecagon",
			"from": [7, 7.80208, 8.595],
			"to": [8, 8.19792, 8.995],
			"rotation": {"angle": 45, "axis": "x", "origin": [7.5, 8, 8]},
			"faces": {
				"north": {"uv": [4, 0, 5.5, 2.5], "texture": "#0"},
				"east": {"uv": [3, 0, 5.5, 1.5], "texture": "#0"},
				"south": {"uv": [3, 0, 5.5, 1.5], "texture": "#0"},
				"west": {"uv": [3, 0, 4.5, 1.5], "texture": "#0"},
				"up": {"uv": [4, 0, 5.5, 1.5], "texture": "#0"},
				"down": {"uv": [3, 0, 4.5, 1.5], "texture": "#0"}
			}
		},
		{
			"name": "hexadecagon",
			"from": [7, 7.005, 7.80208],
			"to": [8, 7.405, 8.19792],
			"rotation": {"angle": -22.5, "axis": "x", "origin": [7.5, 8, 8]},
			"faces": {
				"north": {"uv": [4, 0, 5.5, 2.5], "texture": "#0"},
				"east": {"uv": [3, 0, 5.5, 1.5], "texture": "#0"},
				"south": {"uv": [3, 0, 5.5, 1.5], "texture": "#0"},
				"west": {"uv": [3, 0, 4.5, 1.5], "texture": "#0"},
				"up": {"uv": [4, 0, 5.5, 1.5], "texture": "#0"},
				"down": {"uv": [3, 0, 4.5, 1.5], "texture": "#0"}
			}
		},
		{
			"name": "hexadecagon",
			"from": [7, 7.005, 7.80208],
			"to": [8, 7.405, 8.19792],
			"faces": {
				"north": {"uv": [4, 0, 5.5, 2.5], "texture": "#0"},
				"east": {"uv": [3, 0, 5.5, 1.5], "texture": "#0"},
				"south": {"uv": [3, 0, 5.5, 1.5], "texture": "#0"},
				"west": {"uv": [3, 0, 4.5, 1.5], "texture": "#0"},
				"up": {"uv": [4, 0, 5.5, 1.5], "texture": "#0"},
				"down": {"uv": [3, 0, 4.5, 1.5], "texture": "#0"}
			}
		},
		{
			"name": "hexadecagon",
			"from": [7, 7.005, 7.80208],
			"to": [8, 7.405, 8.19792],
			"rotation": {"angle": 22.5, "axis": "x", "origin": [7.5, 8, 8]},
			"faces": {
				"north": {"uv": [4, 0, 5.5, 2.5], "texture": "#0"},
				"east": {"uv": [3, 0, 5.5, 1.5], "texture": "#0"},
				"south": {"uv": [3, 0, 5.5, 1.5], "texture": "#0"},
				"west": {"uv": [3, 0, 4.5, 1.5], "texture": "#0"},
				"up": {"uv": [4, 0, 5.5, 1.5], "texture": "#0"},
				"down": {"uv": [3, 0, 4.5, 1.5], "texture": "#0"}
			}
		},
		{
			"name": "hexadecagon",
			"from": [7, 8.595, 7.80208],
			"to": [8, 8.995, 8.19792],
			"rotation": {"angle": -22.5, "axis": "x", "origin": [7.5, 8, 8]},
			"faces": {
				"north": {"uv": [4, 0, 5.5, 2.5], "texture": "#0"},
				"east": {"uv": [3, 0, 5.5, 1.5], "texture": "#0"},
				"south": {"uv": [3, 0, 5.5, 1.5], "texture": "#0"},
				"west": {"uv": [3, 0, 4.5, 1.5], "texture": "#0"},
				"up": {"uv": [4, 0, 5.5, 1.5], "texture": "#0"},
				"down": {"uv": [3, 0, 4.5, 1.5], "texture": "#0"}
			}
		},
		{
			"name": "hexadecagon",
			"from": [7, 8.595, 7.80208],
			"to": [8, 8.995, 8.19792],
			"faces": {
				"north": {"uv": [4, 0, 5.5, 2.5], "texture": "#0"},
				"east": {"uv": [3, 0, 5.5, 1.5], "texture": "#0"},
				"south": {"uv": [3, 0, 5.5, 1.5], "texture": "#0"},
				"west": {"uv": [3, 0, 4.5, 1.5], "texture": "#0"},
				"up": {"uv": [4, 0, 5.5, 1.5], "texture": "#0"},
				"down": {"uv": [3, 0, 4.5, 1.5], "texture": "#0"}
			}
		},
		{
			"name": "hexadecagon",
			"from": [7, 8.595, 7.80208],
			"to": [8, 8.995, 8.19792],
			"rotation": {"angle": 22.5, "axis": "x", "origin": [7.5, 8, 8]},
			"faces": {
				"north": {"uv": [4, 0, 5.5, 2.5], "texture": "#0"},
				"east": {"uv": [3, 0, 5.5, 1.5], "texture": "#0"},
				"south": {"uv": [3, 0, 5.5, 1.5], "texture": "#0"},
				"west": {"uv": [3, 0, 4.5, 1.5], "texture": "#0"},
				"up": {"uv": [4, 0, 5.5, 1.5], "texture": "#0"},
				"down": {"uv": [3, 0, 4.5, 1.5], "texture": "#0"}
			}
		},
		{
			"name": "hexadecagon",
			"from": [7, 7.88065, 7.4],
			"to": [8, 8.11935, 7.8],
			"rotation": {"angle": -45, "axis": "x", "origin": [7.5, 8, 8]},
			"faces": {
				"north": {"uv": [0, 0, 0.5, 0.5], "texture": "#0"},
				"east": {"uv": [0, 0, 0.5, 0.5], "texture": "#0"},
				"south": {"uv": [0, 0, 0.5, 0.5], "texture": "#0"},
				"west": {"uv": [0, 0, 0.5, 0.5], "texture": "#0"},
				"up": {"uv": [0, 0, 0.5, 0.5], "texture": "#0"},
				"down": {"uv": [0, 0, 0.5, 0.5], "texture": "#0"}
			}
		},
		{
			"name": "hexadecagon",
			"from": [7, 7.88065, 7.4],
			"to": [8, 8.11935, 7.8],
			"rotation": {"angle": -22.5, "axis": "x", "origin": [7.5, 8, 8]},
			"faces": {
				"north": {"uv": [0, 0, 0.5, 0.5], "texture": "#0"},
				"east": {"uv": [0, 0, 0.5, 0.5], "texture": "#0"},
				"south": {"uv": [0, 0, 0.5, 0.5], "texture": "#0"},
				"west": {"uv": [0, 0, 0.5, 0.5], "texture": "#0"},
				"up": {"uv": [0, 0, 0.5, 0.5], "texture": "#0"},
				"down": {"uv": [0, 0, 0.5, 0.5], "texture": "#0"}
			}
		},
		{
			"name": "hexadecagon",
			"from": [7, 7.88065, 7.4],
			"to": [8, 8.11935, 7.8],
			"faces": {
				"north": {"uv": [0, 0, 0.5, 0.5], "texture": "#0"},
				"east": {"uv": [0, 0, 0.5, 0.5], "texture": "#0"},
				"south": {"uv": [0, 0, 0.5, 0.5], "texture": "#0"},
				"west": {"uv": [0, 0, 0.5, 0.5], "texture": "#0"},
				"up": {"uv": [0, 0, 0.5, 0.5], "texture": "#0"},
				"down": {"uv": [0, 0, 0.5, 0.5], "texture": "#0"}
			}
		},
		{
			"name": "hexadecagon",
			"from": [7, 7.88065, 7.4],
			"to": [8, 8.11935, 7.8],
			"rotation": {"angle": 22.5, "axis": "x", "origin": [7.5, 8, 8]},
			"faces": {
				"north": {"uv": [0, 0, 0.5, 0.5], "texture": "#0"},
				"east": {"uv": [0, 0, 0.5, 0.5], "texture": "#0"},
				"south": {"uv": [0, 0, 0.5, 0.5], "texture": "#0"},
				"west": {"uv": [0, 0, 0.5, 0.5], "texture": "#0"},
				"up": {"uv": [0, 0, 0.5, 0.5], "texture": "#0"},
				"down": {"uv": [0, 0, 0.5, 0.5], "texture": "#0"}
			}
		},
		{
			"name": "hexadecagon",
			"from": [7, 7.88065, 7.4],
			"to": [8, 8.11935, 7.8],
			"rotation": {"angle": 45, "axis": "x", "origin": [7.5, 8, 8]},
			"faces": {
				"north": {"uv": [0, 0, 0.5, 0.5], "texture": "#0"},
				"east": {"uv": [0, 0, 0.5, 0.5], "texture": "#0"},
				"south": {"uv": [0, 0, 0.5, 0.5], "texture": "#0"},
				"west": {"uv": [0, 0, 0.5, 0.5], "texture": "#0"},
				"up": {"uv": [0, 0, 0.5, 0.5], "texture": "#0"},
				"down": {"uv": [0, 0, 0.5, 0.5], "texture": "#0"}
			}
		},
		{
			"name": "hexadecagon",
			"from": [7, 7.88065, 8.2],
			"to": [8, 8.11935, 8.6],
			"rotation": {"angle": -45, "axis": "x", "origin": [7.5, 8, 8]},
			"faces": {
				"north": {"uv": [0, 0, 0.5, 0.5], "texture": "#0"},
				"east": {"uv": [0, 0, 0.5, 0.5], "texture": "#0"},
				"south": {"uv": [0, 0, 0.5, 0.5], "texture": "#0"},
				"west": {"uv": [0, 0, 0.5, 0.5], "texture": "#0"},
				"up": {"uv": [0, 0, 0.5, 0.5], "texture": "#0"},
				"down": {"uv": [0, 0, 0.5, 0.5], "texture": "#0"}
			}
		},
		{
			"name": "hexadecagon",
			"from": [7, 7.88065, 8.2],
			"to": [8, 8.11935, 8.6],
			"rotation": {"angle": -22.5, "axis": "x", "origin": [7.5, 8, 8]},
			"faces": {
				"north": {"uv": [0, 0, 0.5, 0.5], "texture": "#0"},
				"east": {"uv": [0, 0, 0.5, 0.5], "texture": "#0"},
				"south": {"uv": [0, 0, 0.5, 0.5], "texture": "#0"},
				"west": {"uv": [0, 0, 0.5, 0.5], "texture": "#0"},
				"up": {"uv": [0, 0, 0.5, 0.5], "texture": "#0"},
				"down": {"uv": [0, 0, 0.5, 0.5], "texture": "#0"}
			}
		},
		{
			"name": "hexadecagon",
			"from": [7, 7.88065, 8.2],
			"to": [8, 8.11935, 8.6],
			"faces": {
				"north": {"uv": [0, 0, 0.5, 0.5], "texture": "#0"},
				"east": {"uv": [0, 0, 0.5, 0.5], "texture": "#0"},
				"south": {"uv": [0, 0, 0.5, 0.5], "texture": "#0"},
				"west": {"uv": [0, 0, 0.5, 0.5], "texture": "#0"},
				"up": {"uv": [0, 0, 0.5, 0.5], "texture": "#0"},
				"down": {"uv": [0, 0, 0.5, 0.5], "texture": "#0"}
			}
		},
		{
			"name": "hexadecagon",
			"from": [7, 7.88065, 8.2],
			"to": [8, 8.11935, 8.6],
			"rotation": {"angle": 22.5, "axis": "x", "origin": [7.5, 8, 8]},
			"faces": {
				"north": {"uv": [0, 0, 0.5, 0.5], "texture": "#0"},
				"east": {"uv": [0, 0, 0.5, 0.5], "texture": "#0"},
				"south": {"uv": [0, 0, 0.5, 0.5], "texture": "#0"},
				"west": {"uv": [0, 0, 0.5, 0.5], "texture": "#0"},
				"up": {"uv": [0, 0, 0.5, 0.5], "texture": "#0"},
				"down": {"uv": [0, 0, 0.5, 0.5], "texture": "#0"}
			}
		},
		{
			"name": "hexadecagon",
			"from": [7, 7.88065, 8.2],
			"to": [8, 8.11935, 8.6],
			"rotation": {"angle": 45, "axis": "x", "origin": [7.5, 8, 8]},
			"faces": {
				"north": {"uv": [0, 0, 0.5, 0.5], "texture": "#0"},
				"east": {"uv": [0, 0, 0.5, 0.5], "texture": "#0"},
				"south": {"uv": [0, 0, 0.5, 0.5], "texture": "#0"},
				"west": {"uv": [0, 0, 0.5, 0.5], "texture": "#0"},
				"up": {"uv": [0, 0, 0.5, 0.5], "texture": "#0"},
				"down": {"uv": [0, 0, 0.5, 0.5], "texture": "#0"}
			}
		},
		{
			"name": "hexadecagon",
			"from": [7, 7.4, 7.88065],
			"to": [8, 7.8, 8.11935],
			"rotation": {"angle": -22.5, "axis": "x", "origin": [7.5, 8, 8]},
			"faces": {
				"north": {"uv": [0, 0, 0.5, 0.5], "texture": "#0"},
				"east": {"uv": [0, 0, 0.5, 0.5], "texture": "#0"},
				"south": {"uv": [0, 0, 0.5, 0.5], "texture": "#0"},
				"west": {"uv": [0, 0, 0.5, 0.5], "texture": "#0"},
				"up": {"uv": [0, 0, 0.5, 0.5], "texture": "#0"},
				"down": {"uv": [0, 0, 0.5, 0.5], "texture": "#0"}
			}
		},
		{
			"name": "hexadecagon",
			"from": [7, 7.4, 7.88065],
			"to": [8, 7.8, 8.11935],
			"faces": {
				"north": {"uv": [0, 0, 0.5, 0.5], "texture": "#0"},
				"east": {"uv": [0, 0, 0.5, 0.5], "texture": "#0"},
				"south": {"uv": [0, 0, 0.5, 0.5], "texture": "#0"},
				"west": {"uv": [0, 0, 0.5, 0.5], "texture": "#0"},
				"up": {"uv": [0, 0, 0.5, 0.5], "texture": "#0"},
				"down": {"uv": [0, 0, 0.5, 0.5], "texture": "#0"}
			}
		},
		{
			"name": "hexadecagon",
			"from": [7, 7.4, 7.88065],
			"to": [8, 7.8, 8.11935],
			"rotation": {"angle": 22.5, "axis": "x", "origin": [7.5, 8, 8]},
			"faces": {
				"north": {"uv": [0, 0, 0.5, 0.5], "texture": "#0"},
				"east": {"uv": [0, 0, 0.5, 0.5], "texture": "#0"},
				"south": {"uv": [0, 0, 0.5, 0.5], "texture": "#0"},
				"west": {"uv": [0, 0, 0.5, 0.5], "texture": "#0"},
				"up": {"uv": [0, 0, 0.5, 0.5], "texture": "#0"},
				"down": {"uv": [0, 0, 0.5, 0.5], "texture": "#0"}
			}
		},
		{
			"name": "hexadecagon",
			"from": [7, 8.2, 7.88065],
			"to": [8, 8.6, 8.11935],
			"rotation": {"angle": -22.5, "axis": "x", "origin": [7.5, 8, 8]},
			"faces": {
				"north": {"uv": [0, 0, 0.5, 0.5], "texture": "#0"},
				"east": {"uv": [0, 0, 0.5, 0.5], "texture": "#0"},
				"south": {"uv": [0, 0, 0.5, 0.5], "texture": "#0"},
				"west": {"uv": [0, 0, 0.5, 0.5], "texture": "#0"},
				"up": {"uv": [0, 0, 0.5, 0.5], "texture": "#0"},
				"down": {"uv": [0, 0, 0.5, 0.5], "texture": "#0"}
			}
		},
		{
			"name": "hexadecagon",
			"from": [7, 8.2, 7.88065],
			"to": [8, 8.6, 8.11935],
			"faces": {
				"north": {"uv": [0, 0, 0.5, 0.5], "texture": "#0"},
				"east": {"uv": [0, 0, 0.5, 0.5], "texture": "#0"},
				"south": {"uv": [0, 0, 0.5, 0.5], "texture": "#0"},
				"west": {"uv": [0, 0, 0.5, 0.5], "texture": "#0"},
				"up": {"uv": [0, 0, 0.5, 0.5], "texture": "#0"},
				"down": {"uv": [0, 0, 0.5, 0.5], "texture": "#0"}
			}
		},
		{
			"name": "hexadecagon",
			"from": [7, 8.2, 7.88065],
			"to": [8, 8.6, 8.11935],
			"rotation": {"angle": 22.5, "axis": "x", "origin": [7.5, 8, 8]},
			"faces": {
				"north": {"uv": [0, 0, 0.5, 0.5], "texture": "#0"},
				"east": {"uv": [0, 0, 0.5, 0.5], "texture": "#0"},
				"south": {"uv": [0, 0, 0.5, 0.5], "texture": "#0"},
				"west": {"uv": [0, 0, 0.5, 0.5], "texture": "#0"},
				"up": {"uv": [0, 0, 0.5, 0.5], "texture": "#0"},
				"down": {"uv": [0, 0, 0.5, 0.5], "texture": "#0"}
			}
		},
		{
			"name": "hexadecagon",
			"from": [7, 7.96022, 7.8],
			"to": [8, 8.03978, 8.2],
			"rotation": {"angle": -45, "axis": "x", "origin": [7.5, 8, 8]},
			"faces": {
				"north": {"uv": [0, 0, 0.5, 0.5], "texture": "#1"},
				"east": {"uv": [0, 0, 0.5, 0.5], "texture": "#1"},
				"south": {"uv": [0, 0, 0.5, 0.5], "texture": "#1"},
				"west": {"uv": [0, 0, 0.5, 0.5], "texture": "#1"},
				"up": {"uv": [0, 0, 0.5, 0.5], "texture": "#1"},
				"down": {"uv": [7, 8.5, 8, 9.5], "texture": "#1"}
			}
		},
		{
			"name": "hexadecagon",
			"from": [7, 7.96022, 7.8],
			"to": [8, 8.03978, 8.2],
			"rotation": {"angle": -22.5, "axis": "x", "origin": [7.5, 8, 8]},
			"faces": {
				"north": {"uv": [0, 0, 0.5, 0.5], "texture": "#1"},
				"east": {"uv": [0, 0, 0.5, 0.5], "texture": "#1"},
				"south": {"uv": [0, 0, 0.5, 0.5], "texture": "#1"},
				"west": {"uv": [0, 0, 0.5, 0.5], "texture": "#1"},
				"up": {"uv": [0, 0, 0.5, 0.5], "texture": "#1"},
				"down": {"uv": [7, 8.5, 8, 9.5], "texture": "#1"}
			}
		},
		{
			"name": "hexadecagon",
			"from": [7, 7.96022, 7.8],
			"to": [8, 8.03978, 8.2],
			"faces": {
				"north": {"uv": [0, 0, 0.5, 0.5], "texture": "#1"},
				"east": {"uv": [0, 0, 0.5, 0.5], "texture": "#1"},
				"south": {"uv": [0, 0, 0.5, 0.5], "texture": "#1"},
				"west": {"uv": [0, 0, 0.5, 0.5], "texture": "#1"},
				"up": {"uv": [0, 0, 0.5, 0.5], "texture": "#1"},
				"down": {"uv": [7, 8.5, 8, 9.5], "texture": "#1"}
			}
		},
		{
			"name": "hexadecagon",
			"from": [7, 7.96022, 7.8],
			"to": [8, 8.03978, 8.2],
			"rotation": {"angle": 22.5, "axis": "x", "origin": [7.5, 8, 8]},
			"faces": {
				"north": {"uv": [0, 0, 0.5, 0.5], "texture": "#1"},
				"east": {"uv": [0, 0, 0.5, 0.5], "texture": "#1"},
				"south": {"uv": [0, 0, 0.5, 0.5], "texture": "#1"},
				"west": {"uv": [0, 0, 0.5, 0.5], "texture": "#1"},
				"up": {"uv": [0, 0, 0.5, 0.5], "texture": "#1"},
				"down": {"uv": [7, 8.5, 8, 9.5], "texture": "#1"}
			}
		},
		{
			"name": "hexadecagon",
			"from": [7, 7.96022, 7.8],
			"to": [8, 8.03978, 8.2],
			"rotation": {"angle": 45, "axis": "x", "origin": [7.5, 8, 8]},
			"faces": {
				"north": {"uv": [0, 0, 0.5, 0.5], "texture": "#1"},
				"east": {"uv": [0, 0, 0.5, 0.5], "texture": "#1"},
				"south": {"uv": [0, 0, 0.5, 0.5], "texture": "#1"},
				"west": {"uv": [0, 0, 0.5, 0.5], "texture": "#1"},
				"up": {"uv": [0, 0, 0.5, 0.5], "texture": "#1"},
				"down": {"uv": [7, 8.5, 8, 9.5], "texture": "#1"}
			}
		},
		{
			"name": "hexadecagon",
			"from": [7, 7.8, 7.96022],
			"to": [8, 8.2, 8.03978],
			"rotation": {"angle": -22.5, "axis": "x", "origin": [7.5, 8, 8]},
			"faces": {
				"north": {"uv": [0, 0, 0.5, 0.5], "texture": "#1"},
				"east": {"uv": [0, 0, 0.5, 0.5], "texture": "#1"},
				"south": {"uv": [0, 0, 0.5, 0.5], "texture": "#1"},
				"west": {"uv": [0, 0, 0.5, 0.5], "texture": "#1"},
				"up": {"uv": [0, 0, 0.5, 0.5], "texture": "#1"},
				"down": {"uv": [7, 8.5, 8, 9.5], "texture": "#1"}
			}
		},
		{
			"name": "hexadecagon",
			"from": [7, 7.8, 7.96022],
			"to": [8, 8.2, 8.03978],
			"faces": {
				"north": {"uv": [0, 0, 0.5, 0.5], "texture": "#1"},
				"east": {"uv": [0, 0, 0.5, 0.5], "texture": "#1"},
				"south": {"uv": [0, 0, 0.5, 0.5], "texture": "#1"},
				"west": {"uv": [0, 0, 0.5, 0.5], "texture": "#1"},
				"up": {"uv": [0, 0, 0.5, 0.5], "texture": "#1"},
				"down": {"uv": [7, 8.5, 8, 9.5], "texture": "#1"}
			}
		},
		{
			"name": "hexadecagon",
			"from": [7, 7.8, 7.96022],
			"to": [8, 8.2, 8.03978],
			"rotation": {"angle": 22.5, "axis": "x", "origin": [7.5, 8, 8]},
			"faces": {
				"north": {"uv": [0, 0, 0.5, 0.5], "texture": "#1"},
				"east": {"uv": [0, 0, 0.5, 0.5], "texture": "#1"},
				"south": {"uv": [0, 0, 0.5, 0.5], "texture": "#1"},
				"west": {"uv": [0, 0, 0.5, 0.5], "texture": "#1"},
				"up": {"uv": [0, 0, 0.5, 0.5], "texture": "#1"},
				"down": {"uv": [7, 8.5, 8, 9.5], "texture": "#1"}
			}
		},
		{
			"name": "hexadecagon",
			"from": [7.5, 6.5, 7.55],
			"to": [12.95, 7.25, 8.44782],
			"faces": {
				"north": {"uv": [0, 3, 2.5, 4.5], "texture": "#0"},
				"east": {"uv": [0, 4, 1.5, 5.5], "texture": "#0"},
				"south": {"uv": [0, 4, 1.5, 5.5], "texture": "#0"},
				"west": {"uv": [0, 3, 2.5, 5.5], "texture": "#0"},
				"up": {"uv": [0, 4, 1.5, 5.5], "texture": "#0"},
				"down": {"uv": [0, 3, 1.5, 4.5], "texture": "#0"}
			}
		},
		{
			"name": "hexadecagon",
			"from": [11, 6, 7.55],
			"to": [12.5, 6.75, 8.44782],
			"faces": {
				"north": {"uv": [0, 3, 2.5, 4.5], "texture": "#0"},
				"east": {"uv": [0, 4, 1.5, 5.5], "texture": "#0"},
				"south": {"uv": [0, 4, 1.5, 5.5], "texture": "#0"},
				"west": {"uv": [0, 3, 2.5, 5.5], "texture": "#0"},
				"up": {"uv": [0, 4, 1.5, 5.5], "texture": "#0"},
				"down": {"uv": [0, 3, 1.5, 4.5], "texture": "#0"}
			}
		},
		{
			"name": "hexadecagon",
			"from": [7.75, 6.4, 7.75],
			"to": [8.25, 6.7, 8.25],
			"faces": {
				"north": {"uv": [0, 3, 2.5, 4.5], "texture": "#0"},
				"east": {"uv": [0, 4, 1.5, 5.5], "texture": "#0"},
				"south": {"uv": [0, 3, 1.5, 4.5], "texture": "#0"},
				"west": {"uv": [0, 3, 2.5, 5.5], "texture": "#0"},
				"up": {"uv": [0, 4, 1.5, 5.5], "texture": "#0"},
				"down": {"uv": [0, 3, 1.5, 4.5], "texture": "#0"}
			}
		},
		{
			"name": "hexadecagon",
			"from": [11.25, 5.5, 7.55],
			"to": [12.25, 6.25, 8.44782],
			"faces": {
				"north": {"uv": [0, 3, 2.5, 4.5], "texture": "#0"},
				"east": {"uv": [0, 4, 1.5, 5.5], "texture": "#0"},
				"south": {"uv": [0, 4, 1.5, 5.5], "texture": "#0"},
				"west": {"uv": [0, 3, 2.5, 5.5], "texture": "#0"},
				"up": {"uv": [0, 4, 1.5, 5.5], "texture": "#0"},
				"down": {"uv": [0, 3, 1.5, 4.5], "texture": "#0"}
			}
		},
		{
			"name": "hexadecagon",
			"from": [13.25, 4, 7.05],
			"to": [13.45, 6.25, 8.94782],
			"faces": {
				"north": {"uv": [0, 3, 2.5, 4.5], "texture": "#0"},
				"east": {"uv": [0, 4, 1.5, 5.5], "texture": "#0"},
				"south": {"uv": [0, 4, 1.5, 5.5], "texture": "#0"},
				"west": {"uv": [0, 3, 2.5, 5.5], "texture": "#0"},
				"up": {"uv": [0, 4, 1.5, 5.5], "texture": "#0"},
				"down": {"uv": [0, 3, 1.5, 4.5], "texture": "#0"}
			}
		},
		{
			"name": "hexadecagon",
			"from": [11.6, 5.5, 7.75],
			"to": [13.6, 6, 8.25],
			"rotation": {"angle": -22.5, "axis": "z", "origin": [12, 6, 8.5]},
			"faces": {
				"north": {"uv": [0, 3, 2.5, 4.5], "texture": "#0"},
				"east": {"uv": [0, 4, 1.5, 5.5], "rotation": 180, "texture": "#0"},
				"south": {"uv": [0, 4, 1.5, 5.5], "texture": "#0"},
				"west": {"uv": [0, 3, 2.5, 5.5], "rotation": 180, "texture": "#0"},
				"up": {"uv": [0, 4, 1.5, 5.5], "rotation": 180, "texture": "#0"},
				"down": {"uv": [0, 3, 1.5, 4.5], "rotation": 180, "texture": "#0"}
			}
		}
	],
	"display": {
		"thirdperson_righthand": {
			"rotation": [-1.75, -90, -90],
			"translation": [0, 1, 2.25]
		},
		"thirdperson_lefthand": {
			"rotation": [180, 90, -90],
			"translation": [0, 1, 2.25]
		},
		"firstperson_righthand": {
			"rotation": [0, -104, 0],
			"translation": [0, 4, 0.5]
		},
		"firstperson_lefthand": {
			"rotation": [0, 78, 0],
			"translation": [-1.5, 4, 1.5]
		},
		"ground": {
			"translation": [-2, 0, 1]
		},
		"head": {
			"rotation": [0, -90, 0],
			"translation": [0, 8.25, -13.25],
			"scale": [1.21875, 1.21875, 1.21875]
		},
		"fixed": {
			"rotation": [0, -90, 0],
			"translation": [-0.5, 3.75, -19.25],
			"scale": [3.70313, 3.22, 3.22]
		}
	},
	"groups": [
		{
			"name": "Base",
			"origin": [8, 8, 8],
			"color": 0,
			"children": [0, 1, 2, 3, 4, 5, 6, 7]
		},
		{
			"name": "sunshield",
			"origin": [8, 8, 8],
			"color": 0,
			"children": [8, 9, 10, 11, 12, 13, 14]
		},
		{
			"name": "base2",
			"origin": [8, 8, 8],
			"color": 0,
			"children": [15, 16, 17, 18, 19, 20, 21, 22, 23, 24, 25, 26, 27, 28, 29, 30]
		},
		{
			"name": "matrix",
			"origin": [8, 8, 8],
			"color": 0,
			"children": [31, 32, 33, 34, 35, 36, 37, 38, 39, 40, 41, 42, 43, 44, 45, 46]
		},
		{
			"name": "matrix2",
			"origin": [8, 8, 8],
			"color": 0,
			"children": [47, 48, 49, 50, 51, 52, 53, 54]
		},
		55,
		56,
		57,
		58,
		59,
		60
	]
}