{"custom.send":{"category":"master","sounds":["custom/send"]}}

{"custom.reci":{"category":"master","sounds":["custom/reci"]}}

{"custom.bing":{"category":"master","sounds":["custom/bing"]}}

{"custom.taser":{"category":"master","sounds":["custom/taser"]}}

{"custom.send":{"category":"master","sounds":["custom/send"]}}

{"custom.balls":{"category":"master","sounds":["custom/balls"]}}

{"custom.bing":{"category":"master","sounds":["custom/bing"]}}

{"custom.reci":{"category":"master","sounds":["custom/reci"]}}

{"custom.taser":{"category":"master","sounds":["custom/taser"]}}
